neuron_id,category,is_control_neuron,n_unc,n_ctrl,H_unc,H_ctrl,raw_inter,raw_p,ancova_arm,ancova_p,ancova_H,ancova_H_p,slope_H_unc,matched_window,matched_n_unc,matched_n_ctrl,matched_inter,matched_p,strat_inter,strat_p,strat_bins,ancova_fdr,raw_fdr,strat_fdr
L23_N12149,ambiguity,True,120,120,2.0880373641227683,2.3424814114967982,-0.005792084460457165,0.08881722904348206,-0.0061670389762738965,0.07528339482167544,-0.001473622667483976,0.1289439089730396,0.0461629279811098,"[0.56,3.45]",90,87,-0.00815437872291068,0.06606377115357052,-0.0055099812261674526,0.1157684630738523,5,False,False,False
L23_N12149,contradictory_context,True,120,120,0.9196175378126402,1.2473513918851191,-0.0019782494520768504,0.5222553466716127,-0.0029379099564887153,0.34585413436231804,-0.0029281701981255597,0.24128458921018348,-0.1434474616292798,"[0.13,1.78]",96,78,-0.0038677754764182394,0.23837334164777665,-0.0032170319372569088,0.34530938123752497,5,False,False,False
L23_N12149,lack_of_knowledge,True,120,120,2.8453548630078633,1.2391928654474518,-0.006960392184555521,0.01804551889135585,-0.008152321895817159,0.03399944913989507,0.0007420980654952958,0.5763249244244557,-0.022966872699493015,"[2.04,2.49]",31,11,-0.010524949020654208,0.2111170069011636,-0.0076133734578892,0.09780439121756487,4,False,False,False
L23_N12156,ambiguity,False,120,120,2.0880373641227683,2.3424814114967982,-0.002313670081396902,0.4488742986745854,-0.002364824647115837,0.4452213006103186,-0.00020104445848457192,0.829802118218413,0.13294673241197305,"[0.56,3.45]",90,87,-0.0039033247136521635,0.3229578791121511,-0.002001131678188055,0.5508982035928144,5,False,False,False
L23_N12156,contradictory_context,False,120,120,0.9196175378126402,1.2473513918851191,-2.4907810923960642e-05,0.9922995708818587,0.00020853191203090726,0.9344724113045897,0.0007122844346231161,0.5221438169932644,0.012573811677586278,"[0.13,1.78]",96,78,0.002448520903738249,0.4544808684804952,0.0010410916031728871,0.7045908183632734,5,False,False,False
L23_N12156,lack_of_knowledge,False,120,120,2.8453548630078633,1.2391928654474518,-0.000705558775613694,0.7947638590624747,0.0022645776847556014,0.5747330875744012,-0.0018492135070314307,0.2267700404079962,-0.15748315855267725,"[2.04,2.49]",31,11,0.007202648347423931,0.531188663530255,0.0024498485105624787,0.5149700598802395,4,False,False,False
L24_N2286,ambiguity,True,120,120,2.0880373641227683,2.3424814114967982,-0.0006162573583424059,0.832796680706706,-0.0009517759209797488,0.745848090072798,-0.0013186339633410077,0.1383021386757864,-0.04509340926453225,"[0.56,3.45]",90,87,-0.0015444853296681803,0.6784832785842944,-8.431474440617134e-05,0.9860279441117764,5,False,False,False
L24_N2286,contradictory_context,True,120,120,0.9196175378126402,1.2473513918851191,0.0022398639703169435,0.3499521154230051,0.0016081357988407528,0.5086136514952013,-0.0019275645882359165,0.2040828804237177,-0.06981734842697408,"[0.13,1.78]",96,78,0.0030856960190412354,0.29248092394200154,0.002155644942641726,0.4590818363273453,5,False,False,False
L24_N2286,lack_of_knowledge,True,120,120,2.8453548630078633,1.2391928654474518,0.0011051675149550046,0.6967896941978773,0.004077441627537003,0.2922189049594319,-0.001850544414010894,0.16684548587837433,0.07297729008958954,"[2.04,2.49]",31,11,0.021966258102148483,0.03176781738779089,0.0033292279863135076,0.41317365269461076,4,False,False,False
L24_N7891,ambiguity,False,120,120,2.0880373641227683,2.3424814114967982,-0.0017738560835520415,0.613348134414837,-0.0017938420619420224,0.6129879145751969,-7.854763589970528e-05,0.9374227608669095,0.10013889853462045,"[0.56,3.45]",90,87,-0.00138120612422169,0.7625367302907343,-0.0013736776035439813,0.7105788423153693,5,False,False,False
L24_N7891,contradictory_context,False,120,120,0.9196175378126402,1.2473513918851191,0.0017664235473299939,0.5402685866050847,0.0010448383357914805,0.7075605094031776,-0.002201741451400175,0.21370758956307045,-0.05689283978054031,"[0.13,1.78]",96,78,0.003535527043426636,0.30965076169836303,-0.00015736970003397114,0.9540918163672655,5,False,False,False
L24_N7891,lack_of_knowledge,False,120,120,2.8453548630078633,1.2391928654474518,-0.008291570438692957,0.010947527244250495,-0.009294032463034792,0.03538596185175811,0.0006241350659923913,0.6901042665856651,0.0027675581074389018,"[2.04,2.49]",31,11,-0.004740736002097056,0.5844978447715606,-0.008661134503686722,0.10379241516966067,4,False,False,False
L26_N11322,ambiguity,False,120,120,2.0880373641227683,2.3424814114967982,0.0018452128084997272,0.5283930473156362,0.0018630908632182141,0.528243402139277,7.026320679535814e-05,0.9295419823597475,0.0590040975067713,"[0.56,3.45]",90,87,0.002159690308844901,0.5605723191306784,0.0023865525130238184,0.4550898203592814,5,False,False,False
L26_N11322,contradictory_context,False,120,120,0.9196175378126402,1.2473513918851191,0.0006477097165770859,0.7874762957176058,-0.000205154206274366,0.9334409805568546,-0.002602306451572242,0.04103580308223979,0.02243905826793527,"[0.13,1.78]",96,78,0.0015965547376813824,0.5835079960194994,-0.0004252153607552593,0.8682634730538922,5,False,False,False
L26_N11322,lack_of_knowledge,False,120,120,2.8453548630078633,1.2391928654474518,-0.002792451577261086,0.33809873219637576,0.00300250362306872,0.4770373289874612,-0.00360795188102553,0.019666143299925484,-0.12201541773734284,"[2.04,2.49]",31,11,0.005703308015974396,0.5119578061219422,0.00130301539002037,0.780439121756487,4,False,False,False
L26_N2788,ambiguity,False,120,120,2.0880373641227683,2.3424814114967982,-0.0006881347546974803,0.8318141157657645,-0.0005546926717474239,0.8661872783764284,0.0005244456859071235,0.6246678104381833,0.0231127161608445,"[0.56,3.45]",90,87,-0.0006520220374695649,0.8759719664374203,-0.0005477128258433255,0.846307385229541,5,False,False,False
L26_N2788,contradictory_context,False,120,120,0.9196175378126402,1.2473513918851191,-0.0034786484359453124,0.21784370224874827,-0.00450699211548093,0.12999600552864293,-0.003137740171658317,0.0628178896563397,-0.18742273769011733,"[0.13,1.78]",96,78,-0.0029161037542881096,0.41590724315825156,-0.0059316376100624745,0.03592814371257485,5,False,False,False
L26_N2788,lack_of_knowledge,False,120,120,2.8453548630078633,1.2391928654474518,-0.001524250023066989,0.5536171470079758,-0.0004453322741644198,0.9087854704282501,-0.0006717365686284026,0.648934836253481,0.08986735189943745,"[2.04,2.49]",31,11,0.004595125175990663,0.43630652013371907,-0.001931421160884343,0.6207584830339321,4,False,False,False
L26_N4012,ambiguity,True,120,120,2.0880373641227683,2.3424814114967982,-5.438153942425618e-05,0.9865506350929525,-0.0003723999509517256,0.909965135325128,-0.0012498559695522586,0.20361115136550445,0.015327453295367732,"[0.56,3.45]",90,87,-0.0003237851734819112,0.9384682222727038,0.0003156251950522899,0.9101796407185628,5,False,False,False
L26_N4012,contradictory_context,True,120,120,0.9196175378126402,1.2473513918851191,-0.0012681648562041306,0.589214181208912,-0.002326506259015154,0.32556277367437614,-0.003229270914981412,0.04701722992877971,-0.10476421973748176,"[0.13,1.78]",96,78,-0.0013837024617271419,0.6083061485350664,-0.002180049539789095,0.3932135728542914,5,False,False,False
L26_N4012,lack_of_knowledge,True,120,120,2.8453548630078633,1.2391928654474518,-0.001969376020133495,0.40904869723899984,0.00056009070496282,0.859572891556607,-0.0015748515585216854,0.18895536485304354,-0.04287797763733592,"[2.04,2.49]",31,11,0.003307304074687303,0.6559251855731117,-0.0007546170434484174,0.8423153692614771,4,False,False,False
L29_N10092,ambiguity,False,120,120,2.0880373641227683,2.3424814114967982,-0.004215745006998374,0.1301374967040044,-0.004449327326176882,0.11548016780889962,-0.0009180105472664233,0.2850868440011123,0.0824501701507049,"[0.56,3.45]",90,87,-0.004444134920492931,0.22132664888824463,-0.004875324348551797,0.08383233532934131,5,False,False,False
L29_N10092,contradictory_context,False,120,120,0.9196175378126402,1.2473513918851191,-0.0008554361838226365,0.659499618077035,-0.0010067314483634556,0.6000985928812184,-0.0004616406351092315,0.6822989480479256,0.16075421904298906,"[0.13,1.78]",96,78,-0.0007707324738685771,0.7476404734934841,-0.0015648347046246778,0.4431137724550898,5,False,False,False
L29_N10092,lack_of_knowledge,False,120,120,2.8453548630078633,1.2391928654474518,0.00014908240797619182,0.9463648724648879,0.002211570954650524,0.4684344669026499,-0.0012841099153180274,0.24484407595185176,-0.0754982984929509,"[2.04,2.49]",31,11,0.007486934186426428,0.24078852789875343,0.0009263160816709328,0.7784431137724551,4,False,False,False
L29_N10191,ambiguity,False,120,120,2.0880373641227683,2.3424814114967982,-0.0006939953503509264,0.8248277209710951,-0.001041382248471739,0.7399425022254414,-0.001365278149384887,0.19946742891045,-0.0025696228904785053,"[0.56,3.45]",90,87,-0.0005199866504961364,0.8950581206313633,0.0006179617834359979,0.8662674650698603,5,False,False,False
L29_N10191,contradictory_context,False,120,120,0.9196175378126402,1.2473513918851191,-0.0033069616106028155,0.19874825364825024,-0.0035499913038393224,0.18067136691169627,-0.0007415458922432846,0.6011387239961548,0.1062851586915758,"[0.13,1.78]",96,78,-0.002148505604754252,0.5179901863655306,-0.003929938205484418,0.14171656686626746,5,False,False,False
L29_N10191,lack_of_knowledge,False,120,120,2.8453548630078633,1.2391928654474518,-0.0017484377759198321,0.5822555371934062,0.0011179869415158254,0.802484105742543,-0.0017846423472784516,0.23263840798681157,-0.027592193902354328,"[2.04,2.49]",31,11,0.014523233486410441,0.10793658828804319,-0.0007709798462939709,0.8562874251497006,4,False,False,False
L29_N11308,ambiguity,False,120,120,2.0880373641227683,2.3424814114967982,0.0016413742365936402,0.5340864225717143,0.001713834521463261,0.5291771200339873,0.0002847788565597905,0.7035491602671744,0.0020695881658448502,"[0.56,3.45]",90,87,0.0019727964282492553,0.5741061935952219,0.0025292341467406053,0.3273453093812375,5,False,False,False
L29_N11308,contradictory_context,False,120,120,0.9196175378126402,1.2473513918851191,-0.0008349057636223683,0.7192055800003174,-0.0009777718751755459,0.6869131979042651,-0.0004359211286167001,0.7818937030782116,0.1297659559691645,"[0.13,1.78]",96,78,-0.0029421082626168438,0.2540936544478738,-0.0007369804855836944,0.7764471057884231,5,False,False,False
L29_N11308,lack_of_knowledge,False,120,120,2.8453548630078633,1.2391928654474518,-0.004656185240795202,0.06910006087107273,-0.003474205804142369,0.2704145565053099,-0.0007359030025913518,0.4952865672783766,0.020431974442669625,"[2.04,2.49]",31,11,0.0022955835739538652,0.5976782051613087,-0.0026338047115358866,0.5209580838323353,4,False,False,False
L29_N8568,ambiguity,False,120,120,2.0880373641227683,2.3424814114967982,0.003140125547846151,0.291760822888625,0.0029962045350028555,0.31658697201440944,-0.0005656293174417547,0.5200875496148902,-0.0018855508812287624,"[0.56,3.45]",90,87,0.0031547423295134377,0.40883394301327813,0.0044472107114935586,0.11377245508982035,5,False,False,False
L29_N8568,contradictory_context,False,120,120,0.9196175378126402,1.2473513918851191,-0.0003599422983825149,0.8445509978153607,-0.0002994726679998506,0.8764484205128835,0.00018450834306941636,0.8376318342461447,0.02471699423571081,"[0.13,1.78]",96,78,-0.0007295942841431913,0.7500895132787548,0.00014112240149918306,0.9161676646706587,5,False,False,False
L29_N8568,lack_of_knowledge,False,120,120,2.8453548630078633,1.2391928654474518,-0.0003975488555927967,0.8832360209152703,0.0014153174363812702,0.7298191990034318,-0.0011286945493216866,0.41117013780715495,-0.07245642058476282,"[2.04,2.49]",31,11,0.004612365426206197,0.42746481518606205,0.0012679076363146925,0.7624750499001997,4,False,False,False
L29_N9228,ambiguity,False,120,120,2.0880373641227683,2.3424814114967982,-0.002499510782460369,0.41969048070227144,-0.0022498229364511344,0.47230558577402015,0.0009813074763828137,0.26226416943912745,0.11473713452323075,"[0.56,3.45]",90,87,-0.0031412621339162172,0.4265440725896824,-0.0018136056928830587,0.5668662674650699,5,False,False,False
L29_N9228,contradictory_context,False,120,120,0.9196175378126402,1.2473513918851191,0.003462960586572695,0.3193391196126284,0.0023579836552921835,0.4802822176383923,-0.003371567866883037,0.12512450275663617,0.14444058615181607,"[0.13,1.78]",96,78,0.0017538721052309005,0.6641623110437711,0.0015041565398478639,0.7025948103792415,5,False,False,False
L29_N9228,lack_of_knowledge,False,120,120,2.8453548630078633,1.2391928654474518,0.0002562719707687698,0.9374261953358809,0.004250470323464449,0.3948789500385316,-0.0024867966984416542,0.15812505558572065,-0.03478713799569414,"[2.04,2.49]",31,11,0.012631042961500954,0.19878097946878862,0.0012141955718030562,0.8223552894211577,4,False,False,False
L30_N13513,ambiguity,False,120,120,2.0880373641227683,2.3424814114967982,-0.0003724523509542057,0.8944758922196299,-0.000372122938714081,0.8970189520831728,1.294635278461121e-06,0.9986440206829823,0.007618584623932215,"[0.56,3.45]",90,87,-0.0016079724520102225,0.660072077836614,-0.0006221147109859288,0.8383233532934131,5,False,False,False
L30_N13513,contradictory_context,False,120,120,0.9196175378126402,1.2473513918851191,0.0025309405289590295,0.1886443096605426,0.0023258648416454313,0.21095141232949355,-0.0006257384910508457,0.34188666447014915,-0.09452045280922285,"[0.13,1.78]",96,78,0.0033833690596601056,0.2205662340746278,0.0015194029281905557,0.4870259481037924,5,False,False,False
L30_N13513,lack_of_knowledge,False,120,120,2.8453548630078633,1.2391928654474518,-0.000763953089093169,0.7482112871408723,-0.0013840340019659599,0.7272068019418894,0.0003860637431433641,0.7913593268988055,-0.023619695812209178,"[2.04,2.49]",31,11,-0.003700303891537117,0.650992277905981,-0.0026183010004391938,0.4590818363273453,4,False,False,False
L30_N3533,ambiguity,False,120,120,2.0880373641227683,2.3424814114967982,-0.00018432941287755875,0.9404563310725713,-0.00037868059747205203,0.8779856601421177,-0.000763826808291571,0.3445376291530512,0.036481700118063745,"[0.56,3.45]",90,87,-0.0007520029599639079,0.8103130920481719,-0.0002496128704282622,0.9301397205588823,5,False,False,False
L30_N3533,contradictory_context,False,120,120,0.9196175378126402,1.2473513918851191,0.0005793469880397077,0.7815270535550628,0.0003792827993589021,0.8618616912119825,-0.0006104471240757335,0.588533239917225,-0.030606292103618305,"[0.13,1.78]",96,78,0.00010025352000807763,0.9704540242959308,-8.486759335009971e-06,0.998003992015968,5,False,False,False
L30_N3533,lack_of_knowledge,False,120,120,2.8453548630078633,1.2391928654474518,0.002780680886159353,0.2663226314466816,0.005206564148872863,0.1942794651820956,-0.0015103602665224132,0.3086793259604729,-0.12418917980415306,"[2.04,2.49]",31,11,0.010982953208632506,0.16687630513429466,0.0034858161672842486,0.4231536926147705,4,False,False,False
L30_N5509,ambiguity,False,120,120,2.0880373641227683,2.3424814114967982,-0.0038826011121273008,0.1405410872129099,-0.004071187440651676,0.1226657532486425,-0.0007411701333580802,0.35890114712893995,-0.10090978540176401,"[0.56,3.45]",90,87,-0.005978105625430283,0.07221572804213748,-0.003857987398156301,0.1497005988023952,5,False,False,False
L30_N5509,contradictory_context,False,120,120,0.9196175378126402,1.2473513918851191,-0.00033813763099411597,0.8716042341105336,-0.0010591248932832961,0.6086258571318846,-0.0021999169549622726,0.10264511906214525,0.03418987429682616,"[0.13,1.78]",96,78,-0.0006636925614797083,0.7739951436505486,-0.001512521132923974,0.47904191616766467,5,False,False,False
L30_N5509,lack_of_knowledge,False,120,120,2.8453548630078633,1.2391928654474518,-0.0004146459046751234,0.8616787619143458,0.001412139503381035,0.6571964553141698,-0.0011373606216750554,0.32014631655299075,0.06599069379818041,"[2.04,2.49]",31,11,0.007914450860792602,0.20652101211967355,-0.002208715738584825,0.5708582834331337,4,False,False,False
L30_N6621,ambiguity,False,120,120,2.0880373641227683,2.3424814114967982,0.0013930496449271754,0.5300940809445565,0.001233849898751398,0.5822791790094364,-0.0006256768347256882,0.3523402629557113,0.040822279324953116,"[0.56,3.45]",90,87,-0.0005076351522029195,0.8599371398153097,0.0014367826868628142,0.530938123752495,5,False,False,False
L30_N6621,contradictory_context,False,120,120,0.9196175378126402,1.2473513918851191,0.0008152959519066025,0.6759652093994055,0.0007507005253172816,0.6953800696618835,-0.00019709720490160277,0.8684944454784627,0.18797138690186815,"[0.13,1.78]",96,78,0.0007798424563728986,0.7367354065397024,0.0007495268167361884,0.7265469061876247,5,False,False,False
L30_N6621,lack_of_knowledge,False,120,120,2.8453548630078633,1.2391928654474518,-0.0003488164860755054,0.8861195278357576,0.00035852590962472515,0.9214531435872723,-0.00044039293469438846,0.7147137305380991,0.07634557955413569,"[2.04,2.49]",31,11,0.007878031548866427,0.34400014249111743,-0.0014940877653285413,0.6866267465069861,4,False,False,False
L30_N7102,ambiguity,False,120,120,2.0880373641227683,2.3424814114967982,-0.0026646997158725934,0.30977122153544273,-0.0027582261962742823,0.2865373329648797,-0.00036757189396617097,0.6311710042464247,-0.1900131953607889,"[0.56,3.45]",90,87,-0.002163902301897935,0.5223004023155609,-0.0018732070201841328,0.45708582834331335,5,False,False,False
L30_N7102,contradictory_context,False,120,120,0.9196175378126402,1.2473513918851191,-0.0007328276522457512,0.6024478639314956,-0.0012130688288952475,0.390423727401474,-0.0014653389348763795,0.1171764654180634,-0.013334259323564135,"[0.13,1.78]",96,78,-0.0011959555260359362,0.5046084457770327,-0.0017783289476534334,0.21756487025948104,5,False,False,False
L30_N7102,lack_of_knowledge,False,120,120,2.8453548630078633,1.2391928654474518,-0.00031170674289265345,0.8845312354824849,0.0008020930169079059,0.8095777088810522,-0.00069345418550078,0.5184655730099411,-0.049888967791185325,"[2.04,2.49]",31,11,0.0006311219458706185,0.9373927636064575,0.0020554169530109644,0.5089820359281437,4,False,False,False
L31_N1679,ambiguity,True,120,120,2.0880373641227683,2.3424814114967982,-0.00020268994073073619,0.9348511033600846,-0.0008121463971417448,0.743609225058765,-0.0023952474530289196,0.011753696053255751,-0.1829988193624557,"[0.56,3.45]",90,87,-0.002694698060609369,0.3881515219515036,-0.00043617630546196945,0.8802395209580839,5,False,False,False
L31_N1679,contradictory_context,True,120,120,0.9196175378126402,1.2473513918851191,-0.0010786016161243128,0.44170037026668596,-0.0007577428990946209,0.6370060974927964,0.0009790221945113302,0.40446787426985475,-0.006618515174664907,"[0.13,1.78]",96,78,-0.0007938881500218222,0.6000217176555628,-0.0009799669124496177,0.4471057884231537,5,False,False,False
L31_N1679,lack_of_knowledge,True,120,120,2.8453548630078633,1.2391928654474518,-0.002850146188090241,0.05893659759234834,0.0010032420617795837,0.5901806011669171,-0.0023991280180471874,0.001218958193243314,-0.28317244253073126,"[2.04,2.49]",31,11,0.0015917257829145856,0.7337872271054822,-0.0016007036553597558,0.5169660678642715,4,False,False,False
L31_N1824,ambiguity,True,120,120,2.0880373641227683,2.3424814114967982,-0.00473291259258984,0.03435193080595783,-0.004744699285483562,0.0348209023784355,-4.63233194699178e-05,0.9490119475650921,-0.036544204458642954,"[0.56,3.45]",90,87,-0.004164432246109519,0.12526245166781277,-0.0049082417422223155,0.021956087824351298,5,False,False,False
L31_N1824,contradictory_context,True,120,120,0.9196175378126402,1.2473513918851191,-0.0009086299144352439,0.1084811988404981,-0.0008752938683089094,0.1055354640650939,0.00010171682208625474,0.5819874411800303,-0.07952635599694423,"[0.13,1.78]",96,78,-0.0008202899271287935,0.24154739652906732,-0.0007702475578307765,0.20758483033932135,5,False,False,False
L31_N1824,lack_of_knowledge,True,120,120,2.8453548630078633,1.2391928654474518,0.0017657672365506481,0.15963105634107524,0.002645566940843261,0.07764533193720012,-0.0005477652351561895,0.17625061190773794,0.057920688936731704,"[2.04,2.49]",31,11,0.0013646002738706424,0.4730383130723551,0.0014536152766315132,0.5109780439121756,4,False,False,False
L31_N2477,ambiguity,False,120,120,2.0880373641227683,2.3424814114967982,0.0012536203488707504,0.7350423308222719,0.0009284008434317557,0.8059202104077403,-0.001278157256164514,0.28764905571883026,0.08239461073685672,"[0.56,3.45]",90,87,0.0011342314239662747,0.809101982206226,0.0026828201372540786,0.43313373253493015,5,False,False,False
L31_N2477,contradictory_context,False,120,120,0.9196175378126402,1.2473513918851191,0.0038293612577641996,0.3218549529033669,0.005093885984890091,0.19318879580439108,0.003858389090454628,0.14489632429216612,0.09138134592680047,"[0.13,1.78]",96,78,0.004894706981781967,0.25934802597211026,0.005285677980437862,0.2155688622754491,5,False,False,False
L31_N2477,lack_of_knowledge,False,120,120,2.8453548630078633,1.2391928654474518,0.004178976174443955,0.21700982579628794,0.0010791331195734116,0.821581844807453,0.001929969118668517,0.2994312129084612,0.09361066740745884,"[2.04,2.49]",31,11,-0.0036059125078038955,0.7292297796457932,0.0041354221574686646,0.44510978043912175,4,False,False,False
