rand,layer,norm,cos_real,max_abs_proj_err,span_frac_real
0,11,1.0,0.012459981255233288,1.30385160446167e-08,0.000865537382196635
0,12,1.0,-0.009025076404213905,9.313225746154785e-09,0.0017479246016591787
0,13,1.0,-0.005577330477535725,2.60770320892334e-08,0.0032908765133470297
0,14,1.0,-0.01110798679292202,2.2351741790771484e-08,0.002810368314385414
0,15,1.0,0.024405917152762413,1.6763806343078613e-08,0.0024019363336265087
0,16,1.0,0.016276830807328224,1.909211277961731e-08,0.0017825771356001496
0,17,1.0,-0.003118335036560893,1.30385160446167e-08,0.0026782569475471973
0,18,1.0,0.007400008384138346,1.30385160446167e-08,0.0020649658981710672
0,19,1.0,-0.010005812160670757,7.450580596923828e-09,0.00228034402243793
0,20,1.0,-0.013866512104868889,9.313225746154785e-09,0.002720230957493186
0,21,1.0,0.00674872100353241,2.0489096641540527e-08,0.005908937659114599
1,11,1.0,0.009771744720637798,1.0244548320770264e-08,0.000865537382196635
1,12,0.9999999403953552,-0.018210258334875107,1.30385160446167e-08,0.0017479246016591787
1,13,1.0,0.004632480442523956,2.421438694000244e-08,0.0032908765133470297
1,14,1.0,-0.002286626026034355,1.1175870895385742e-08,0.002810368314385414
1,15,1.0,0.0013502747751772404,1.862645149230957e-08,0.0024019363336265087
1,16,0.9999999403953552,-0.017213471233844757,2.421438694000244e-08,0.0017825771356001496
1,17,1.0,0.026762915775179863,1.4901161193847656e-08,0.0026782569475471973
1,18,1.0,-0.007429382763803005,7.450580596923828e-09,0.0020649658981710672
1,19,1.0,-0.011397256515920162,1.30385160446167e-08,0.00228034402243793
1,20,1.0,0.004439441952854395,1.1408701539039612e-08,0.002720230957493186
1,21,1.0,-0.0265756007283926,1.4901161193847656e-08,0.005908937659114599
2,11,1.0,-0.008802957832813263,1.4901161193847656e-08,0.000865537382196635
2,12,1.0,0.0079272435978055,1.885928213596344e-08,0.0017479246016591787
2,13,1.0,0.001360766589641571,2.60770320892334e-08,0.0032908765133470297
2,14,1.0,-0.01181836612522602,1.862645149230957e-08,0.002810368314385414
2,15,1.0,-0.0004780213348567486,7.450580596923828e-09,0.0024019363336265087
2,16,1.0,-0.006581475026905537,1.979060471057892e-08,0.0017825771356001496
2,17,1.0,-0.0009698257781565189,5.587935447692871e-09,0.0026782569475471973
2,18,1.0,-0.006286337971687317,1.3969838619232178e-08,0.0020649658981710672
2,19,1.0,0.022662118077278137,2.421438694000244e-08,0.00228034402243793
2,20,1.0,-0.012318147346377373,2.0489096641540527e-08,0.002720230957493186
2,21,1.0,0.0029978365637362003,2.60770320892334e-08,0.005908937659114599
3,11,0.9999998807907104,-6.670551374554634e-05,2.421438694000244e-08,0.000865537382196635
3,12,1.0,0.00451651681214571,1.1175870895385742e-08,0.0017479246016591787
3,13,1.0,-0.007924101315438747,2.0489096641540527e-08,0.0032908765133470297
3,14,1.0,0.00534469448029995,8.381903171539307e-09,0.002810368314385414
3,15,1.0,0.023431185632944107,1.862645149230957e-08,0.0024019363336265087
3,16,1.0,0.023417532444000244,1.862645149230957e-08,0.0017825771356001496
3,17,1.0,0.0015520080924034119,2.3050233721733093e-08,0.0026782569475471973
3,18,1.0000001192092896,-0.0015917830169200897,2.60770320892334e-08,0.0020649658981710672
3,19,1.0,-0.0023012873716652393,2.0489096641540527e-08,0.00228034402243793
3,20,1.0,0.004096264950931072,5.9371814131736755e-09,0.002720230957493186
3,21,1.0,0.020643657073378563,1.862645149230957e-08,0.005908937659114599
4,11,1.0,-0.00440506637096405,1.1175870895385742e-08,0.000865537382196635
4,12,1.0,0.027669314295053482,1.6763806343078613e-08,0.0017479246016591787
4,13,1.0,-0.008773655630648136,3.166496753692627e-08,0.0032908765133470297
4,14,1.0,-0.009906209073960781,1.3969838619232178e-08,0.002810368314385414
4,15,1.0,-0.010080450214445591,1.1175870895385742e-08,0.0024019363336265087
4,16,1.0,-0.027791377156972885,1.6763806343078613e-08,0.0017825771356001496
4,17,1.0,-0.003659188747406006,1.4901161193847656e-08,0.0026782569475471973
4,18,1.0,0.005047676619142294,1.4901161193847656e-08,0.0020649658981710672
4,19,0.9999999403953552,-0.0099866334348917,3.3527612686157227e-08,0.00228034402243793
4,20,1.0,-0.024291230365633965,7.450580596923828e-09,0.002720230957493186
4,21,1.0,0.018211575224995613,1.1175870895385742e-08,0.005908937659114599
5,11,1.0,0.0012676892802119255,1.30385160446167e-08,0.000865537382196635
5,12,1.0,-0.0011679204180836678,2.2351741790771484e-08,0.0017479246016591787
5,13,1.0,0.009090594947338104,2.9802322387695312e-08,0.0032908765133470297
5,14,1.0,0.010685577988624573,1.6763806343078613e-08,0.002810368314385414
5,15,1.0,0.01870393194258213,1.1175870895385742e-08,0.0024019363336265087
5,16,0.9999999403953552,0.0019735340029001236,1.4901161193847656e-08,0.0017825771356001496
5,17,1.0,-0.013177672401070595,4.6566128730773926e-09,0.0026782569475471973
5,18,1.0,0.03300156444311142,1.862645149230957e-08,0.0020649658981710672
5,19,1.0,0.001536073163151741,7.450580596923828e-09,0.00228034402243793
5,20,1.0,-0.01084674708545208,1.2223608791828156e-08,0.002720230957493186
5,21,1.0,0.008946406655013561,1.4901161193847656e-08,0.005908937659114599
6,11,1.0,0.019919725134968758,1.5832483768463135e-08,0.000865537382196635
6,12,1.0,0.0017256850842386484,1.1874362826347351e-08,0.0017479246016591787
6,13,1.0,0.006018279120326042,2.0489096641540527e-08,0.0032908765133470297
6,14,1.0,0.016177188605070114,1.1175870895385742e-08,0.002810368314385414
6,15,1.0,0.0010482990182936192,8.381903171539307e-09,0.0024019363336265087
6,16,1.0,0.016938237473368645,1.4901161193847656e-08,0.0017825771356001496
6,17,1.0,-0.0015218611806631088,1.7695128917694092e-08,0.0026782569475471973
6,18,1.0,0.009176066145300865,2.514570951461792e-08,0.0020649658981710672
6,19,1.0,-0.004866948351264,1.6763806343078613e-08,0.00228034402243793
6,20,0.9999998807907104,0.029298096895217896,9.080395102500916e-09,0.002720230957493186
6,21,1.0,0.014303892850875854,1.862645149230957e-08,0.005908937659114599
7,11,1.0,-0.002555089071393013,1.30385160446167e-08,0.000865537382196635
7,12,1.0,-0.009755710139870644,1.1175870895385742e-08,0.0017479246016591787
7,13,1.0,-0.009044349193572998,1.955777406692505e-08,0.0032908765133470297
7,14,1.0,0.0010873526334762573,1.4901161193847656e-08,0.002810368314385414
7,15,1.0,0.0041213203221559525,1.0244548320770264e-08,0.0024019363336265087
7,16,1.0,-0.019535358995199203,2.421438694000244e-08,0.0017825771356001496
7,17,1.0,0.005900174379348755,9.313225746154785e-09,0.0026782569475471973
7,18,0.9999999403953552,-0.007992979139089584,1.30385160446167e-08,0.0020649658981710672
7,19,0.9999999403953552,-0.02684587426483631,1.862645149230957e-08,0.00228034402243793
7,20,1.0000001192092896,0.0003318004310131073,5.587935447692871e-09,0.002720230957493186
7,21,1.0,-0.005677657201886177,1.0244548320770264e-08,0.005908937659114599
8,11,1.0,0.004829759709537029,1.6763806343078613e-08,0.000865537382196635
8,12,1.0,-0.01848442479968071,1.1175870895385742e-08,0.0017479246016591787
8,13,1.0,-0.01677856221795082,2.2351741790771484e-08,0.0032908765133470297
8,14,0.9999999403953552,-0.010183720849454403,2.60770320892334e-08,0.002810368314385414
8,15,1.0,-0.02644733525812626,1.6763806343078613e-08,0.0024019363336265087
8,16,0.9999999403953552,-0.0026524262502789497,1.1175870895385742e-08,0.0017825771356001496
8,17,1.0,-0.004557856824249029,9.313225746154785e-09,0.0026782569475471973
8,18,1.0,-0.02270178124308586,2.1420419216156006e-08,0.0020649658981710672
8,19,1.0,-0.005205716472119093,5.587935447692871e-09,0.00228034402243793
8,20,1.0,-0.009593429043889046,1.4901161193847656e-08,0.002720230957493186
8,21,1.0,0.021239371970295906,1.3969838619232178e-08,0.005908937659114599
9,11,1.0000001192092896,0.021502269431948662,1.955777406692505e-08,0.000865537382196635
9,12,1.0,0.011262889951467514,2.3865140974521637e-08,0.0017479246016591787
9,13,1.0,0.004137739073485136,2.2351741790771484e-08,0.0032908765133470297
9,14,1.0,0.014073988422751427,6.05359673500061e-09,0.002810368314385414
9,15,1.0,-0.014968293718993664,8.381903171539307e-09,0.0024019363336265087
9,16,1.0,0.010022218339145184,2.60770320892334e-08,0.0017825771356001496
9,17,1.0,-0.012371924705803394,5.587935447692871e-09,0.0026782569475471973
9,18,1.0,-0.00903407298028469,1.4901161193847656e-08,0.0020649658981710672
9,19,0.9999999403953552,0.004526651464402676,1.862645149230957e-08,0.00228034402243793
9,20,1.0,0.011690294370055199,1.0244548320770264e-08,0.002720230957493186
9,21,1.0,-0.02851727418601513,2.60770320892334e-08,0.005908937659114599
