neuron_id,group,weight_norm,null_space_fraction,logit_var
L30_N5509,candidate,1.1490689516067505,0.5839384821024224,0.0002451460459269583
L29_N9228,candidate,1.6135237216949463,0.4629585943581878,0.0005096719833090901
L26_N11322,candidate,1.4911776781082153,0.4087559222535554,0.00042006050352938473
L29_N10092,candidate,1.60419499874115,0.42560052365775103,0.0006755555514246225
L30_N7102,candidate,1.8871647119522095,0.4980828687818738,0.0006535467691719532
L24_N7891,candidate,1.6821542978286743,0.4063273845648015,0.0005280205514281988
L30_N13513,candidate,1.2310959100723267,0.5372319415675331,0.0002768957056105137
L30_N6621,candidate,1.4564810991287231,0.49295694353289826,0.00039108938653953373
L30_N3533,candidate,1.3940963745117188,0.48754122437357206,0.0004131511668674648
L29_N11308,candidate,1.9599106311798096,0.44891843654652824,0.0006522225448861718
L29_N10191,candidate,1.582502841949463,0.41678332706468435,0.000465557532152161
L31_N2477,candidate,0.897652268409729,0.6378725354874546,0.0002801292866934091
L29_N8568,candidate,1.5784375667572021,0.3747526790627306,0.0004450820561032742
L26_N2788,candidate,1.590774655342102,0.4149178099741533,0.0004606037400662899
L23_N12156,candidate,1.3296191692352295,0.38119525670064985,0.00031886875513009727
L31_N1824,random,1.9105117321014404,0.4871721171646552,0.0006263876566663384
L23_N12149,random,1.8439034223556519,0.29678997951749353,0.0006358744576573372
L26_N4012,random,1.8450775146484375,0.2949384311342063,0.0006487749051302671
L24_N2286,random,1.8221606016159058,0.3102196731336326,0.0006290390156209469
L31_N1679,random,1.5846493244171143,0.45490048069039646,0.0005836898926645517
L31_N12135,random,1.8404505252838135,0.4874614753273915,0.0005804863758385181
L30_N1424,random,1.9943135976791382,0.2936174479507443,0.0007393636624328792
L30_N6912,random,2.077962875366211,0.27845920214438347,0.0008305832161568105
L23_N488,random,1.8565187454223633,0.2986620698138456,0.0006637479527853429
L23_N3582,random,1.8485302925109863,0.30433242729382437,0.0006378473481163383
L24_N8279,random,1.8282203674316406,0.2829511684077282,0.0006272720638662577
L30_N434,random,1.178665041923523,0.40805057241855003,0.00027031346689909697
L30_N3257,random,2.0347235202789307,0.2823403383099764,0.0007650210754945874
L31_N10647,random,1.816495418548584,0.3589033911895634,0.0005886901053600013
L31_N8928,random,1.1890723705291748,0.2162597589591094,0.00029552599880844355
L29_N3611,random,1.945613145828247,0.27176375862169283,0.0007157367072068155
L29_N9654,random,1.2252899408340454,0.24330321503817176,0.00027826291625387967
L26_N13261,random,1.787657618522644,0.28598261036590594,0.0006023751338943839
L23_N12432,random,1.8373090028762817,0.27914970121689375,0.0006440335419028997
L24_N11438,random,1.5449286699295044,0.4764588591754084,0.000378745433408767
L29_N5574,random,1.895774245262146,0.29250347120527276,0.0006782544078305364
L26_N2547,random,1.840896487236023,0.3012598170903725,0.0006320239626802504
L24_N12509,random,1.580814242362976,0.28438261144881816,0.000515991763677448
L26_N1674,random,1.7735551595687866,0.4194536250392711,0.0005460181855596602
L23_N6224,random,1.8304027318954468,0.28644385163960484,0.0006639428902417421
L23_N5881,random,1.8218653202056885,0.3000602175572205,0.0006249139551073313
L26_N9891,random,1.842078447341919,0.29617674812146905,0.0006406347965821624
L26_N13223,random,1.8555521965026855,0.39055520218896783,0.0005973525694571435
L23_N11955,random,1.8281170129776,0.30885270553146665,0.0006208745762705803
L29_N8785,random,1.9978671073913574,0.27910376932660713,0.000755279790610075
L23_N6201,random,1.8416407108306885,0.28234998414525264,0.0006497249705716968
L23_N9044,random,1.838610053062439,0.29341430303656973,0.0006354852812364697
L26_N13588,random,1.860946536064148,0.29003668688051587,0.0006579526816494763
L31_N10133,random,1.4173786640167236,0.6538304487221207,0.000264424568740651
L26_N9459,random,1.8627175092697144,0.3013698923662417,0.0006516166613437235
L24_N11543,random,1.8141742944717407,0.29303513371048107,0.0006247356068342924
L23_N750,random,1.767822265625,0.3029574765593887,0.000591782561969012
L31_N3733,random,2.150007963180542,0.29920104010823345,0.0008758796029724181
L26_N1307,random,1.8593677282333374,0.3359582720314328,0.0006914400728419423
L24_N14196,random,1.8333048820495605,0.28765206896516365,0.0006347846938297153
L23_N6227,random,1.861452341079712,0.2796756758129648,0.0006614552112296224
L26_N7428,random,1.8650593757629395,0.3023599108372535,0.0006560370093211532
L31_N13666,random,2.1101481914520264,0.2896445021744297,0.0008095430093817413
L26_N2664,random,1.7487406730651855,0.3076943317592206,0.0005865859566256404
L26_N5820,random,1.758095145225525,0.27476613561075686,0.000581699947360903
L24_N10980,random,1.8298048973083496,0.30454846261892077,0.0006495779962278903
L26_N11498,random,1.891808032989502,0.3012028442081049,0.0006709360750392079
L31_N10617,random,1.9510287046432495,0.31658943022857633,0.0007367380894720554
L23_N9980,random,1.8385170698165894,0.2954005352633626,0.0006330892210826278
L31_N2803,random,2.1370925903320312,0.28694803524377277,0.0008446811698377132
L30_N11946,random,2.0319063663482666,0.29027875606393716,0.0007632493507117033
L24_N2677,random,1.8393081426620483,0.2986027498932717,0.0006310627213679254
L29_N6216,random,1.7535990476608276,0.4836009300718666,0.0005304879159666598
L26_N10485,random,1.726813554763794,0.24130610188252122,0.0005738802719861269
L31_N9125,random,1.2953062057495117,0.540072324024901,0.0004106397391296923
L24_N11216,random,1.8202760219573975,0.29411178379036707,0.0006266327109187841
L26_N13809,random,1.8439381122589111,0.2921154566337707,0.0006343235727399588
L23_N3752,random,1.73842191696167,0.3185883984801932,0.0005593179957941175
L23_N13189,random,1.8318814039230347,0.29507341573010326,0.0006293955957517028
L26_N6572,random,1.8578639030456543,0.2841172720197012,0.00064187339739874
L26_N1084,random,1.8710097074508667,0.30794189700190383,0.0006901238230057061
L24_N9292,random,1.8322731256484985,0.26471154837513033,0.0006312568439170718
L31_N5155,random,2.1338706016540527,0.2971765014382356,0.0008572260849177837
L24_N10738,random,1.765420913696289,0.2886297940931315,0.0005902668926864862
L29_N6482,random,1.676401972770691,0.418648928817106,0.00047548586735501885
L31_N7517,random,1.6693189144134521,0.6497989539476523,0.0004043110238853842
L24_N4339,random,1.8238974809646606,0.3092780432408003,0.0006246793200261891
L24_N4040,random,1.8423727750778198,0.2688220202283823,0.000644143030513078
L31_N9197,random,2.172518730163574,0.2887662249307503,0.0008837078930810094
L30_N4304,random,2.051394462585449,0.2815454816433134,0.0007851392147131264
L31_N9577,random,2.0947771072387695,0.3013040038407827,0.0008101238054223359
L29_N9560,random,1.9502679109573364,0.30318212070511547,0.0007191058830358088
L29_N5930,random,1.9720255136489868,0.27553193282177174,0.0007449889671988785
L24_N2266,random,1.7012990713119507,0.30206012934047605,0.0005141080473549664
L30_N8085,random,2.0258288383483887,0.284829589266413,0.0007662398857064545
L23_N12382,random,1.787758708000183,0.3983126541313675,0.000560750428121537
L23_N14108,random,1.7983604669570923,0.2979851967331291,0.000639806967228651
L23_N2504,random,1.8460832834243774,0.3100143425513564,0.0006434304523281753
L31_N2621,random,2.157853364944458,0.2797240774692806,0.0008634475525468588
L31_N6916,random,2.149548053741455,0.2952262003101838,0.00087369215907529
L30_N1040,random,1.9516831636428833,0.33292591788925735,0.0006579633918590844
L29_N6252,random,1.9563771486282349,0.2786667902259572,0.0007202796405181289
L30_N7668,random,1.2700142860412598,0.2940264755929096,0.0002732147404458374
L30_N4119,random,2.077162265777588,0.28668159773649254,0.0008052333723753691
L30_N14103,random,2.0374975204467773,0.28400716062620074,0.0007794000557623804
L23_N11145,random,1.823682427406311,0.2800692919915164,0.0006490751402452588
L31_N1876,random,1.9170652627944946,0.45382171533898386,0.0006289339507929981
L31_N8797,random,2.2166593074798584,0.25896826113561483,0.000931067275814712
L26_N12592,random,1.8685823678970337,0.30946713530027326,0.0006484696641564369
L31_N5573,random,1.8937780857086182,0.4232294433133043,0.000667929241899401
L23_N4808,random,1.5281106233596802,0.287267154013183,0.00043381756404414773
L29_N2591,random,1.987703800201416,0.2833860039291119,0.0007519299979321659
L29_N53,random,1.7633520364761353,0.43716446966501304,0.0005724760121665895
L31_N11791,random,1.9450185298919678,0.2994837336795932,0.0006835541571490467
L26_N8201,random,1.864707589149475,0.29090902289605397,0.0006647369591519237
L24_N8317,random,1.8086339235305786,0.30502472295658056,0.0006250160513445735
L23_N14262,random,1.818655014038086,0.40876671735216175,0.0005634364206343889
L31_N4889,random,2.2416839599609375,0.2851263902848078,0.0009605679661035538
L31_N8317,random,2.216810941696167,0.2861927844620817,0.0009226162219420075
L30_N3258,random,1.925071120262146,0.528840491884338,0.0006183203076943755
L24_N6126,random,1.8395015001296997,0.3088178122408201,0.0006214372115209699
L24_N8837,random,1.8311823606491089,0.3008807784136668,0.0006396108656190336
L30_N9,random,2.0217976570129395,0.28036918836438685,0.000766158860642463
L30_N5310,random,1.3455770015716553,0.4973558845782383,0.00029586063465103507
L29_N319,random,1.8726483583450317,0.28302139681864585,0.0006618330953642726
L23_N5947,random,1.8498599529266357,0.3041230526168345,0.0006247166893444955
L26_N3923,random,1.782760500907898,0.42154042166749633,0.0005530709750019014
L23_N3946,random,1.822205662727356,0.317033215648755,0.000632639043033123
L30_N1290,random,2.013016700744629,0.2844703858725532,0.0007649872568435967
L23_N11991,random,1.8514134883880615,0.28648286993917504,0.0006534167332574725
L29_N13369,random,1.9986218214035034,0.2704870462724599,0.000761940551456064
L23_N12461,random,1.8242933750152588,0.286402681448316,0.0006754093919880688
L30_N12547,random,1.7987523078918457,0.36277164438263915,0.000611727824434638
L24_N2103,random,1.8110731840133667,0.29692971798768614,0.0006123060593381524
L31_N7787,random,2.303337812423706,0.29940816065610654,0.0012275167973712087
L30_N2705,random,2.043787717819214,0.27530433313434227,0.0007785704219713807
L26_N8645,random,1.836734414100647,0.29968726562356574,0.0006279549561440945
L30_N6932,random,1.9293526411056519,0.3199149153074649,0.0006885439506731927
L24_N8835,random,1.8251025676727295,0.32416177716549127,0.0006171741406433284
L31_N11302,random,2.2123985290527344,0.27805644544036284,0.0009141190093941987
L24_N11680,random,1.8555104732513428,0.30681191634790717,0.0006436286494135857
L26_N6537,random,1.8492695093154907,0.3204715435734232,0.0006382262799888849
L31_N10647,random,1.816495418548584,0.3589033911895634,0.0005886901053600013
L26_N7177,random,1.8511258363723755,0.2980942814889278,0.0006445928593166173
L30_N7397,random,2.007810115814209,0.2761887145012054,0.0007687653414905071
L23_N4061,random,1.8916707038879395,0.42234327486139905,0.0006316066719591618
L24_N1049,random,1.8165942430496216,0.2858842524239561,0.0006702439859509468
L26_N344,random,1.8134548664093018,0.2951824969555933,0.0006153325084596872
L30_N9075,random,1.9481467008590698,0.3729228289763214,0.0007921629003249109
L24_N9641,random,1.841455340385437,0.3157991841352112,0.0006320984102785587
L24_N117,random,1.8176488876342773,0.30477446070949765,0.0006126619991846383
L23_N11597,random,1.8183252811431885,0.3065027982779035,0.0006254275795072317
L31_N964,random,2.1051926612854004,0.290955600656544,0.0008262403425760567
L24_N1104,random,1.818779468536377,0.29677401783303065,0.0006167333340272307
L23_N14084,random,1.8184573650360107,0.28747956479747744,0.0006290334276854992
L26_N1160,random,1.8448317050933838,0.2790177679895437,0.0006527956575155258
L30_N3899,random,2.0123913288116455,0.30336312155203066,0.0007756788400001824
L26_N10960,random,1.676649808883667,0.303280475906204,0.0005604008329100907
L29_N3510,random,2.0136680603027344,0.2906735854827793,0.0007822925690561533
L30_N2167,random,2.017873525619507,0.27878937090804623,0.0007771626696921885
L31_N9355,random,1.3903636932373047,0.6578352831198674,0.00029331271070986986
L30_N7744,random,1.302186131477356,0.23209916866658212,0.0003216718032490462
L24_N12855,random,1.8244150876998901,0.30114461924514835,0.0006385320448316634
L29_N13230,random,1.9616388082504272,0.2742520564058527,0.0007234361837618053
L29_N3119,random,1.9728446006774902,0.2848094676285383,0.0007368737715296447
L23_N1588,random,1.829956293106079,0.30879477440053976,0.0006354814395308495
L31_N7062,random,2.185040235519409,0.288924935306699,0.0008903910638764501
L26_N6939,random,2.216881036758423,0.2807728918996286,0.001010766252875328
L29_N7651,random,1.815868616104126,0.3495795204962742,0.0005449260352179408
L31_N887,random,1.2909668684005737,0.3639330240548276,0.00029177707619965076
L31_N10706,random,1.8335610628128052,0.33286721786882023,0.0006208072300069034
L31_N1612,random,2.212958812713623,0.26699456204697897,0.0009218287304975092
L23_N6596,random,1.850141167640686,0.28751924356709163,0.0006407104665413499
L31_N5559,random,1.11600661277771,0.24508432830069535,0.00023614153906237334
L23_N4073,random,1.8257501125335693,0.3096753863987106,0.0006236593471840024
L24_N3116,random,1.8269667625427246,0.30454589763451895,0.0006204158416949213
L30_N7350,random,2.032285690307617,0.2803579623757992,0.0008044467540457845
L24_N6912,random,1.8561763763427734,0.2980835009822239,0.0006443888414651155
L24_N4563,random,1.8371199369430542,0.29713639304745326,0.0006497862632386386
L29_N4092,random,1.9569878578186035,0.2923634189165147,0.0007058933842927217
L23_N7260,random,1.8501992225646973,0.3217043018019498,0.0006465547485277057
L30_N1604,random,2.002749443054199,0.29952834117935756,0.0007380139431916177
L23_N10684,random,1.817580223083496,0.30696404686771167,0.0006586019298993051
L30_N13697,random,0.8912301063537598,0.25376676321157665,0.00016982121451292187
L23_N1528,random,1.717769742012024,0.30327476696738276,0.0005390993319451809
L24_N2724,random,1.8485093116760254,0.30739964477565646,0.0006975221331231296
L29_N7956,random,1.9784328937530518,0.29578249919059535,0.0007475169841200113
L29_N3502,random,1.9634857177734375,0.2915470922165957,0.0007143996772356331
L29_N960,random,1.9564698934555054,0.2870682161061686,0.00076434132643044
L24_N6209,random,1.8158798217773438,0.25537506340212324,0.0006291035679168999
L23_N6396,random,1.825039029121399,0.2757160781393136,0.000625644635874778
L26_N12846,random,1.8765093088150024,0.3087114908571429,0.0006516655557788908
L29_N4673,random,1.9445736408233643,0.2699399641823863,0.0007121345843188465
L29_N11412,random,1.3884984254837036,0.28390166649897897,0.0003378204710315913
L31_N12834,random,1.7313071489334106,0.30131447097212694,0.0005820015794597566
L30_N10844,random,2.045728921890259,0.2942347211976246,0.0007804377819411457
L31_N7973,random,2.027630090713501,0.7076418510939793,0.0006421703146770597
L24_N3111,random,1.841924786567688,0.3042238831354876,0.0006302305846475065
L26_N3566,random,1.8383722305297852,0.30219525042282197,0.000632858369499445
L23_N9489,random,1.8075897693634033,0.2975741800918817,0.0006353789358399808
L31_N8883,random,2.2950422763824463,0.26814625436638506,0.000959290424361825
L23_N12254,random,1.8044935464859009,0.307289649335965,0.000619343132711947
L26_N936,random,1.8727868795394897,0.2938799464517818,0.0006658526253886521
L23_N9571,random,1.8116209506988525,0.33585535885610046,0.0006290972232818604
L29_N8238,random,1.9644755125045776,0.27294018554712957,0.0007482666405849159
L30_N2579,random,2.047072172164917,0.28698709054678956,0.0007766306516714394
L23_N8320,random,1.7225868701934814,0.34702143359425164,0.0005731727578677237
L23_N13948,random,1.815055012702942,0.297401020686324,0.0006145902443677187
L24_N1122,random,1.8271342515945435,0.31351080270217935,0.0006237349007278681
L30_N1113,random,2.062457799911499,0.2710919216221229,0.0008072421187534928
L31_N14120,random,1.9053963422775269,0.3281964295407048,0.0006647190311923623
L24_N6615,random,1.8182991743087769,0.2968695533088914,0.0006174790323711932
L23_N9333,random,1.5401250123977661,0.41198664342437274,0.0004075575852766633
L24_N9485,random,1.8332104682922363,0.2894099810975948,0.000648355926387012
L30_N651,random,2.0697507858276367,0.2828072940312361,0.0008206436177715659
L30_N1343,random,1.767751693725586,0.29733165659925404,0.0005686796503141522
L29_N10770,random,1.332443356513977,0.28147755569537125,0.0003403078590054065
L30_N9260,random,1.744483232498169,0.34523864840652946,0.0005468302988447249
L30_N5183,random,2.347320556640625,0.29648794011276397,0.0012936220737174153
L26_N3346,random,1.878504991531372,0.2809289060001452,0.0006692330352962017
L31_N11734,random,2.1062777042388916,0.29415601158120314,0.0008213358814828098
L26_N3910,random,1.816571831703186,0.307152097343798,0.0006268626311793923
L26_N6484,random,1.8685497045516968,0.29660747104657786,0.0006575910956598818
L24_N11004,random,1.8590282201766968,0.2824059506375292,0.0006605907110497355
L31_N4915,random,1.4309483766555786,0.3379086928630999,0.0003589135012589395
L29_N5180,random,1.9466601610183716,0.2876319928199056,0.0007331881206482649
L23_N152,random,1.8336703777313232,0.3142628869447289,0.0006213000742718577
L29_N10177,random,2.0012266635894775,0.28725371712504727,0.00074893789133057
L30_N1638,random,2.0214991569519043,0.3148912780005342,0.0007691728533245623
L23_N8808,random,1.8379180431365967,0.2977719127373873,0.0006287784199230373
L24_N8288,random,1.5366010665893555,0.36845931989238384,0.0004367101064417511
L26_N2170,random,1.853380560874939,0.2927626003691071,0.0006661321967840195
L26_N1127,random,1.8940494060516357,0.29618937366602927,0.0006758644012734294
L24_N6054,random,1.8225340843200684,0.31108274413795894,0.0006187777034938335
L26_N2584,random,1.8677922487258911,0.284089718909972,0.0006517021101899445
L29_N13660,random,1.7210845947265625,0.3234899882783504,0.0005351669387891889
L30_N11526,random,2.051722288131714,0.27499425659805926,0.0007932600565254688
L26_N10021,random,1.5899018049240112,0.6424586132239959,0.00039992560050450265
L31_N8666,random,0.9538953900337219,0.8065953960201824,0.00010184849088545889
L23_N10942,random,1.755545735359192,0.3280452324639294,0.0005576511612161994
L30_N4905,random,2.0341336727142334,0.2785194171064263,0.0007812210824340582
L31_N1697,random,2.1787235736846924,0.28878038073666973,0.0008784985984675586
L24_N4333,random,1.6838778257369995,0.4070345733904679,0.00045404661796055734
L23_N1753,random,1.8246543407440186,0.2989767291887594,0.0006362333078868687
L31_N9064,random,2.170663356781006,0.26778045326630123,0.0008876356296241283
L24_N4462,random,1.860164999961853,0.26552093842567753,0.0006665283581241965
L26_N9909,random,1.8829429149627686,0.30250815590656177,0.0006584185175597668
L24_N11757,random,1.8060803413391113,0.31119177583175167,0.000612962176091969
L26_N3335,random,1.7339982986450195,0.29351971752140255,0.0005539414123632014
L31_N10391,random,2.1547553539276123,0.3001024375644871,0.0008625539485365152
L26_N8280,random,1.7579156160354614,0.2959423495564358,0.0006302463007159531
L29_N4114,random,1.968274712562561,0.3019467224441464,0.0007360194576904178
L23_N1512,random,1.819170594215393,0.32047702964148134,0.0006417342810891569
L31_N6939,random,1.9482733011245728,0.28930030718747196,0.0007632655906490982
L26_N722,random,1.8469977378845215,0.2998596852502017,0.0006450482760556042
L23_N5464,random,1.823310136795044,0.3005237189893074,0.000626170716714114
L24_N10438,random,1.8241782188415527,0.29042881481184746,0.0006335278740152717
L26_N2647,random,1.8813601732254028,0.2718103473859093,0.0006742465193383396
L31_N7239,random,1.9312137365341187,0.36523063455061017,0.0006650500581599772
L30_N11561,random,1.6977967023849487,0.7884554095331945,0.0003606100217439234
L29_N9189,random,1.9737863540649414,0.3086506753352043,0.0007262036087922752
L23_N1832,random,1.8165582418441772,0.28931117744075463,0.0006343128625303507
L23_N11321,random,1.8376432657241821,0.2991891026844243,0.0006263300310820341
L24_N8938,random,1.8287484645843506,0.29583073836042706,0.0006587138050235808
L23_N13674,random,1.8006011247634888,0.3009468280787122,0.0006152705755084753
L26_N9543,random,1.7198426723480225,0.3629350722450499,0.000518635381013155
L30_N2426,random,2.0180680751800537,0.29256771099979767,0.0007560480153188109
L29_N2088,random,2.000166416168213,0.2805314289265807,0.0007493537850677967
L23_N5050,random,1.8412163257598877,0.29207541712554513,0.0006304635899141431
L26_N13043,random,1.857591986656189,0.3071263538403393,0.0006407550536096096
L23_N5862,random,1.8753981590270996,0.29822727334701854,0.000656193878967315
L24_N11174,random,1.826835036277771,0.3438959886733457,0.000608496309723705
L24_N10927,random,1.8335239887237549,0.29091780132937656,0.0006392525392584503
L23_N5794,random,1.8541383743286133,0.3331895298927132,0.0006329045281745493
L30_N14331,random,2.0149989128112793,0.2690776674541947,0.0007341796299442649
L29_N10168,random,1.9678096771240234,0.28233825343942115,0.000740429328288883
L31_N2532,random,1.9322788715362549,0.3095981091977355,0.0006936442223377526
L24_N14165,random,1.8578908443450928,0.30315968732130816,0.0006570590194314718
L24_N13105,random,1.8066359758377075,0.2986864342615327,0.0006144068320281804
L24_N6755,random,1.8578991889953613,0.27991442899278407,0.0006486169877462089
L23_N2938,random,1.8390908241271973,0.3078092747987667,0.0006257560453377664
L31_N5442,random,2.120997905731201,0.29860680678125107,0.0008400834631174803
L29_N13143,random,2.113949775695801,0.35758589474167596,0.0008018991793505847
L31_N14156,random,2.093771457672119,0.3100144512767912,0.0008255229331552982
L31_N13283,random,1.6371922492980957,0.27453844770957914,0.0005070861079730093
L24_N4371,random,1.8314158916473389,0.2928652420619062,0.0006367774913087487
L24_N12900,random,1.844018578529358,0.3014074376503983,0.0006464431062340736
L31_N1771,random,2.200634241104126,0.25902284246421237,0.0009162684436887503
L29_N14289,random,1.9204849004745483,0.3001941937852508,0.0006823916337452829
L23_N14067,random,1.7991176843643188,0.31606974590832837,0.0005958775873295963
L29_N3644,random,1.9582830667495728,0.2755829651154324,0.0007202196284197271
L24_N13378,random,1.8192251920700073,0.2944948638396065,0.0006231290753930807
L29_N5728,random,1.8587281703948975,0.29370284722609785,0.0006514599081128836
L26_N13443,random,1.8594563007354736,0.2832828362003664,0.000654080300591886
L24_N3652,random,1.8604226112365723,0.2873213964719873,0.0006424677558243275
L23_N10813,random,1.7356328964233398,0.40490430192458926,0.0005183753091841936
L24_N6528,random,1.8488855361938477,0.29792632627417287,0.0006415621028281748
L26_N4564,random,1.86539888381958,0.2988645905732513,0.0006466245395131409
L23_N12670,random,1.8235379457473755,0.283320754553431,0.0006293157930485904
L26_N5753,random,1.859375,0.3040183251481879,0.0006359044928103685
L31_N8346,random,1.2747652530670166,0.49645481094633914,0.00026301946491003036
L29_N11133,random,1.934435248374939,0.2788258727367951,0.0007046076934784651
L30_N5425,random,2.0284197330474854,0.2870839307605035,0.000786204356700182
L23_N1889,random,1.8111766576766968,0.26410595071314574,0.0006360217812471092
L26_N2925,random,1.8676482439041138,0.30634901363135497,0.0006584359216503799
L30_N4349,random,2.032477378845215,0.2641992600776446,0.0007877511088736355
L23_N1776,random,1.8494776487350464,0.27211945590480685,0.0006523109041154385
L30_N7119,random,2.0173442363739014,0.28649359350598524,0.0007681577699258924
L26_N11936,random,1.7807955741882324,0.423679456592568,0.0005389670841395855
L26_N7149,random,1.8629205226898193,0.3162523172404405,0.0006793797365389764
L30_N8379,random,2.0111939907073975,0.2921602468641923,0.0007719576242379844
L23_N6311,random,1.8276437520980835,0.2801221441846727,0.0006319399108178914
L30_N3114,random,1.9185043573379517,0.7391346276120876,0.0004886829992756248
L26_N727,random,1.8467546701431274,0.2996678995901496,0.0006512686377391219
L31_N7144,random,2.2049660682678223,0.2715789164542591,0.0009155542938970029
L23_N8518,random,1.8167613744735718,0.3177207378858547,0.000608936243224889
L30_N11253,random,1.6034331321716309,0.36204419408306915,0.0004647755704354495
L31_N12156,random,1.2230063676834106,0.7732610666291991,0.00020972624770365655
L31_N10987,random,1.5134766101837158,0.28644125193189107,0.00041970686288550496
L24_N5967,random,1.8220689296722412,0.3114912818739451,0.0006320488755591214
L29_N1146,random,1.9215242862701416,0.2923917516871623,0.0006786533631384373
L31_N5409,random,2.190298080444336,0.2862223918249394,0.0009035022230818868
L30_N5143,random,2.0497679710388184,0.2986325437343768,0.0007783746114000678
L31_N13893,random,2.1599574089050293,0.29184990855778303,0.0008634078549221158
L23_N11792,random,1.8195173740386963,0.277734944214714,0.0006253768224269152
L26_N8308,random,1.9078094959259033,0.267823693336056,0.0007106253178790212
L26_N10926,random,1.8568000793457031,0.2891696682836936,0.0006379472906701267
L29_N5344,random,1.9500268697738647,0.2873584080459994,0.0007089455029927194
L29_N11423,random,1.966173529624939,0.27227044974444736,0.0007266256143338978
L26_N9083,random,1.888119101524353,0.28078762946789343,0.0006782782729715109
L24_N3143,random,1.82126784324646,0.3013977311640806,0.0006373445503413677
L29_N10894,random,1.462964653968811,0.2940096210457284,0.0004106437845621258
L29_N11097,random,1.9599803686141968,0.2855306998172661,0.0007203904679045081
L31_N2851,random,2.1467316150665283,0.27181252980032794,0.00085986073827371
L30_N9324,random,1.6008446216583252,0.43150634995455506,0.0007267525070346892
L26_N6653,random,1.5342031717300415,0.3779328769389995,0.00044533188338391483
L30_N13659,random,2.057919979095459,0.2731926983481532,0.0008105982560664415
L23_N4978,random,1.8301304578781128,0.3051855536029346,0.0006256451597437263
L26_N3443,random,1.8574082851409912,0.30003889333327616,0.0006423815502785146
L29_N12873,random,1.8751572370529175,0.2956457801162733,0.0006644033128395677
L30_N9939,random,2.0795156955718994,0.27758428825781856,0.000815950334072113
L31_N5279,random,2.274167060852051,0.2679285673131406,0.0009944093180820346
L29_N7238,random,1.5440068244934082,0.21156743076260287,0.0004939176724292338
L29_N11069,random,1.9843026399612427,0.28746828652982803,0.0007528039277531207
L24_N8375,random,1.841208815574646,0.3086072359369303,0.0006807025638408959
L29_N13004,random,1.9689323902130127,0.2909758314546728,0.0007091311272233725
L31_N2780,random,1.2396817207336426,0.2576905405244318,0.00029483658727258444
L31_N1389,random,1.8328871726989746,0.42207047085728666,0.0005674220155924559
L26_N8445,random,1.8540725708007812,0.2987027399156637,0.0006528633530251682
L31_N10370,random,1.9602652788162231,0.3977203517916932,0.0007401626789942384
L30_N5491,random,2.0355443954467773,0.28709975130041954,0.0007798222941346467
L23_N13409,random,1.8198083639144897,0.26810385321558,0.0006299788947217166
L24_N11023,random,1.8290607929229736,0.29549990437191676,0.0006419768906198442
L26_N3680,random,1.7925803661346436,0.25026692039584225,0.0006355620571412146
L24_N2414,random,1.8469512462615967,0.3280295094169324,0.0006378675461746752
L23_N757,random,1.837184190750122,0.2965291707584113,0.0006401746068149805
L24_N7784,random,1.8582674264907837,0.30196445057697485,0.0006485164631158113
L30_N13922,random,1.2853479385375977,0.28290461291699737,0.00033547583734616637
L23_N7461,random,1.825103759765625,0.3402794759867063,0.000589685165323317
L29_N10318,random,1.8925883769989014,0.2808421130322399,0.0006735799252055585
L30_N3185,random,1.8949768543243408,0.37124550630147224,0.0005830845911987126
L31_N11409,random,1.1868120431900024,0.6372315720877366,0.00025279587134718895
L29_N8099,random,1.5620139837265015,0.4717425379891705,0.0004622273554559797
L29_N3997,random,1.950799584388733,0.29235882833368265,0.000724903482478112
L24_N10748,random,1.8327295780181885,0.31994910252871606,0.0006691162125207484
L31_N90,random,2.223487138748169,0.29177590002356,0.000938689277973026
L23_N12753,random,1.8114033937454224,0.29256497119539226,0.0006144748185761273
L29_N3585,random,1.8297847509384155,0.31529022047227906,0.0006088910740800202
L24_N13174,random,1.8422515392303467,0.3066889604455677,0.0006306234863586724
L31_N8486,random,2.0565640926361084,0.3031325880011729,0.000787165598012507
L29_N822,random,1.3642854690551758,0.2549520702238823,0.00037353148218244314
L30_N4082,random,1.9798210859298706,0.2752682255574389,0.000744163990020752
L23_N7478,random,1.8141111135482788,0.29844018217202517,0.000620938662905246
L24_N13130,random,1.8308180570602417,0.2915975794889763,0.0006396503886207938
L29_N10937,random,2.000654697418213,0.2837809011371673,0.000809902441687882
L30_N9157,random,2.0093464851379395,0.2880463607840215,0.0007640480762347579
L30_N5198,random,1.9762014150619507,0.2859302012531591,0.0007188601302914321
L29_N10037,random,1.9519940614700317,0.27345378148166055,0.0007178062223829329
L31_N8270,random,1.468726634979248,0.2917679471176539,0.0003972906561102718
L29_N13608,random,2.003422260284424,0.2767812706857308,0.0007545290281996131
L30_N7305,random,2.8118479251861572,0.5068333680088402,0.002189760794863105
L24_N12184,random,1.8084487915039062,0.3056071217088233,0.0006174175650812685
L29_N7373,random,1.9897782802581787,0.29100959949937805,0.0007505377288907766
L26_N12317,random,1.8574999570846558,0.2838111085451417,0.0006516448920592666
L24_N13760,random,1.8266305923461914,0.31178394697777967,0.0006360893603414297
L31_N4543,random,2.1074652671813965,0.30267833606238553,0.0008086548186838627
L30_N7939,random,2.012769937515259,0.28671757813421433,0.0007540796650573611
L31_N3919,random,1.4331812858581543,0.42073036020832,0.00035048002609983087
L26_N7206,random,1.8629189729690552,0.2836182418342778,0.0006600637570954859
L23_N11690,random,1.8192684650421143,0.2911006917414246,0.0006359287654049695
L26_N3841,random,1.7889028787612915,0.2835793782562923,0.0005989762721583247
L26_N5502,random,1.8798868656158447,0.30559545641602387,0.0006672950694337487
L26_N8849,random,1.8525035381317139,0.29685459890548904,0.00064668501727283
L23_N2267,random,1.7460078001022339,0.43691822147044523,0.0005143271991983056
L24_N3788,random,1.8281092643737793,0.2870131523911795,0.0006548967212438583
L29_N11369,random,1.5748062133789062,0.29668263306991965,0.000426978018367663
L24_N11573,random,1.8463813066482544,0.29166606674608436,0.000649531721137464
L24_N1052,random,1.8529789447784424,0.29820024736046863,0.0006730062887072563
L29_N6678,random,1.9707465171813965,0.2961973031252174,0.0007274788222275674
L26_N8890,random,1.8444890975952148,0.29303180258658135,0.0006554384017363191
L29_N6812,random,1.9475328922271729,0.28565680912331226,0.0007899815682321787
L23_N3388,random,1.823491096496582,0.2828268422689471,0.0006222985102795064
L29_N6381,random,2.01259183883667,0.2727729403749263,0.000756123976316303
L30_N11395,random,2.034510612487793,0.27994047709747305,0.0007942821248434484
L23_N14036,random,1.8251385688781738,0.2885905384766557,0.0006187085527926683
L30_N6232,random,1.6967918872833252,0.42065859510584275,0.0005792208830825984
L29_N96,random,1.969020128250122,0.28773419783252185,0.0007272501243278384
L26_N4892,random,1.8673337697982788,0.2966843907825443,0.0007469397387467325
L29_N13982,random,1.9097527265548706,0.30036038324369774,0.0006784007418900728
L29_N8818,random,1.981627345085144,0.2787964876436144,0.0007349178194999695
L31_N12036,random,2.2036232948303223,0.2890411164785969,0.0009067286737263203
L30_N13105,random,2.1011509895324707,0.27902194358599913,0.0008286988013423979
L30_N3613,random,1.769934058189392,0.350907738453267,0.0005918887327425182
L29_N3595,random,1.9642747640609741,0.28636137900513026,0.0007305032922886312
L26_N7140,random,1.8723045587539673,0.2779922919897068,0.0006651490111835301
L29_N475,random,2.0083677768707275,0.2605376137804829,0.0007654241053387523
L29_N5507,random,1.729885458946228,0.28892616740377786,0.0005085410666652024
L31_N11127,random,1.8752329349517822,0.43452014587850263,0.0006019957945682108
L29_N11864,random,1.9558744430541992,0.2893494533669934,0.0007205429719761014
L24_N13770,random,1.8329325914382935,0.3029520245119615,0.0006227223784662783
L29_N2091,random,1.9686987400054932,0.30279421132749945,0.0007179040694609284
L30_N8751,random,1.3237428665161133,0.47206507170192635,0.0003241901285946369
L23_N6455,random,1.8525872230529785,0.30329897220019514,0.000660263525787741
L30_N9246,random,1.4035158157348633,0.3490846511218004,0.00035494781332090497
L31_N444,random,2.003169298171997,0.2881666898811512,0.0007586327265016735
L23_N10530,random,1.8165011405944824,0.29900095916982217,0.0006337586673907936
L29_N2223,random,1.545830488204956,0.3910562869646741,0.0004748448554892093
L29_N2977,random,1.970157265663147,0.2845621710478811,0.0007395907887257636
L23_N4262,random,1.7459495067596436,0.44601643057577667,0.0005219014710746706
L29_N5363,random,1.405754804611206,0.503946719211906,0.00032475029001943767
L24_N7449,random,1.7239872217178345,0.5923032822628704,0.0004640947445295751
L26_N5529,random,1.8717358112335205,0.293582622472271,0.0006452223751693964
L29_N4558,random,1.9813032150268555,0.29848476350653036,0.0007384232594631612
L29_N4133,random,1.9887404441833496,0.2778009387273574,0.0007508036796934903
L23_N7705,random,1.685271978378296,0.2935590651251428,0.0005392480525188148
L23_N12272,random,1.8214970827102661,0.31870080316578586,0.0006314786151051521
L30_N853,random,2.0326051712036133,0.30860626594601254,0.0007824685308150947
L26_N3673,random,1.855061411857605,0.29166469328306704,0.0006465331534855068
L31_N1124,random,2.2455339431762695,0.2691711705795285,0.0009581689373590052
L31_N659,random,2.778114080429077,0.20305736957480175,0.0016245836159214377
L23_N4051,random,1.7132729291915894,0.3499720462710534,0.000541375600732863
L24_N13749,random,1.8058885335922241,0.3155527358230576,0.0006150294211693108
L23_N10179,random,1.820987343788147,0.31522598629584897,0.0006163188372738659
L24_N3908,random,1.8476998805999756,0.2985661593050637,0.0006653467426076531
L24_N7758,random,1.8520900011062622,0.2924529704394427,0.0006551226251758635
L31_N1874,random,1.8627257347106934,0.34754768367835454,0.0006213564774952829
L30_N3571,random,1.9408122301101685,0.29834504175276166,0.000702114833984524
L29_N11460,random,1.4894590377807617,0.3943510530138725,0.000407016952522099
L26_N12564,random,1.8046585321426392,0.29695972663677694,0.0006124039646238089
L26_N2749,random,1.88372004032135,0.30463889245353487,0.0006600939668715
L30_N9949,random,1.9871550798416138,0.2946186635115678,0.0007203634013421834
L31_N11769,random,1.343079686164856,0.6491319140241779,0.0003029268409591168
L23_N12743,random,1.8676061630249023,0.30726769582801067,0.0006448457133956254
L24_N5096,random,1.8262120485305786,0.29526301883897205,0.0006194147281348705
L23_N9481,random,1.826550841331482,0.2705138694188535,0.0006445156177505851
L23_N5111,random,1.821137547492981,0.2673964831121271,0.0006379917613230646
L30_N11097,random,1.9826738834381104,0.30378948876988626,0.000729920924641192
L29_N6498,random,2.0135374069213867,0.260902785033745,0.0007666341844014823
L31_N3249,random,2.0727598667144775,0.274234524995152,0.0008360416977666318
L23_N9700,random,1.8885244131088257,0.3010022792917615,0.0006619909545406699
L31_N13608,random,1.1811258792877197,0.43291664652841644,0.000212884129723534
L31_N3978,random,2.1827378273010254,0.3010857594990266,0.000880358915310353
L23_N11422,random,1.8490830659866333,0.3144489544922845,0.0006304957787506282
L26_N13931,random,1.8563072681427002,0.29684791783363385,0.00064096599817276
L31_N9837,random,1.700260043144226,0.651178887158934,0.0004046647227369249
L23_N13045,random,1.8557289838790894,0.4186481413674578,0.0006053905235603452
L30_N12822,random,2.065389394760132,0.29337404422586344,0.0008010551682673395
L23_N5688,random,1.8460851907730103,0.3109818588583964,0.0006467000348493457
L30_N7018,random,2.010040760040283,0.2921799283474714,0.0007514746394008398
L31_N6071,random,2.2274603843688965,0.28472528017015497,0.0009535331046208739
L23_N8289,random,1.8286283016204834,0.30991526791035623,0.0006432164809666574
L31_N5590,random,2.082768440246582,0.2924719864086677,0.0007761400192975998
L23_N13919,random,1.8197137117385864,0.3015134100266902,0.000638695084489882
L29_N13473,random,1.994644284248352,0.289932118657333,0.0007581129320897162
L29_N1729,random,1.8218775987625122,0.4847516363813088,0.0005333826993592083
L29_N5934,random,2.0224852561950684,0.2768780742527358,0.0007693980005569756
L31_N13577,random,2.2008650302886963,0.2853582569742591,0.0009118307498283684
L29_N11588,random,1.9957367181777954,0.2844030025208341,0.0007510626455768943
L24_N7135,random,1.8484258651733398,0.3121656395019474,0.0006454850663430989
L24_N12022,random,1.844416856765747,0.3171940248365876,0.0006270779995247722
L30_N10657,random,1.9330434799194336,0.35708817414330674,0.0006447947816923261
L26_N10091,random,1.750402808189392,0.26631499163899086,0.0005443295231088996
L30_N12691,random,1.5204582214355469,0.5673101740436107,0.00035335804568603635
L29_N7616,random,1.641068935394287,0.38124990735918163,0.0004716817056760192
L29_N13528,random,1.9684345722198486,0.28342619066164143,0.0007357415743172169
L31_N9707,random,1.6850520372390747,0.27966024772873727,0.0005393850151449442
L26_N5280,random,1.870783805847168,0.28006884095076295,0.0006573526188731194
L24_N13610,random,1.835193395614624,0.2813663751271035,0.000636467186268419
L23_N4569,random,1.82634437084198,0.2867555711355293,0.000624298001639545
L29_N3995,random,1.944685935974121,0.3047562441271117,0.0007013095892034471
L29_N9336,random,1.9945565462112427,0.283906311611471,0.0007516777841374278
L30_N10947,random,2.0109851360321045,0.2810357247429601,0.0007932337466627359
L29_N5511,random,1.9339114427566528,0.2826599867632726,0.0007030516862869263
L23_N8098,random,1.5460314750671387,0.37928651220473414,0.0004307174531277269
L26_N2979,random,1.5409539937973022,0.30204598179181363,0.00046964793000370264
L29_N3475,random,1.869057297706604,0.3762636897329486,0.0008956735255196691
L26_N13071,random,1.8268709182739258,0.2910365376354632,0.0006611656281165779
L26_N5576,random,1.8736920356750488,0.2891606757285772,0.0006654041935689747
L26_N9767,random,1.8976080417633057,0.43626777748326184,0.0006443064194172621
L31_N4526,random,1.432498812675476,0.5471073477455656,0.00034601156949065626
L30_N166,random,1.6272640228271484,0.5651928356750738,0.00041364331264048815
L30_N3130,random,2.0299315452575684,0.4756864454819897,0.0007261544815264642
L23_N3954,random,1.837414026260376,0.3003314789499998,0.0006469468935392797
L31_N6658,random,2.2338545322418213,0.27641551570810746,0.0009392229258082807
L29_N9096,random,1.795889973640442,0.2831888938301526,0.0006125314394012094
L24_N11314,random,1.8250044584274292,0.31950323877666753,0.0006259817164391279
L29_N10582,random,1.9502944946289062,0.2603831810322268,0.0007164943963289261
L31_N8041,random,2.1638906002044678,0.26226058461670676,0.0008968872716650367
L29_N12991,random,1.9921760559082031,0.2654855757405937,0.0007645002333447337
L23_N1524,random,1.936734914779663,0.2749239682719167,0.000738087750505656
L26_N3630,random,1.9225589036941528,0.2780972027113231,0.0007187312585301697
L29_N11334,random,1.6927707195281982,0.2794944573739519,0.0005434676422737539
L24_N5016,random,1.4793044328689575,0.27039707298460103,0.00039530941285192966
L31_N9528,random,1.5231499671936035,0.5377540441505934,0.0004231822385918349
L26_N7753,random,1.8608378171920776,0.3007499628758319,0.0006507956422865391
L30_N8698,random,1.340672254562378,0.22255268674270562,0.0003481873427517712
L26_N6971,random,1.871767520904541,0.2906832483111931,0.0006551092374138534
L31_N9017,random,2.140133857727051,0.2919662308867703,0.0008552871877327561
L26_N5764,random,1.8744925260543823,0.302678076446376,0.0006808886537328362
L31_N7434,random,1.5098165273666382,0.29707102711052324,0.0003754742501769215
L26_N5023,random,1.8843791484832764,0.3022823669231192,0.0006734303315170109
L26_N3777,random,1.8500124216079712,0.29283114296354207,0.000642213155515492
L23_N11817,random,1.8046679496765137,0.29333001377889767,0.0006181123899295926
L24_N5169,random,1.845509648323059,0.3158421502682277,0.0006219653296284378
L23_N12171,random,1.8020976781845093,0.2946802727953946,0.0006076897261664271
L30_N12487,random,2.050272226333618,0.27017009196347475,0.0008001792011782527
L31_N3033,random,2.2351021766662598,0.23464145190613972,0.0010462431237101555
L24_N3545,random,1.8194642066955566,0.3103328150181156,0.0006277885404415429
L31_N7933,random,2.132883310317993,0.28620485824607966,0.0008472127374261618
L26_N11871,random,1.886290192604065,0.29768473789905564,0.0006662972155027092
L30_N12455,random,1.988182544708252,0.3016159110211333,0.0007351787062361836
L30_N9777,random,1.9414604902267456,0.3796085090750762,0.0006630108109675348
L26_N1647,random,1.8443849086761475,0.27316294743895414,0.0006475165719166398
L24_N4853,random,1.8510407209396362,0.29258294312660627,0.0006419478449970484
L24_N5912,random,1.8227941989898682,0.29851760930787535,0.0006187304970808327
L24_N4952,random,1.826241374015808,0.30248740453640766,0.0006153584690764546
L23_N11600,random,1.8313554525375366,0.31976424053078795,0.0006280466332100332
L30_N2073,random,1.8689332008361816,0.5025214080222781,0.0005580473807640374
L26_N745,random,1.8507144451141357,0.3068073853750874,0.0006607187679037452
L23_N9066,random,1.785023808479309,0.32728737702159405,0.0006023282767273486
L26_N11426,random,1.843762993812561,0.270421175155967,0.0006494356202892959
L24_N10450,random,1.8190027475357056,0.28030216591384044,0.0006251972517929971
L29_N1680,random,1.9611151218414307,0.283916638376344,0.0007266630418598652
L23_N9405,random,1.824025273323059,0.30779147393132256,0.0006229625432752073
L26_N7690,random,1.7354867458343506,0.3107230175724522,0.0005619458970613778
L29_N7216,random,1.8323194980621338,0.4523132133090731,0.0005742128705605865
L26_N3020,random,1.8292912244796753,0.24882613182026606,0.0006512738182209432
L23_N4136,random,1.899023175239563,0.6501960023790454,0.0005332889850251377
L29_N1869,random,1.9721684455871582,0.2775255341031062,0.0007327345083467662
L23_N6565,random,1.8304855823516846,0.28749492190859527,0.0006375199882313609
L29_N1213,random,1.9799076318740845,0.2843921749395713,0.0007375642308034003
L30_N10312,random,1.5069074630737305,0.4877722283673532,0.0003785237786360085
L31_N878,random,2.204028606414795,0.28149456110694154,0.0008998931152746081
L24_N2444,random,1.907416820526123,0.409720102484855,0.0006398081895895302
L30_N4978,random,1.9969441890716553,0.29025494426475756,0.0007501512882299721
L23_N4066,random,1.8486758470535278,0.3066347764964454,0.0006326458533294499
L23_N9143,random,1.8281116485595703,0.2966647825457441,0.0006395499221980572
L29_N9933,random,1.991307258605957,0.2833722534467954,0.0007478674524463713
L30_N12955,random,1.8272126913070679,0.31761904583083617,0.0006253055762499571
L30_N3697,random,2.0507795810699463,0.26958186697358605,0.0007872392889112234
L30_N6232,random,1.6967918872833252,0.42065859510584275,0.0005792208830825984
L29_N7253,random,1.943482756614685,0.3004347021871573,0.0006952288094907999
L26_N14092,random,1.8506006002426147,0.30389163512854783,0.0006376272067427635
L30_N7025,random,2.0320401191711426,0.2780380931728196,0.0007870307890698314
L26_N9316,random,1.8593058586120605,0.30599728612622584,0.0006502086762338877
L30_N986,random,1.77678382396698,0.3911059720836459,0.0005582726444117725
L30_N12125,random,1.8259674310684204,0.7298202525171844,0.000422216224251315
L23_N12496,random,1.8357335329055786,0.28912146947928874,0.0006664078682661057
L24_N10248,random,1.842529058456421,0.2962059564854152,0.0006345926667563617
L24_N4335,random,1.8506474494934082,0.28876924104019275,0.0006531616090796888
L31_N1330,random,1.490411639213562,0.2548729935708108,0.0004101679951418191
L24_N3929,random,1.8462238311767578,0.2848779847627562,0.0006360051338560879
L24_N9043,random,1.8297797441482544,0.2907926124183515,0.0006277047214098275
L23_N2564,random,1.807747721672058,0.2616688582858422,0.000636937387753278
L23_N6693,random,1.6370620727539062,0.28738223702997684,0.0004595225036609918
L29_N11294,random,1.9492632150650024,0.2607719547886124,0.0007131040329113603
L30_N7699,random,1.6163365840911865,0.41757147783351223,0.000514428538735956
L26_N534,random,1.854811429977417,0.27002877894097993,0.0006590642733499408
L24_N4720,random,1.828141212463379,0.2791518535851205,0.0006220785435289145
L31_N4632,random,1.6768206357955933,0.5377402098086761,0.0005388956633396447
L31_N14083,random,2.2378015518188477,0.2793770149523249,0.0009532610420137644
L29_N1166,random,1.9747287034988403,0.27032741781492453,0.000743705837521702
L31_N3824,random,1.9530320167541504,0.29048807253740844,0.0007307148771360517
L26_N12907,random,1.8482588529586792,0.2959756245825255,0.0006516263820230961
L31_N9663,random,1.5412465333938599,0.7390885838105653,0.00034895946737378836
L31_N13171,random,2.1291961669921875,0.29003545826327565,0.0008404349209740758
L24_N6965,random,1.8295629024505615,0.3007376256767866,0.0006176501628942788
L23_N8922,random,1.8287618160247803,0.3215457428742651,0.0006258168141357601
L24_N10610,random,1.8409144878387451,0.30870770089841987,0.0006349102477543056
L24_N4352,random,1.8652924299240112,0.2870345167517256,0.0006618228508159518
L24_N1169,random,1.8465723991394043,0.33586683219000113,0.0006363510619848967
L23_N2718,random,1.8597313165664673,0.30149269668686124,0.0006609007832594216
L26_N9749,random,1.855427622795105,0.29451843959540763,0.0006589779513888061
L31_N13504,random,2.174161195755005,0.28342141591067493,0.0008769378764554858
L30_N4728,random,2.021000862121582,0.26905781758817576,0.0007738515269011259
L29_N2037,random,1.9587067365646362,0.28102965382587686,0.0007152350735850632
L29_N11283,random,1.9522212743759155,0.30532880843753885,0.0007092687883414328
L26_N11464,random,1.858870506286621,0.2941257085560953,0.000656457501463592
L29_N4460,random,1.688327431678772,0.28532245964956116,0.0005710761179216206
L30_N8847,random,2.0268898010253906,0.28337371102063574,0.0007701413705945015
L29_N7172,random,1.931201457977295,0.28178756637700697,0.0007106884149834514
L23_N9798,random,1.7970026731491089,0.288051870343099,0.0006103439955040812
L23_N7078,random,1.8576998710632324,0.3031414733199944,0.0006570573896169662
L31_N5280,random,2.116654396057129,0.295752302447017,0.0008430657326243818
L30_N4102,random,2.0184288024902344,0.30654720982796696,0.0007770910742692649
L23_N1496,random,1.7979192733764648,0.2890243958879269,0.000607301015406847
L24_N11047,random,1.8524163961410522,0.266282680652159,0.0006810409831814468
L30_N9619,random,2.0023751258850098,0.3510358906162317,0.0007429927354678512
L23_N12529,random,1.7821996212005615,0.30376669861803496,0.0006004985189065337
L31_N13458,random,2.129607677459717,0.3088645523891427,0.0008610295481048524
L26_N9441,random,1.8710166215896606,0.29099458591743005,0.000656259129755199
L23_N12502,random,1.8277541399002075,0.3258845550391926,0.0006149118999019265
L24_N7708,random,1.8276519775390625,0.2852775691859072,0.0006283993134275079
L30_N10674,random,2.0770349502563477,0.2693289129130283,0.0008366730762645602
L29_N4557,random,1.98670494556427,0.2915472021442037,0.0007767112692818046
L24_N9590,random,1.844442367553711,0.300168869468193,0.0006442989106290042
L29_N10400,random,1.9092415571212769,0.33421453169817533,0.0006776696536689997
L29_N1494,random,1.9919304847717285,0.2654260827404386,0.0007939875940792263
L29_N5700,random,1.965620517730713,0.2766646127356546,0.000722224242053926
L29_N5460,random,1.913511037826538,0.4017535469878123,0.0006369726615957916
L26_N10979,random,1.8731763362884521,0.2751113671279617,0.0006655192701146007
L23_N14053,random,1.8448306322097778,0.27472651878465293,0.0006445396575145423
L24_N5403,random,1.8195362091064453,0.31026576294390773,0.0006183887599036098
L29_N11365,random,1.9836719036102295,0.29973177678674745,0.00074314622906968
L29_N4722,random,1.868610143661499,0.5336063299848063,0.0005628680228255689
L31_N6561,random,1.9091732501983643,0.35014341903340956,0.000661620229948312
L30_N601,random,2.069613456726074,0.27387585954835414,0.0008070557378232479
L29_N1442,random,1.9874991178512573,0.2861199059304825,0.0007420016336254776
L26_N4135,random,1.8746641874313354,0.29108451110989997,0.0006649906863458455
L26_N1899,random,2.0052268505096436,0.30019281777501206,0.000774109794292599
L29_N14170,random,1.9330545663833618,0.28910162454657096,0.0007050241692923009
L30_N13515,random,2.000714063644409,0.30192917251606893,0.0007479928899556398
L23_N10775,random,1.8640434741973877,0.3023845458574997,0.0006735742790624499
L30_N7569,random,2.0107638835906982,0.28939502628172376,0.0007624933496117592
L29_N888,random,1.953615427017212,0.299348814619479,0.0007133737672120333
L24_N8494,random,1.83529531955719,0.3015281405730764,0.0006285166018642485
L26_N10201,random,1.8551061153411865,0.282049206764647,0.0006509876111522317
L29_N10246,random,2.3218958377838135,0.570149804821802,0.0008335242746397853
L29_N12451,random,1.974011778831482,0.25766737918756233,0.0007361490861512721
L23_N3335,random,1.8406561613082886,0.31712880821185974,0.000631674483884126
L26_N8998,random,1.8530821800231934,0.29896215962845485,0.0006479849107563496
L24_N4719,random,1.8362345695495605,0.29752934600311765,0.0006316342623904347
L29_N11440,random,1.9241219758987427,0.34552976463606444,0.0006686209235340357
L29_N1989,random,1.9923195838928223,0.26774443616321825,0.0007746919873170555
L23_N10322,random,1.809036374092102,0.2942646525964634,0.0006215517059899867
L30_N13095,random,2.016112804412842,0.27643096357627445,0.0007543520187027752
L24_N11629,random,1.846947193145752,0.30287228374777436,0.0006470148800872266
L24_N5091,random,1.3996198177337646,0.25882733310236333,0.0003646103432402015
L30_N224,random,1.2567931413650513,0.42861104955497403,0.00028260014369152486
L30_N6684,random,2.04327130317688,0.2851508400986638,0.0008200181182473898
L23_N3681,random,1.7283724546432495,0.2665285169026155,0.000566257513128221
L23_N7560,random,1.8304364681243896,0.2930106479801191,0.0006466340855695307
L23_N10612,random,1.8005837202072144,0.2752544442056022,0.0006479601142928004
L24_N8165,random,1.8378220796585083,0.2791122770125091,0.0006462374003604054
L31_N4781,random,2.2201883792877197,0.27963702239201726,0.0009270100272260606
L30_N11557,random,1.388450264930725,0.28099707094080684,0.00036309397546574473
L26_N6807,random,1.8577284812927246,0.2929154242247045,0.0006497711292468011
L29_N7736,random,1.9674022197723389,0.2995150318871916,0.0007295788964256644
L24_N7483,random,1.787244200706482,0.28805833531988506,0.0006200214265845716
L30_N2369,random,1.424548864364624,0.4895212812529224,0.00030047015752643347
L29_N3122,random,1.936825156211853,0.2797793622622995,0.0007102671079337597
L30_N8327,random,2.0421645641326904,0.25924827845084114,0.0007805156637914479
L31_N2236,random,2.228724956512451,0.26623470920237413,0.0009587326785549521
L23_N4526,random,1.8381823301315308,0.2866676662322807,0.0006328420131467283
L29_N5568,random,1.9447219371795654,0.27008666435202694,0.0007193058263510466
L30_N4377,random,1.9813390970230103,0.2957202344857512,0.0007451288402080536
L23_N4634,random,1.8160933256149292,0.2989685906719722,0.000622460909653455
L31_N4891,random,2.0388805866241455,0.3196383227242273,0.0007575841736979783
L30_N9501,random,2.0261456966400146,0.2881144293797122,0.0007822809857316315
L31_N8022,random,1.8838168382644653,0.2883437669379946,0.0007257518591359258
L24_N7316,random,1.827528953552246,0.282431196929914,0.0006333428318612278
L30_N7935,random,2.066462516784668,0.6664288782944218,0.0006929202354513109
L26_N5446,random,1.8701215982437134,0.29805445876860054,0.0006564486538991332
L30_N12498,random,1.6782019138336182,0.6290810239707068,0.0004515819891821593
L30_N6180,random,2.0677008628845215,0.2927364576847518,0.0007975248154252768
L29_N5272,random,2.1221771240234375,0.5171844778622983,0.0007471197168342769
L24_N11427,random,1.820525050163269,0.29890926800015905,0.0006160054472275078
L24_N9368,random,1.8065649271011353,0.31912285174350435,0.0006098683807067573
L29_N3826,random,1.8962562084197998,0.2718082976165758,0.0006811917410232127
L29_N715,random,1.31869375705719,0.24549851042320636,0.00034363550366833806
L26_N12201,random,1.8375022411346436,0.3043939160417722,0.0006399823469109833
L29_N11554,random,1.9731074571609497,0.2749862626641991,0.0007338550058193505
L29_N6325,random,1.4450682401657104,0.3205311145666888,0.00040342743159271777
L31_N12982,random,1.516491174697876,0.758025980101336,0.00028498159372247756
L31_N2492,random,2.184297800064087,0.2794095174638873,0.0008922935812734067
L29_N606,random,1.9717353582382202,0.2605003350811936,0.0007478218176402152
L24_N8229,random,1.7332884073257446,0.2838838492073806,0.0005919869290664792
L30_N5439,random,2.016988515853882,0.4310284043393154,0.0007120707305148244
L23_N14322,random,1.8384003639221191,0.2840187671439024,0.0006303825648501515
L29_N1633,random,1.9614619016647339,0.2707548376587652,0.0007329715881496668
L30_N7486,random,1.5460559129714966,0.34108869919948953,0.0004585052374750376
L23_N11836,random,1.8055877685546875,0.2889943978488819,0.0006037532002665102
L24_N6717,random,1.8438700437545776,0.2888715780276672,0.0006324994610622525
L31_N2529,random,2.034672260284424,0.29739314957911633,0.000772533065173775
L23_N7692,random,1.8025107383728027,0.30662939906064174,0.0006174922455102205
L26_N5546,random,1.880378007888794,0.3383906265887079,0.0006413231021724641
L30_N11349,random,1.7475029230117798,0.3985645247026584,0.0005644304328598082
L29_N10646,random,1.9524794816970825,0.2834771746009928,0.0007397729787044227
L23_N13955,random,1.8355520963668823,0.29399251589233794,0.0006271054153330624
L26_N13964,random,1.8554679155349731,0.2959713951706085,0.0006634753081016243
L31_N14079,random,2.1954565048217773,0.2870484617629623,0.0009055374539457262
L30_N6226,random,1.9635788202285767,0.28905152613987684,0.000711859087459743
L26_N10269,random,1.8889538049697876,0.2859765426327587,0.0006748263258486986
L31_N12442,random,2.248109817504883,0.29493517302704425,0.0009457180858589709
L29_N14293,random,1.7336574792861938,0.4187197486819753,0.0005943601136095822
L30_N588,random,1.9958378076553345,0.2698225888886872,0.0007566223503090441
L30_N1121,random,2.151136875152588,0.3444505039561585,0.0008280206238850951
L24_N10340,random,1.710282325744629,0.2787340710937578,0.0005622079479508102
L31_N4708,random,2.2281010150909424,0.25628377821234477,0.0009441113215871155
L24_N12235,random,1.8209234476089478,0.30974343522589265,0.0006513911648653448
L23_N7110,random,1.8242563009262085,0.2942839008028661,0.0006354338838718832
L23_N12457,random,1.8078893423080444,0.26565208932521334,0.0006197628099471331
L31_N11532,random,2.1749095916748047,0.3115020260249187,0.0008711957489140332
L23_N7269,random,1.8417972326278687,0.27475779305005277,0.0006376232486218214
L24_N11370,random,1.814013957977295,0.2842091884657809,0.000626494234893471
L26_N474,random,1.8376843929290771,0.304010174343038,0.0006404427113011479
L23_N5314,random,1.7814878225326538,0.2695287931898344,0.0005933385691605508
L23_N4806,random,1.8295975923538208,0.28387889658299476,0.000636171258520335
L26_N6141,random,1.8792599439620972,0.3202926217963807,0.0006573237478733063
L29_N2385,random,1.1976866722106934,0.2445307389400848,0.00027225655503571033
L24_N8702,random,1.8101664781570435,0.284123039789235,0.0006218606140464544
L29_N9272,random,1.9405806064605713,0.2809286880866515,0.0007043909863568842
L31_N12984,random,1.91620934009552,0.5974025416239062,0.0005745336529798806
L24_N2785,random,1.8456357717514038,0.3027587282487165,0.0006415852112695575
L24_N1293,random,1.8225901126861572,0.3031211536707859,0.000644934072624892
L30_N14267,random,2.0384600162506104,0.29479906888921575,0.0007637770031578839
L29_N10153,random,1.979554533958435,0.28567645447196904,0.0007695152307860553
L31_N3945,random,2.1039845943450928,0.28808730692561946,0.000823186885099858
L29_N9554,random,1.6664762496948242,0.4001393548674951,0.0004718188720289618
L24_N3804,random,1.6978124380111694,0.29246590941597367,0.0005108079058118165
L29_N10451,random,1.7773798704147339,0.6669947295161617,0.00045119511196389794
L26_N7529,random,1.8907685279846191,0.3991784270003791,0.0006066448404453695
L26_N10925,random,1.8336480855941772,0.299452273147557,0.0006282555405050516
L23_N13183,random,1.8517720699310303,0.29982827756448915,0.0006523160845972598
L29_N4712,random,1.9689642190933228,0.2758478619506277,0.0007326966733671725
L31_N8955,random,2.0900180339813232,0.2962885391895421,0.0008133227238431573
L24_N1210,random,1.818699598312378,0.30222760240330443,0.0006172909052111208
L29_N5661,random,1.8042693138122559,0.30140222450360216,0.000641527003608644
L30_N4901,random,1.6834982633590698,0.28671007299067985,0.0005865561543032527
L31_N6951,random,1.5017691850662231,0.8501131907640095,0.00023669439542572945
L31_N4097,random,1.06662118434906,0.6325500277865655,0.00021588765957858413
L29_N13849,random,2.0971193313598633,0.485393003307021,0.0007450381526723504
L26_N3263,random,1.850708246231079,0.30195938565567637,0.0006467050407081842
L29_N13981,random,1.9373176097869873,0.329217369467158,0.0007122671813704073
L29_N1747,random,1.96863853931427,0.28629319229699013,0.0007348241633735597
L24_N6248,random,1.650471568107605,0.26699315983124716,0.0004814107087440789
L30_N5881,random,2.0183181762695312,0.2813870572447478,0.0007743231253698468
L30_N4847,random,1.8566426038742065,0.3664328314916296,0.0006269958685152233
L31_N4837,random,2.171459674835205,0.28374017677240476,0.0008884433191269636
L23_N13599,random,1.8309965133666992,0.30677218128692246,0.0006422167061828077
L31_N6484,random,1.0298831462860107,0.2937567699175116,0.00021164314239285886
L26_N132,random,1.8647563457489014,0.31907949452060014,0.0006432687514461577
L30_N14173,random,1.838785171508789,0.278433278549418,0.0006392913637682796
L31_N12751,random,2.1702592372894287,0.2894671838316791,0.0008763319347053766
L31_N803,random,1.5935869216918945,0.6288829363152997,0.00036642979830503464
L30_N12208,random,1.8385341167449951,0.2903350130447912,0.0006165970698930323
L29_N13645,random,1.962693691253662,0.294956356380531,0.000724647892639041
L26_N12709,random,1.8699761629104614,0.2878724293740352,0.0006577814347110689
L24_N9946,random,1.8319119215011597,0.2982490423753964,0.00067153136478737
L26_N3588,random,1.8780773878097534,0.3027488097649862,0.0006657239282503724
L31_N3115,random,1.7049709558486938,0.6853569973112136,0.00039331690641120076
L30_N4106,random,2.0725395679473877,0.5701714889678844,0.0006640201900154352
L31_N12379,random,1.430922269821167,0.6786799806847702,0.0006580137414857745
L31_N12574,random,1.6968157291412354,0.2673287973459281,0.0006020338623784482
L31_N11155,random,1.4602662324905396,0.34724661641703336,0.00036746455589309335
L24_N10293,random,1.7014905214309692,0.4513659470669529,0.0004969362053088844
L23_N10280,random,1.836409568786621,0.26986922033828264,0.000640824087895453
L31_N645,random,2.0924289226531982,0.30190018939377566,0.000815192935988307
L26_N12920,random,1.8648408651351929,0.27847777392949685,0.0006528273224830627
L29_N546,random,1.4875547885894775,0.5113150491774163,0.0003780438855756074
L30_N5977,random,1.9564690589904785,0.43780555287253187,0.00064019241835922
L31_N2153,random,1.7621500492095947,0.3084233403915601,0.0006594290607608855
L23_N4835,random,1.815883994102478,0.2935405116409964,0.0006177937029860914
L26_N12246,random,1.8686637878417969,0.3062267343602393,0.0006511624669656157
L29_N2877,random,2.038843870162964,0.48613730685138123,0.0007065933314152062
L24_N2165,random,1.8226126432418823,0.28940503228702474,0.0006477100541815162
L30_N5994,random,2.045459032058716,0.2966757863017554,0.0007824912900105119
L30_N8221,random,2.064127206802368,0.27704284349810576,0.0008123043226078153
L26_N13606,random,1.8009064197540283,0.30620080042792736,0.000657497497741133
L24_N4210,random,1.4517855644226074,0.24918733565581908,0.00041544693522155285
L29_N13213,random,1.7985553741455078,0.27844500592856064,0.0006049458752386272
L26_N12231,random,1.876274824142456,0.2772174476866336,0.0006555365980602801
L26_N13176,random,1.8610711097717285,0.3025420969980782,0.0006554017309099436
L23_N7673,random,1.8231881856918335,0.29429944831039573,0.0006321046384982765
L23_N2306,random,1.8456565141677856,0.31199124376825216,0.000678583572153002
L24_N14092,random,1.5793144702911377,0.25915860583719375,0.0004890443524345756
L31_N11865,random,2.1603996753692627,0.2917265959449678,0.0008625080808997154
L31_N6511,random,1.6371392011642456,0.594020644208563,0.0004135249473620206
L30_N5992,random,2.039503574371338,0.2866312349511062,0.0008004019618965685
L23_N12954,random,1.8265740871429443,0.2963245543261933,0.0006253221072256565
L29_N228,random,1.865053415298462,0.24812426517675248,0.0006539250607602298
L26_N8791,random,1.8608314990997314,0.3058469219080541,0.0006435173563659191
L23_N7451,random,1.821239709854126,0.29007804593690323,0.0006258407374843955
L26_N11023,random,1.8729937076568604,0.29483200851796687,0.000664719264023006
L31_N11015,random,1.4760116338729858,0.7347167585685787,0.000284863926935941
L26_N9577,random,1.8669519424438477,0.2950437222499235,0.0006798148388043046
L29_N13474,random,1.9789491891860962,0.2817638114654354,0.0007456163875758648
L31_N6086,random,1.129551887512207,0.7465975990983895,0.00016248297470156103
L23_N11056,random,1.8415361642837524,0.2821178572373534,0.0006546992226503789
L24_N7724,random,1.8182101249694824,0.2967984334215713,0.0006182862562127411
L23_N10150,random,1.8336412906646729,0.2903498690298325,0.0006490171072073281
L30_N5374,random,1.6489924192428589,0.5900436940927394,0.0004214569053146988
L30_N3626,random,1.8658372163772583,0.2888407814497806,0.0006591646233573556
L31_N1035,random,2.0493340492248535,0.3049396023133069,0.0008026575669646263
L31_N13498,random,2.2023770809173584,0.2656670587907072,0.0009285819251090288
L29_N11486,random,1.944404125213623,0.2795872794666827,0.0007102345116436481
L26_N10637,random,1.8838627338409424,0.30840010234403137,0.0006595616578124464
L29_N1911,random,1.987596035003662,0.278390772127382,0.0007395214051939547
L24_N742,random,1.8702025413513184,0.29063213344157046,0.0006541776820085943
L23_N4986,random,1.7733690738677979,0.44142566818460766,0.0005716411978937685
L29_N1902,random,1.9361132383346558,0.2888915569699128,0.0007115696207620203
L23_N3846,random,1.7782368659973145,0.32015537777684006,0.0005701210466213524
L30_N2222,random,2.0840656757354736,0.3039602091327809,0.0007729013450443745
L29_N7432,random,1.9206386804580688,0.29738850886498247,0.0006882214802317321
L26_N10985,random,1.8689396381378174,0.32721614928709464,0.0006480040610767901
L31_N11411,random,2.2083492279052734,0.2783839233997644,0.0009182762587442994
L30_N6866,random,1.6116329431533813,0.2878907073582345,0.0005199311999604106
L30_N12161,random,1.8311389684677124,0.7080177363845344,0.00045133428648114204
L31_N2531,random,2.1392016410827637,0.268740146226006,0.0008826134726405144
L29_N10730,random,1.9453048706054688,0.29228447640423166,0.0007436848245561123
L23_N13659,random,1.826208472251892,0.29517537527888027,0.0006247854325920343
L29_N10086,random,1.9854384660720825,0.2825644330876504,0.0007605244754813612
L29_N4583,random,1.9586756229400635,0.2820220635035748,0.0007243005675263703
L23_N11309,random,1.818286418914795,0.30634397068719954,0.0006122643244452775
L26_N3559,random,1.882087230682373,0.30463351744748224,0.0006484276964329183
L29_N7285,random,1.964356780052185,0.26655395827524797,0.0007281878497451544
L24_N14015,random,1.8475035429000854,0.3093971970249586,0.0006449659122154117
L26_N1627,random,1.861619472503662,0.29895550162465256,0.0006575383013114333
L31_N6018,random,1.4299781322479248,0.8644339563996494,0.00017758586909621954
L30_N10564,random,1.9593307971954346,0.32710927399535833,0.0006828380865044892
L26_N992,random,1.9553126096725464,0.30107711386906905,0.00070875947130844
L29_N4520,random,1.963593602180481,0.30468687818377355,0.0006976937875151634
L24_N2001,random,1.8396974802017212,0.3115596104441299,0.0006470927037298679
L29_N1501,random,1.9976584911346436,0.28100499510038124,0.0007416922017000616
L31_N3475,random,2.1733946800231934,0.28177261146779453,0.000881541520357132
L31_N10477,random,2.0596182346343994,0.28113365894870146,0.0007480865460820496
L30_N349,random,2.0434718132019043,0.2896878487660395,0.0007870499975979328
L23_N12890,random,1.8240489959716797,0.2906866257407348,0.0006326485890895128
L26_N3990,random,1.8590284585952759,0.3082570695022749,0.0006544093484990299
L24_N12893,random,1.815324068069458,0.3011053554847967,0.0006263017421588302
L30_N3362,random,1.3462427854537964,0.26724324570278163,0.00035810822737403214
L23_N13595,random,1.8328559398651123,0.3003442902033256,0.0006250673905014992
L30_N3394,random,1.3414855003356934,0.238513951929738,0.00036197417648509145
L30_N3538,random,2.0188066959381104,0.271334925842383,0.0007817274308763444
L24_N5383,random,1.8418059349060059,0.2989684332481396,0.0006431805086322129
L24_N12921,random,1.823779582977295,0.3016214095788254,0.0006719916709698737
L30_N46,random,1.5624473094940186,0.2831355587524,0.00046468418440781534
L26_N14064,random,1.8647347688674927,0.30774796708012125,0.0006450476939789951
L24_N2129,random,1.831127643585205,0.2953875795933268,0.0006376421079039574
L30_N4106,random,2.0725395679473877,0.5701714889678844,0.0006640201900154352
L24_N1801,random,1.8344943523406982,0.27941979953579427,0.0006362833082675934
L31_N14195,random,2.179098606109619,0.2855782871314083,0.0008877276559360325
L23_N2159,random,1.8519468307495117,0.2798587934286527,0.0006484291516244411
L23_N5869,random,1.8399747610092163,0.2870470786461816,0.0006359150283969939
L24_N9647,random,1.8226295709609985,0.30081589604169295,0.000641007034573704
L26_N258,random,1.8786007165908813,0.29534252032761593,0.0006712787435390055
L24_N4347,random,1.8310260772705078,0.3077110905210676,0.0006202238146215677
L23_N2076,random,1.826040267944336,0.3237061115628408,0.000613451178651303
L31_N6897,random,1.7765573263168335,0.306401469823105,0.0005626825732178986
L30_N1862,random,2.0634171962738037,0.30008267857056536,0.0008000488742254674
L31_N1041,random,0.8372498154640198,0.30429567864909374,0.00014052735059522092
L29_N7344,random,1.9950073957443237,0.28727596428508995,0.0007642738637514412
L26_N8408,random,1.8561688661575317,0.31036311017125906,0.0006504926714114845
L30_N1786,random,1.7720390558242798,0.40794285693147336,0.0006247133133001626
L29_N8254,random,1.9677268266677856,0.27490864348980515,0.0007381633040495217
L24_N10077,random,1.8443905115127563,0.2875620585825006,0.0006321227410808206
L23_N11915,random,1.822854995727539,0.3020468744766031,0.000629304617177695
L31_N8543,random,2.1657445430755615,0.2763221049321921,0.0008812043233774602
L26_N7504,random,1.8635450601577759,0.3055163300459646,0.0006713079637847841
L31_N510,random,2.1980490684509277,0.29191672217106196,0.0008947285823523998
L23_N7847,random,1.9605762958526611,0.29375044764849045,0.0007795175770297647
L29_N6984,random,1.9660675525665283,0.2895799138495142,0.000737663998734206
L31_N1768,random,2.2186899185180664,0.2800037556854023,0.0009260630467906594
L29_N11671,random,1.9818909168243408,0.2706078612792449,0.0007471852586604655
L29_N1204,random,1.9344500303268433,0.2631392274002751,0.0007143545662984252
L23_N5277,random,1.817198634147644,0.29684585179968886,0.0006247987621463835
L30_N2430,random,2.0330631732940674,0.2796385367538098,0.0007789883529767394
L23_N2067,random,1.7196855545043945,0.4139177199891736,0.0005152156809344888
L26_N10228,random,1.8603953123092651,0.28984295717681025,0.000646329193841666
L31_N9590,random,2.176356315612793,0.29516692592007254,0.0008876445353962481
L30_N11667,random,1.9858896732330322,0.2851927954066915,0.0007401182665489614
L26_N6240,random,1.8303570747375488,0.30591430405277975,0.000612483941949904
L30_N8692,random,2.0310349464416504,0.290907481082144,0.0007750706863589585
L26_N7433,random,1.8446379899978638,0.3312138242524552,0.0006402969593182206
L30_N9919,random,2.055286407470703,0.2934557071747282,0.0007973390747793019
L29_N1624,random,1.9415464401245117,0.39070307666642523,0.0006773474742658436
L31_N1874,random,1.8627257347106934,0.34754768367835454,0.0006213564774952829
L31_N10664,random,2.2937378883361816,0.2750961890749213,0.0010072715813294053
L30_N11810,random,1.1691838502883911,0.24176552903392876,0.00027935096295550466
L24_N7046,random,1.6801872253417969,0.2738527171417958,0.0005264667561277747
L29_N3743,random,1.9792312383651733,0.3146113095701158,0.0007146999123506248
L29_N5553,random,1.9241102933883667,0.2635765185150036,0.0006912775570526719
L29_N6532,random,1.5311349630355835,0.28530129144683514,0.00043731892947107553
L29_N11953,random,1.968760371208191,0.2753372825395765,0.0007380365277640522
L23_N5120,random,1.8234721422195435,0.30701685683300994,0.0006243463139981031
L29_N5120,random,1.9637097120285034,0.2988438631771211,0.0007173438207246363
L31_N4176,random,2.2023606300354004,0.28584553827335135,0.0009033129899762571
L26_N2500,random,1.8396553993225098,0.29027401109401624,0.000638726691249758
L31_N7770,random,2.1368441581726074,0.28215309573808334,0.0008494890062138438
L23_N1494,random,1.680171012878418,0.45958524637303433,0.00048093157238326967
L23_N1527,random,1.7960678339004517,0.29324191820109163,0.0005906519363634288
L29_N1582,random,1.8072701692581177,0.2573432696353186,0.0006333102355711162
L31_N12104,random,1.7730603218078613,0.38858690899779863,0.0005994463572278619
L26_N13300,random,1.8531086444854736,0.3129624556971731,0.0006616719765588641
L24_N9115,random,1.8565011024475098,0.28739901086585207,0.0006443804013542831
L23_N9608,random,1.8100253343582153,0.2944536250249196,0.000616053119301796
L30_N9202,random,1.9628015756607056,0.2886807809281953,0.0007136792992241681
L26_N10977,random,1.8575865030288696,0.3208332196740951,0.0006425681058317423
L23_N6730,random,1.8227522373199463,0.4159974974844295,0.0006029925425536931
L26_N14313,random,1.845546007156372,0.30504744932999056,0.0006359124672599137
L31_N12292,random,1.5500308275222778,0.29268453671342204,0.00042041449341923
L29_N14222,random,1.9288945198059082,0.5966330340577445,0.0005810413858853281
L31_N842,random,2.1891393661499023,0.2747171995349092,0.0008972851792350411
L26_N9837,random,1.883712649345398,0.30283468381310247,0.0006530230166390538
L26_N5761,random,1.8654673099517822,0.30081766031726753,0.0006590711418539286
L23_N9468,random,1.7132806777954102,0.2585542135829784,0.0005375071195885539
L30_N3485,random,2.0299360752105713,0.2848438584999344,0.0007707160548307002
L24_N10759,random,1.835471510887146,0.3165951064093001,0.000632297364063561
L29_N3674,random,1.9301577806472778,0.3999386832393463,0.0006816796958446503
L23_N5736,random,1.8327010869979858,0.2866701366212661,0.0006291724857874215
L30_N6022,random,2.050870656967163,0.29484911893795684,0.0008307122043333948
L23_N12494,random,1.8115283250808716,0.3196676919272023,0.0006022104062139988
L26_N9406,random,1.856034517288208,0.3206506470857287,0.0006947887013666332
L24_N13225,random,1.8286821842193604,0.30063774688713246,0.000627719855401665
L29_N13847,random,1.9199508428573608,0.4921178289561924,0.0006042678724043071
L30_N12573,random,1.197485327720642,0.2144240030044223,0.00027436960954219103
L30_N10052,random,1.2696892023086548,0.3126130594044894,0.000298977829515934
L31_N10529,random,1.3727320432662964,0.5036293852226419,0.0002816766791511327
L30_N430,random,2.0507683753967285,0.28931953045169445,0.0008221888565458357
L30_N10777,random,1.4109792709350586,0.2299839930922715,0.0003830722998827696
L31_N4381,random,2.114022970199585,0.3185714946129582,0.0008320251945406199
L23_N2955,random,1.8459868431091309,0.30008743797316084,0.0006344523280858994
L26_N11513,random,1.8499499559402466,0.3204823209278961,0.0006386059685610235
L26_N5567,random,1.8142987489700317,0.32148762886431353,0.0006155564915388823
L26_N100,random,1.876724123954773,0.2867102501812692,0.0006627350812777877
L24_N14251,random,1.8221129179000854,0.3149830771726181,0.0006130905239842832
L24_N9278,random,1.5857601165771484,0.5794286259474993,0.00041179091203957796
L31_N6566,random,1.6606858968734741,0.5743873862851063,0.0004447555693332106
L23_N2324,random,1.819839596748352,0.2974220814944938,0.0006436443654820323
L31_N10373,random,1.3591527938842773,0.5127123861604632,0.00026620025164447725
L23_N1503,random,1.8249858617782593,0.3153098377777948,0.0006185130914673209
L31_N8691,random,1.4174484014511108,0.28918661316791383,0.0003748584713321179
L24_N6163,random,1.827399492263794,0.28714348263174355,0.0006272844620980322
L29_N7432,random,1.9206386804580688,0.29738850886498247,0.0006882214802317321
L26_N2578,random,1.8545596599578857,0.2997178022016453,0.0006480112206190825
L26_N5105,random,1.8484734296798706,0.2762282425259527,0.0006739100790582597
L31_N5314,random,1.9741839170455933,0.2961421211752541,0.0006985141080804169
L30_N9768,random,2.007772445678711,0.3132718013696615,0.0007493912125937641
L23_N861,random,1.9285836219787598,0.3279214497523521,0.0006927183130756021
L24_N2579,random,1.8033263683319092,0.3076861929422293,0.0005998333799652755
L30_N815,random,1.7578752040863037,0.47579693131612144,0.0005192628013901412
L31_N1336,random,2.087523937225342,0.29877268660961653,0.0008083332213573158
L26_N7259,random,1.842124342918396,0.3025522331981545,0.0006595534505322576
L31_N6947,random,1.8367427587509155,0.33799310927781767,0.0006161698838695884
L29_N9946,random,2.0016915798187256,0.28225507141946465,0.0007496746839024127
L29_N6785,random,1.9812126159667969,0.29723135599226025,0.0007565066916868091
L26_N3531,random,1.7744375467300415,0.3399497321317547,0.0005394357722252607
L30_N1864,random,1.5887508392333984,0.43893970227607576,0.0005031549371778965
L26_N7043,random,1.8697667121887207,0.3019333441132413,0.0007234473014250398
L23_N4640,random,1.8431384563446045,0.31002668197233874,0.0006328551680780947
L31_N11116,random,1.5159021615982056,0.39097343416804575,0.0004016017774119973
L30_N7972,random,2.019850492477417,0.27378944332874494,0.0007610215106979012
L30_N10930,random,2.0348339080810547,0.29942433908424937,0.0007642317796126008
L26_N744,random,1.8699592351913452,0.30422073832606755,0.0006485393969342113
L24_N6475,random,1.8387752771377563,0.298647596883938,0.0006358004175126553
L30_N897,random,2.04144287109375,0.293635149438482,0.0007719841087237
L23_N3349,random,1.832846760749817,0.3013638734789836,0.0006246761186048388
L26_N3460,random,1.8538283109664917,0.3146882661496779,0.0006339802057482302
L24_N12520,random,1.8329263925552368,0.3004234408400623,0.0006544713978655636
L26_N4742,random,1.8789560794830322,0.29632531153125435,0.0006520776660181582
L26_N1965,random,1.824572205543518,0.3021557243411772,0.0006248150602914393
L23_N8149,random,1.843166470527649,0.2934697383378228,0.0006255034822970629
L31_N7055,random,2.2318241596221924,0.27468499720325246,0.0009578228928148746
L24_N2116,random,1.781332015991211,0.3137634431596657,0.0005983059527352452
L29_N8725,random,1.9836318492889404,0.27743554500999523,0.0007419193279929459
L31_N3770,random,2.177643060684204,0.2678520263905902,0.0008786329417489469
L30_N9154,random,2.0258755683898926,0.2994520331286135,0.0007618978270329535
L31_N13208,random,1.934449553489685,0.3220364102660243,0.0010341772576794028
L26_N1180,random,1.6566290855407715,0.43116960923399617,0.00046910493983887136
L29_N14119,random,1.8835582733154297,0.32681853253922705,0.0005973294028081
L31_N693,random,1.4003368616104126,0.25777796088132704,0.0003502963518258184
L29_N307,random,2.006985902786255,0.29168698543517846,0.0007774705300107598
L29_N1275,random,1.323554277420044,0.21435671323160604,0.0003776090161409229
L26_N9433,random,1.9209227561950684,0.6984689833262927,0.0005072539788670838
L29_N9394,random,1.9933865070343018,0.2848143536133074,0.000776318134739995
L29_N11624,random,1.927720308303833,0.2867245401928699,0.0007000414771027863
L31_N6843,random,2.1521103382110596,0.2950946673612314,0.000856501457747072
L26_N1887,random,1.8683139085769653,0.2900735444797455,0.0006549505051225424
L29_N341,random,1.9847171306610107,0.30496178330705825,0.0007324590114876628
L26_N2815,random,1.8558332920074463,0.31163840906941587,0.0006707119173370302
L30_N7538,random,1.7687374353408813,0.3279909443919583,0.0005860675009898841
L31_N5928,random,1.7617484331130981,0.27501594024456416,0.000561846827622503
L23_N7155,random,1.8145246505737305,0.2867500920917491,0.0006131398840807378
L23_N3986,random,1.8302773237228394,0.30281215089726454,0.0006395139498636127
L29_N9648,random,1.9843993186950684,0.2942840976142717,0.0007353188702836633
L29_N8584,random,2.0439162254333496,0.42720146120428,0.0006867351476103067
L23_N6484,random,1.83087956905365,0.28872191616228154,0.0006352735217660666
L26_N12219,random,1.8860617876052856,0.2959133979679192,0.000669783737976104
L26_N3630,random,1.9225589036941528,0.2780972027113231,0.0007187312585301697
L26_N12765,random,1.8386305570602417,0.32410052650833293,0.000622738094534725
L24_N1251,random,1.8451906442642212,0.2819858939112993,0.0006638771155849099
L30_N10374,random,1.9995874166488647,0.3718882563676432,0.000765124277677387
L23_N8693,random,1.8142896890640259,0.2968604471836358,0.0006208597333170474
L30_N3176,random,2.017662763595581,0.2830670823123842,0.0007563646067865193
L26_N5752,random,1.6592000722885132,0.3894088169084446,0.0004748974461108446
L31_N13417,random,2.1645894050598145,0.3034640254356307,0.0008625343325547874
L31_N13353,random,2.154629945755005,0.29399594871943796,0.0008650047820992768
L24_N3871,random,1.7495770454406738,0.3596511596960956,0.0005821172380819917
L23_N2399,random,1.8170257806777954,0.3132541463175988,0.0006169264088384807
L26_N3232,random,2.0432775020599365,0.3440384547225146,0.00076099211582914
L24_N9869,random,1.6850587129592896,0.261624021750695,0.0005404843250289559
L24_N12455,random,1.7823525667190552,0.277332453269762,0.0006032095989212394
L31_N1234,random,2.1659340858459473,0.2964380820298982,0.0008942786371335387
L24_N12662,random,1.6616613864898682,0.2610230800761142,0.00049221032531932
L31_N8095,random,1.4567034244537354,0.23165646510267526,0.0003948882222175598
L29_N12360,random,1.9531261920928955,0.2775611403903663,0.0007355256821028888
L30_N12449,random,1.9144903421401978,0.27873576368123754,0.000663626822642982
L30_N7354,random,1.9358422756195068,0.312903511045032,0.000689350941684097
L31_N9248,random,1.6632698774337769,0.2692007084723682,0.0005131475045345724
L31_N10408,random,1.4972083568572998,0.6376620745600969,0.00034166406840085983
