pair,set,direction,logodds_rec,entropy_rec
0,direction,control_to_uncertain,-0.681768113470537,0.23035103258533127
0,direction,uncertain_to_control,-1.0,0.07115199091713209
0,random0,control_to_uncertain,-0.02033750443008642,0.015586910395916326
0,random1,control_to_uncertain,-0.09829310437834649,0.04140386504247495
0,random2,control_to_uncertain,0.06343071692864356,-0.016189621147212525
0,random3,control_to_uncertain,-0.14027379239179424,-0.041343811030040874
0,random4,control_to_uncertain,0.09848683909056054,-0.04287892664908861
0,random5,control_to_uncertain,0.1365365685870185,-0.07531074635199007
0,random6,control_to_uncertain,0.0737903036356581,-0.045536738765648864
0,random7,control_to_uncertain,0.010637427806267608,-0.05394032102366767
0,random8,control_to_uncertain,-0.061086758928473026,-0.0007526046016085552
0,random9,control_to_uncertain,0.09609415739031223,-0.014947660757536748
1,direction,control_to_uncertain,0.33435711664458667,-0.09551684512099855
1,direction,uncertain_to_control,0.014032082463583919,0.19183309004109106
1,random0,control_to_uncertain,0.004644093831743127,0.0031409477466763556
1,random1,control_to_uncertain,-0.02177133257303342,0.004861151075362222
1,random2,control_to_uncertain,-0.017199718780101927,0.0071503698287644695
1,random3,control_to_uncertain,-0.019949782539989684,0.013476520869195254
1,random4,control_to_uncertain,-0.001537531729081949,0.005309687025477848
1,random5,control_to_uncertain,-0.029219734146135407,0.005511827226996623
1,random6,control_to_uncertain,-0.016818949902831656,0.010316653060623113
1,random7,control_to_uncertain,0.001638062139730109,-0.0025134323604661065
1,random8,control_to_uncertain,-0.001969361566905707,-0.00018898314698205033
1,random9,control_to_uncertain,-0.01627637746224904,0.009262675129842322
2,direction,control_to_uncertain,1.0203176182791085,0.02765471755712378
2,direction,uncertain_to_control,0.21862181742048076,0.27667135770013124
2,random0,control_to_uncertain,-0.005882866042731523,0.051289973007761974
2,random1,control_to_uncertain,-0.028368199212316564,0.045031167485106015
2,random2,control_to_uncertain,-0.08425013560094909,0.0731746144977587
2,random3,control_to_uncertain,-0.010579500907279058,0.04696982492286808
2,random4,control_to_uncertain,-0.03427401783721172,0.04622932177412333
2,random5,control_to_uncertain,-0.0991383131171138,0.1978134766065522
2,random6,control_to_uncertain,0.015274943429896014,0.04753067705093277
2,random7,control_to_uncertain,-0.007769449062388882,0.04442468137514595
2,random8,control_to_uncertain,-0.06079349088616678,0.14814311655968032
2,random9,control_to_uncertain,0.013596722162607195,0.0021762688607345287
3,direction,control_to_uncertain,-1.0,0.05652661631840938
3,direction,uncertain_to_control,-0.2941402703115613,0.41893622284739285
3,random0,control_to_uncertain,0.04273364862513466,-0.009002234634357963
3,random1,control_to_uncertain,0.02761545050856234,0.0037395313205337514
3,random2,control_to_uncertain,0.07787370471404348,-0.0005247436206556581
3,random3,control_to_uncertain,0.01669205032863766,0.004306436422849026
3,random4,control_to_uncertain,-0.028947708725341702,0.008950670232328217
3,random5,control_to_uncertain,0.02806763626390108,9.645576379682038e-05
3,random6,control_to_uncertain,-0.021957682228206057,0.02280036308416496
3,random7,control_to_uncertain,-0.021867747816088037,0.006503181055986884
3,random8,control_to_uncertain,-0.12092966486583713,0.001881190714049937
3,random9,control_to_uncertain,-0.06649225349103323,0.009923013083936205
4,direction,control_to_uncertain,0.26562807227874324,0.7019941888216061
4,direction,uncertain_to_control,0.6288899688021508,0.6280829137300347
4,random0,control_to_uncertain,-0.007872074794568244,0.006437840694598586
4,random1,control_to_uncertain,0.005608383877009745,-0.006142973515050797
4,random2,control_to_uncertain,0.001997650464975223,0.0010190999172389888
4,random3,control_to_uncertain,0.011620463897330683,-0.021353947330949568
4,random4,control_to_uncertain,0.007908337035348233,-0.012066187528363146
4,random5,control_to_uncertain,-0.006144689509257463,0.021037382377812414
4,random6,control_to_uncertain,0.005084869779535551,-0.010633856294880532
4,random7,control_to_uncertain,-0.0008130252560639356,0.007921078243040865
4,random8,control_to_uncertain,-0.005442152601718959,0.010627180056853034
4,random9,control_to_uncertain,-0.0036711704800011687,0.014266007958423449
5,direction,control_to_uncertain,0.17768065034207875,0.3482799037249912
5,direction,uncertain_to_control,0.8515587011120612,1.3908758506672794
5,random0,control_to_uncertain,-0.01788847407602765,0.04159909901601123
5,random1,control_to_uncertain,0.0072927094703319284,0.04123677654743315
5,random2,control_to_uncertain,-0.0274846106345543,0.06104040040453633
5,random3,control_to_uncertain,0.01811053661725037,-0.028112929721035414
5,random4,control_to_uncertain,-0.01191281191487618,0.0356870503578165
5,random5,control_to_uncertain,0.00764586824643535,2.0948826365059782e-05
5,random6,control_to_uncertain,0.01846369539335379,-0.00882143220406423
5,random7,control_to_uncertain,-0.019450537321257177,0.04486237279846281
5,random8,control_to_uncertain,-0.01652421055534198,0.06071747226981456
5,random9,control_to_uncertain,-0.007190805640280712,0.08104139119179586
6,direction,control_to_uncertain,0.40137992579259846,0.3227421932175674
6,direction,uncertain_to_control,0.9300422675185759,0.7537373937515446
6,random0,control_to_uncertain,0.0068503496524728435,0.006442246930444085
6,random1,control_to_uncertain,0.007180269965375446,0.01148126480936815
6,random2,control_to_uncertain,-0.012221356590520984,0.0480231230452428
6,random3,control_to_uncertain,0.0032337795894087553,-0.006592989913779656
6,random4,control_to_uncertain,0.0018044752270161791,0.029324396579135974
6,random5,control_to_uncertain,0.0036368598265776983,0.04085550185625203
6,random6,control_to_uncertain,-0.004450172807477937,0.008598335792577655
6,random7,control_to_uncertain,0.006889936586752635,0.007217461656738681
6,random8,control_to_uncertain,0.007791561128269666,0.02665109070610872
6,random9,control_to_uncertain,0.013614518899345432,0.017588920952651677
7,direction,control_to_uncertain,0.5554422642264075,0.35431972325659117
7,direction,uncertain_to_control,0.755488907213785,0.13746725743115037
7,random0,control_to_uncertain,-0.01052264467729695,0.012346752946940851
7,random1,control_to_uncertain,-0.005644853997919887,-0.0029069890352428165
7,random2,control_to_uncertain,-0.01858034164494806,0.04774014581873396
7,random3,control_to_uncertain,0.005849005963408818,-0.006879180690502836
7,random4,control_to_uncertain,-0.017095000974534057,0.025536348731455855
7,random5,control_to_uncertain,-0.013302781022932201,0.020492379131363713
7,random6,control_to_uncertain,-0.005117927629029044,-0.002569687517092782
7,random7,control_to_uncertain,-0.006271817674563087,-0.002609139465982308
7,random8,control_to_uncertain,-0.010894110225277854,0.03513303529883306
7,random9,control_to_uncertain,-0.010698018137664706,0.015633593438799488
8,direction,control_to_uncertain,0.4186107259679984,-0.10086731807289682
8,direction,uncertain_to_control,0.7691074850399495,0.06536831156228992
8,random0,control_to_uncertain,-0.004822807190663134,-0.01168995157267627
8,random1,control_to_uncertain,-0.01541310883639138,0.01213308249048188
8,random2,control_to_uncertain,-0.000835240732425084,-0.008417975046095667
8,random3,control_to_uncertain,-0.0017307622242191346,-0.036476043387045624
8,random4,control_to_uncertain,-0.02194823026025987,-0.002319001390108999
8,random5,control_to_uncertain,-0.009559090705163052,-0.01992005389745731
8,random6,control_to_uncertain,0.0020570809134659884,-0.011449313167557712
8,random7,control_to_uncertain,-0.02126859934248935,0.003569749748556918
8,random8,control_to_uncertain,-0.022793084734480867,-0.010155041522150502
8,random9,control_to_uncertain,-0.0038680442629375126,-0.021483447334622457
9,direction,control_to_uncertain,0.4003915543275605,0.001240412511974842
9,direction,uncertain_to_control,0.9415950322387335,0.476270135447219
9,random0,control_to_uncertain,-0.007533682667493826,-0.0032903328352727962
9,random1,control_to_uncertain,-0.001145813280812926,-0.0030348649640039626
9,random2,control_to_uncertain,-0.00586187630249556,-0.01748698856384896
9,random3,control_to_uncertain,-0.008022614652323727,-0.017834293085240763
9,random4,control_to_uncertain,-0.014660486319101067,0.0022086782991831808
9,random5,control_to_uncertain,-0.008482965361354412,-0.030008483393395794
9,random6,control_to_uncertain,-0.008417017956575434,-0.12049586231448572
9,random7,control_to_uncertain,-0.006574272990105662,0.0006643400123619132
9,random8,control_to_uncertain,-0.014902100284528583,-0.08303021547620178
9,random9,control_to_uncertain,1.7295179699204796e-05,-0.1126444464642864
10,direction,control_to_uncertain,0.6202282521397142,0.25223742127713067
10,direction,uncertain_to_control,0.889337672673726,0.03478160674084913
10,random0,control_to_uncertain,0.009838208851716466,-0.006489189853864619
10,random1,control_to_uncertain,0.007686954439954789,0.01526796297436033
10,random2,control_to_uncertain,-0.02613172568380413,0.05403427685103511
10,random3,control_to_uncertain,0.00575547787809938,-0.003694248433108143
10,random4,control_to_uncertain,0.010183444233914872,-0.006136172561404399
10,random5,control_to_uncertain,-0.0006499742118437968,-0.011706707205447727
10,random6,control_to_uncertain,-0.01740518808997904,0.016600124787142543
10,random7,control_to_uncertain,-0.009357853708157551,0.03173740011722249
10,random8,control_to_uncertain,-0.015217526156774786,0.03877721033445551
10,random9,control_to_uncertain,-0.014774275184403187,0.033492428310802916
11,direction,control_to_uncertain,0.32797295773771806,0.4098469294455788
11,direction,uncertain_to_control,0.8691175784538216,1.2443281059320659
11,random0,control_to_uncertain,-0.012962715010934494,0.03550823006012896
11,random1,control_to_uncertain,0.0044939992348255456,0.011404009809265862
11,random2,control_to_uncertain,-0.02077896863356445,0.019157954878225573
11,random3,control_to_uncertain,-0.0004645416191100605,-0.015651025954446757
11,random4,control_to_uncertain,-0.014093582710990682,0.016120527659673874
11,random5,control_to_uncertain,-0.0009164484837036822,0.008920532399315223
11,random6,control_to_uncertain,-0.00635728250099077,0.013105412590132101
11,random7,control_to_uncertain,-0.0011155745017161541,-0.0025502786318349117
11,random8,control_to_uncertain,0.005517271423569797,0.003442899817377596
11,random9,control_to_uncertain,-0.0023685591051529446,0.007153072134865041
12,direction,control_to_uncertain,0.9260290527484561,0.09802349721535615
12,direction,uncertain_to_control,1.1707378490991793,0.8053897049369103
12,random0,control_to_uncertain,-0.00029507042789323027,-0.004265650624706505
12,random1,control_to_uncertain,-0.01945071863669486,-0.012074586976944924
12,random2,control_to_uncertain,-0.011715934244883543,0.001894807199258885
12,random3,control_to_uncertain,0.001743056917361382,0.0026033522922993156
12,random4,control_to_uncertain,-0.014991712993971458,-0.007027090271053981
12,random5,control_to_uncertain,-0.01677698418756294,-0.01667938306526804
12,random6,control_to_uncertain,-0.007659068669619539,0.011600791800075243
12,random7,control_to_uncertain,8.338546714637138e-05,-0.03837302060486108
12,random8,control_to_uncertain,-0.00596706157467595,-0.04206337519395582
12,random9,control_to_uncertain,0.0012872286352198124,-0.0180103796066753
13,direction,control_to_uncertain,0.35422524882057965,0.2787909219667978
13,direction,uncertain_to_control,1.0597860515692372,0.34443773141610967
13,random0,control_to_uncertain,-0.009684268354557456,0.015811135028647998
13,random1,control_to_uncertain,-0.0012083327920786036,-0.0016822161588854454
13,random2,control_to_uncertain,-0.004438885740853289,-0.001870329538408551
13,random3,control_to_uncertain,0.005205302438219084,-0.003513769683544519
13,random4,control_to_uncertain,-0.006897699829249372,-0.0011838283855823341
13,random5,control_to_uncertain,-0.0007954741940044447,0.004310699620826513
13,random6,control_to_uncertain,-0.0009835407694712658,-0.008388942010508722
13,random7,control_to_uncertain,0.004934729724293038,-0.004835534624020293
13,random8,control_to_uncertain,0.0002905497428651171,-0.0022096362296625243
13,random9,control_to_uncertain,-0.008109690031929195,0.012957750686959962
14,direction,control_to_uncertain,0.5388620145440499,0.3241200905892232
14,direction,uncertain_to_control,1.884202009374091,0.519849200293118
14,random0,control_to_uncertain,-0.003727537252261779,-0.010035662216630327
14,random1,control_to_uncertain,0.021482470929097018,-0.009518154081983905
14,random2,control_to_uncertain,0.010257372755125877,-0.006457684953269962
14,random3,control_to_uncertain,-0.00985264683375812,-0.023535453396601874
14,random4,control_to_uncertain,0.0008568561016175497,-0.0012210121126957714
14,random5,control_to_uncertain,-0.030066734800562066,-0.012000832183091097
14,random6,control_to_uncertain,0.0022201565212059357,-0.00429692273497553
14,random7,control_to_uncertain,-0.001957799004386061,0.005427379648115843
14,random8,control_to_uncertain,0.026005297885032377,-0.004195288045686407
14,random9,control_to_uncertain,0.005208336737693685,-0.005842031732400138
15,direction,control_to_uncertain,0.6195831341260686,0.23157281364138566
15,direction,uncertain_to_control,1.2030292175528527,0.015170845200535686
15,random0,control_to_uncertain,-0.028427546794822123,0.007431567239327488
15,random1,control_to_uncertain,0.016066510614883987,-0.018358335703456977
15,random2,control_to_uncertain,-0.014170496076043322,0.023259082578641184
15,random3,control_to_uncertain,-0.00864279298575991,0.040159943927804614
15,random4,control_to_uncertain,-0.033015235274136,-0.00163644175377615
15,random5,control_to_uncertain,-0.02337969562592019,-0.08157619578062705
15,random6,control_to_uncertain,-0.004191369585887695,-0.048961695531118184
15,random7,control_to_uncertain,-0.0038862839645340402,0.00609111254945963
15,random8,control_to_uncertain,-0.011487692037021604,0.026364196427402987
15,random9,control_to_uncertain,-0.06267131215571259,0.0019147481744863795
16,direction,control_to_uncertain,0.20791069704935747,1.0917670986908552
16,direction,uncertain_to_control,0.9199080791721341,0.10483670735331779
16,random0,control_to_uncertain,-0.0017684187984975301,0.01389221743961438
16,random1,control_to_uncertain,-0.00279492273950888,-0.06527142955213168
16,random2,control_to_uncertain,0.03765656900250862,0.04010121443343636
16,random3,control_to_uncertain,0.0035498230990951406,0.1638389629117463
16,random4,control_to_uncertain,-0.003961256928134277,-0.08427390297933494
16,random5,control_to_uncertain,0.019786127599911486,0.07519555777900461
16,random6,control_to_uncertain,-0.002190122979197639,-0.011801088275083582
16,random7,control_to_uncertain,0.010561138370500102,0.0340559725436015
16,random8,control_to_uncertain,0.005327951511662959,0.0034770623232128492
16,random9,control_to_uncertain,-0.008347021724922089,-0.013405095745105044
17,direction,control_to_uncertain,0.652597016316353,0.5475709026430565
17,direction,uncertain_to_control,1.099637313581772,0.9291633191989949
17,random0,control_to_uncertain,-0.01925475717148059,-0.05387095359539503
17,random1,control_to_uncertain,-0.04013639196943235,0.03683939976608039
17,random2,control_to_uncertain,0.0020985337804549265,-0.08341001803450562
17,random3,control_to_uncertain,-0.005527585619754033,-0.0636110333740078
17,random4,control_to_uncertain,-0.05460899822308259,0.010973334340022543
17,random5,control_to_uncertain,-0.026246258550195422,-0.010247252213171564
17,random6,control_to_uncertain,-0.007051608659442524,-0.0781763493440621
17,random7,control_to_uncertain,-0.0064126180127488785,0.009743967889628283
17,random8,control_to_uncertain,-0.012948452687836395,-0.05098217753205318
17,random9,control_to_uncertain,-0.02332273439441066,-0.051299013369224516
18,direction,control_to_uncertain,0.5997978493739429,0.3892698595338177
18,direction,uncertain_to_control,0.844537680354966,0.369135242198026
18,random0,control_to_uncertain,0.0015411796960933919,-0.006547427508496829
18,random1,control_to_uncertain,-0.0018794986705935855,-0.011351025659134206
18,random2,control_to_uncertain,-0.006802140525436145,-0.00589511229446219
18,random3,control_to_uncertain,0.021846537476614962,-0.012360939469055716
18,random4,control_to_uncertain,0.006333158444018345,-0.0276586135356851
18,random5,control_to_uncertain,0.0008495693329023581,0.02756238948602852
18,random6,control_to_uncertain,0.015221416955879002,-0.0021672346746360797
18,random7,control_to_uncertain,0.023175915098119126,-0.040542302097201395
18,random8,control_to_uncertain,0.0178999242683773,-0.011888105993032999
18,random9,control_to_uncertain,0.007925992969069469,-0.005121420239675328
19,direction,control_to_uncertain,0.5907774643465541,0.27006159740247493
19,direction,uncertain_to_control,0.6139861385124697,0.21853187148915737
19,random0,control_to_uncertain,-0.0036734115162192246,0.002075584432388714
19,random1,control_to_uncertain,-0.003784329608991896,-0.002392216955492911
19,random2,control_to_uncertain,-0.0074664537795958545,-0.014568405349196728
19,random3,control_to_uncertain,0.003323504767995565,-0.004907804108115049
19,random4,control_to_uncertain,0.006411458650224305,0.00950718272340703
19,random5,control_to_uncertain,-0.02507260014800599,0.005533391609866902
19,random6,control_to_uncertain,-0.008550606288881244,0.018822691578312855
19,random7,control_to_uncertain,-0.006558409662279145,-0.0013955922621603453
19,random8,control_to_uncertain,0.0018193441117417023,-0.013974057511095624
19,random9,control_to_uncertain,0.01565031006772679,0.012444240592401977
20,direction,control_to_uncertain,1.0450039500160624,0.9595003993261976
20,direction,uncertain_to_control,0.2815880102836191,0.3573848355703444
20,random0,control_to_uncertain,0.008558316938672737,-0.00838965655178714
20,random1,control_to_uncertain,-0.013150275886766165,0.03426073440032555
20,random2,control_to_uncertain,-0.001220975491469667,0.018449631609471436
20,random3,control_to_uncertain,0.004020728691492595,0.01828145783821268
20,random4,control_to_uncertain,0.005620394578927796,-0.02773275457564152
20,random5,control_to_uncertain,-0.04377824396643417,0.05573403352679084
20,random6,control_to_uncertain,0.00456382134242305,-0.006037646010129182
20,random7,control_to_uncertain,-0.002142697102545415,0.00657642494397668
20,random8,control_to_uncertain,-0.02571537558573679,0.026058629667514224
20,random9,control_to_uncertain,-0.008431267662414345,0.039147462790688016
21,direction,control_to_uncertain,1.3232399312156307,0.6279247235457588
21,direction,uncertain_to_control,1.2095417641040906,0.5253435749652408
21,random0,control_to_uncertain,0.028753530109949254,0.002384390158991472
21,random1,control_to_uncertain,-0.030232975354940326,3.938982033827549e-05
21,random2,control_to_uncertain,-0.0398312663194374,0.014564098743801686
21,random3,control_to_uncertain,-0.002423313521370335,-0.007278131286323429
21,random4,control_to_uncertain,-4.42242502736767e-05,-0.011180335556864313
21,random5,control_to_uncertain,-0.01342462822188697,0.004623236499067248
21,random6,control_to_uncertain,0.003786497847794914,-0.0007939608614073089
21,random7,control_to_uncertain,-0.024071021389753956,0.009542366820940852
21,random8,control_to_uncertain,-0.05460179006735867,0.00874955526463625
21,random9,control_to_uncertain,-0.02300537982366927,0.0038716954441780816
22,direction,control_to_uncertain,1.7983714070389192,0.3556557841408677
22,direction,uncertain_to_control,1.1251183907945896,1.6231273233082402
22,random0,control_to_uncertain,0.12255103985573496,0.08075370495032039
22,random1,control_to_uncertain,0.06104732439222834,0.04391094283144727
22,random2,control_to_uncertain,-0.002963760565683068,0.04283908399069087
22,random3,control_to_uncertain,-0.0509878556923842,0.018366060871351543
22,random4,control_to_uncertain,-0.047392596935335166,0.031770698061960485
22,random5,control_to_uncertain,-0.09366054178723421,0.0048483675758352355
22,random6,control_to_uncertain,0.1651516514729798,0.0931569017928663
22,random7,control_to_uncertain,0.006455744819586457,0.03225650111103894
22,random8,control_to_uncertain,-0.006450665745661261,0.035846153228284765
22,random9,control_to_uncertain,0.12024102866242346,0.037620868345169346
23,direction,control_to_uncertain,0.5033353984774602,0.3730390074777117
23,direction,uncertain_to_control,1.0389341240819236,0.5923597264378873
23,random0,control_to_uncertain,-0.009734239381263204,-0.0010385877569257158
23,random1,control_to_uncertain,-0.008307001383483097,0.008189643935545422
23,random2,control_to_uncertain,-0.018234841215481714,0.015305923687401808
23,random3,control_to_uncertain,0.0111178314569946,-0.013412756384571586
23,random4,control_to_uncertain,-0.004392272764672195,-0.0015750652815539785
23,random5,control_to_uncertain,-0.011044815807125347,0.011317476672081604
23,random6,control_to_uncertain,-0.011349683389974951,0.0029634629782754347
23,random7,control_to_uncertain,-0.018709116003886177,-0.0008708426395967643
23,random8,control_to_uncertain,-0.011280155054726319,0.0033158300082743604
23,random9,control_to_uncertain,-0.0013227275377433697,-0.012057191726059029
24,direction,control_to_uncertain,0.5616318812287149,0.34963005565499977
24,direction,uncertain_to_control,0.4483595205821066,0.08837931819155864
24,random0,control_to_uncertain,0.0014681790504049717,0.0008387285686777871
24,random1,control_to_uncertain,0.01225661157909875,-0.001267255792156199
24,random2,control_to_uncertain,0.0001283302683797768,0.002202514859210774
24,random3,control_to_uncertain,0.023437500956204314,-0.006927501626887835
24,random4,control_to_uncertain,0.004915165553389859,0.0008752737794319132
24,random5,control_to_uncertain,0.00139670086563264,0.0006326689838425686
24,random6,control_to_uncertain,0.020081820490616957,-0.005332297850180032
24,random7,control_to_uncertain,0.021884931137990227,-0.013319077859917785
24,random8,control_to_uncertain,-0.005157016397756516,-0.00041616791022045684
24,random9,control_to_uncertain,0.009220441047326758,-0.0018153274076641434
25,direction,control_to_uncertain,0.07907651355174279,0.9048545346054049
25,direction,uncertain_to_control,0.7185837617919021,0.5966717027776088
25,random0,control_to_uncertain,-0.0034277900724967816,-0.0037874075822698257
25,random1,control_to_uncertain,-0.0016789491658906431,0.006588512939169416
25,random2,control_to_uncertain,-0.009602980967402312,0.022884797670275507
25,random3,control_to_uncertain,-0.0030531680738384733,-0.002877807001465973
25,random4,control_to_uncertain,-0.006974226782617121,0.019579238263389444
25,random5,control_to_uncertain,-0.01152900193306118,0.02892531606168281
25,random6,control_to_uncertain,-0.0036765469866812364,-0.0053017372988464736
25,random7,control_to_uncertain,-0.0026180601894514187,-0.005821496493505594
25,random8,control_to_uncertain,-0.008441013562295013,0.02092485954616068
25,random9,control_to_uncertain,8.711555441216221e-05,0.001826853733944029
26,direction,control_to_uncertain,0.245833986625475,0.5538373661709332
26,direction,uncertain_to_control,0.738007971440751,0.37466189592423793
26,random0,control_to_uncertain,-0.026919596372536436,-0.0003969349599527999
26,random1,control_to_uncertain,0.0002700291554577888,0.0019840208706701726
26,random2,control_to_uncertain,0.00331328931433948,0.0001408563268102687
26,random3,control_to_uncertain,0.00254622142859711,0.005370458075961062
26,random4,control_to_uncertain,-0.02608374718055265,-0.002577526916227275
26,random5,control_to_uncertain,-0.023978476453423252,-0.004020748426302776
26,random6,control_to_uncertain,0.00012189923319786021,-0.00393874571793691
26,random7,control_to_uncertain,-0.022165088578598353,-0.006690937095125293
26,random8,control_to_uncertain,-0.0017465449508502855,-0.0007981858519248559
26,random9,control_to_uncertain,-0.0012404708580639908,0.0019161430307309624
27,direction,control_to_uncertain,0.740417997816961,0.2833067960590336
27,direction,uncertain_to_control,1.6299469629823846,1.1418126367761923
27,random0,control_to_uncertain,0.019779872152573336,-0.014803087585689927
27,random1,control_to_uncertain,-0.007678825376830718,0.024433520805686143
27,random2,control_to_uncertain,-0.03892050717182455,0.019026500830850245
27,random3,control_to_uncertain,-0.004601196396560716,-0.04320632690499072
27,random4,control_to_uncertain,0.008140227480641917,-0.03602737003732333
27,random5,control_to_uncertain,0.011756633902082437,0.017534534195331655
27,random6,control_to_uncertain,-0.014311160003077915,0.014923290565636566
27,random7,control_to_uncertain,-0.0445258730018496,0.005760078476236958
27,random8,control_to_uncertain,-0.023735419095036295,0.056859633725211155
27,random9,control_to_uncertain,-0.022198884541177074,0.04208795596342688
28,direction,control_to_uncertain,0.6286762349583894,0.2518869857366299
28,direction,uncertain_to_control,0.628414656287827,1.3288905286758201
28,random0,control_to_uncertain,-0.016601564555167033,0.00527726372493333
28,random1,control_to_uncertain,0.007323437506277601,0.009369383475278546
28,random2,control_to_uncertain,-0.0166467154538708,0.03619894428074337
28,random3,control_to_uncertain,0.02749842784953348,-0.024831223171855037
28,random4,control_to_uncertain,0.004326642263498732,0.0017937899455150255
28,random5,control_to_uncertain,-0.012550036665973461,0.027806659126608024
28,random6,control_to_uncertain,-1.1957335461802817e-05,0.007387702819526642
28,random7,control_to_uncertain,0.0032170971913271246,0.0015139527175026526
28,random8,control_to_uncertain,-0.017357937767138832,0.038940682836150306
28,random9,control_to_uncertain,-0.005005531941678049,0.03701596904467235
29,direction,control_to_uncertain,0.7761597912176137,-0.02640460103350996
29,direction,uncertain_to_control,0.5275791832360397,-0.1903275810537266
29,random0,control_to_uncertain,-0.014023423197513275,0.01996437494061338
29,random1,control_to_uncertain,-0.004725457759812179,0.02562153717963078
29,random2,control_to_uncertain,-0.015004418820994264,0.03863908480301025
29,random3,control_to_uncertain,0.007694857062702852,-0.030117437848257475
29,random4,control_to_uncertain,-0.0021652407022318665,0.014209132176002885
29,random5,control_to_uncertain,-0.004812008459765316,0.031100020998912126
29,random6,control_to_uncertain,-0.012071586531153701,0.013239191832272621
29,random7,control_to_uncertain,0.00973282351375743,-0.024426396837559882
29,random8,control_to_uncertain,-0.004710515268148537,0.013932768318390128
29,random9,control_to_uncertain,-0.007767149258286809,0.0035822603244815908
30,direction,control_to_uncertain,0.30290650916952766,0.3795372644831046
30,direction,uncertain_to_control,0.9554667023148578,1.2183551902838676
30,random0,control_to_uncertain,-0.00371187722405,-0.0002880639024815008
30,random1,control_to_uncertain,0.01145002373438667,-0.003793605883475858
30,random2,control_to_uncertain,-0.0028182952781435197,-0.0005635899917976709
30,random3,control_to_uncertain,0.010471982423502748,-0.030274996290259856
30,random4,control_to_uncertain,0.0036298416377584445,-0.009575525454780505
30,random5,control_to_uncertain,0.009382214237425156,-0.002475759399671158
30,random6,control_to_uncertain,0.006185716262026137,-0.009701515187076022
30,random7,control_to_uncertain,0.014231076720798966,-0.008574641003801786
30,random8,control_to_uncertain,0.0024153886827434044,0.006001025501376827
30,random9,control_to_uncertain,0.005529198516050822,-0.00701246006343369
31,direction,control_to_uncertain,0.45550702312674696,0.22904221098693991
31,direction,uncertain_to_control,1.2128835865170533,1.3078982450454413
31,random0,control_to_uncertain,-0.011296079332039908,0.03806462260943642
31,random1,control_to_uncertain,0.008449299585782524,0.019209445225402733
31,random2,control_to_uncertain,-0.01872828046288184,0.04651097756441458
31,random3,control_to_uncertain,0.004542317776368126,0.0005282386563270652
31,random4,control_to_uncertain,-0.004516429723385291,-0.005351591482499129
31,random5,control_to_uncertain,0.017845756736697013,0.025999674703331536
31,random6,control_to_uncertain,-0.013158206983095187,0.00568448439729207
31,random7,control_to_uncertain,-0.0032905872678931102,0.06146192396504888
31,random8,control_to_uncertain,0.008805217167541525,0.002045666739853425
31,random9,control_to_uncertain,-0.02876697706154548,0.025526934174751405
32,direction,control_to_uncertain,0.8079331021672216,0.03764367153956639
32,direction,uncertain_to_control,0.8624348790179257,0.8503042864912452
32,random0,control_to_uncertain,0.00673611143809814,-0.006356166067018007
32,random1,control_to_uncertain,-0.007145645943447411,0.010560546227077932
32,random2,control_to_uncertain,-0.008592568330686749,0.023671693181780775
32,random3,control_to_uncertain,-0.027526361439045605,0.04960996929764726
32,random4,control_to_uncertain,0.0009352530847063056,0.002690268818403807
32,random5,control_to_uncertain,-0.0037997743004733,0.014516898485705783
32,random6,control_to_uncertain,-0.0044162198173586355,-0.002493933715933196
32,random7,control_to_uncertain,-0.013625846167462556,0.01659446133604184
32,random8,control_to_uncertain,-0.0025903114885453796,0.001815392579376792
32,random9,control_to_uncertain,-0.01613389090970063,0.028060704414357773
33,direction,control_to_uncertain,0.8604818259812717,-0.627269196528284
33,direction,uncertain_to_control,1.156459223072387,2.0
33,random0,control_to_uncertain,-0.028559716611464163,-0.003547934175345916
33,random1,control_to_uncertain,0.007083454350766404,0.09469093138011431
33,random2,control_to_uncertain,-0.015561930741781036,-0.11961396590162564
33,random3,control_to_uncertain,0.003371259086909966,-0.11060158604663936
33,random4,control_to_uncertain,0.013174250989062808,-0.11696480283056998
33,random5,control_to_uncertain,0.01179665678448745,-0.018594086727765927
33,random6,control_to_uncertain,-0.002166551662830886,-0.14555668516300982
33,random7,control_to_uncertain,0.014542501753220388,-0.009985400438011164
33,random8,control_to_uncertain,-0.017702373783870053,-0.11585373411686989
33,random9,control_to_uncertain,0.004987144154906025,-0.10354156646227604
34,direction,control_to_uncertain,0.6925729467197429,0.2690759554727621
34,direction,uncertain_to_control,1.2202418979424616,0.4255963237438944
34,random0,control_to_uncertain,-0.01239348257812654,0.007272587700455224
34,random1,control_to_uncertain,-0.013581703056424877,0.021940761166108887
34,random2,control_to_uncertain,-0.033617729582628444,0.03564249357301188
34,random3,control_to_uncertain,-0.00851362061730138,-0.005236286406373102
34,random4,control_to_uncertain,-0.021408858903166298,0.030910702774982698
34,random5,control_to_uncertain,-0.002768789823337101,-0.0031134309185827927
34,random6,control_to_uncertain,-0.025268753629688546,0.03489045103215876
34,random7,control_to_uncertain,-0.025296445414488205,0.029726180041155403
34,random8,control_to_uncertain,-0.004341586035800522,0.004491222479122436
34,random9,control_to_uncertain,-0.0370447094067827,0.0320593631889085
35,direction,control_to_uncertain,0.33701054145838705,0.18234578854501565
35,direction,uncertain_to_control,0.8920247384800982,1.0210482468959396
35,random0,control_to_uncertain,-0.019818491625422863,0.022501183169335023
35,random1,control_to_uncertain,-0.010537578009520713,0.03005642407906559
35,random2,control_to_uncertain,-0.018739622828128955,0.027857067082345553
35,random3,control_to_uncertain,-0.0027025178325020176,-0.0041364898948895315
35,random4,control_to_uncertain,0.0033509949680172266,0.0027096028318124247
35,random5,control_to_uncertain,-0.01923284358152737,0.03436756838675457
35,random6,control_to_uncertain,-0.015542109175908123,0.022594295240260232
35,random7,control_to_uncertain,-0.0032613747591431087,-0.007870949025211358
35,random8,control_to_uncertain,-7.31079640331934e-05,0.0027596921378235315
35,random9,control_to_uncertain,-0.008414928935219862,0.005368700678725685
36,direction,control_to_uncertain,0.38340327388044454,0.26732938633291675
36,direction,uncertain_to_control,0.8367457253685198,0.16034171488968865
36,random0,control_to_uncertain,-0.006511133516189449,-0.013148628619741438
36,random1,control_to_uncertain,-0.002307476558207462,-0.008138742338051378
36,random2,control_to_uncertain,-0.0010538329939703496,-0.019117810662693472
36,random3,control_to_uncertain,0.003967931156699146,-0.016551879836665687
36,random4,control_to_uncertain,-0.009052281620330883,-0.0029979845892916792
36,random5,control_to_uncertain,-0.0046341261663377115,-0.006004371047692815
36,random6,control_to_uncertain,0.007231800530162221,-0.010881112415377734
36,random7,control_to_uncertain,6.919416766777378e-05,-0.011372078107926753
36,random8,control_to_uncertain,-0.0020248110222029396,-0.011646769805046489
36,random9,control_to_uncertain,0.006679308554083613,-0.019043775369011327
37,direction,control_to_uncertain,0.5646514724611913,1.0403327461394076
37,direction,uncertain_to_control,1.1188992293177218,0.6148280176386784
37,random0,control_to_uncertain,-0.005614400466716642,-0.009606719981951329
37,random1,control_to_uncertain,0.003117682112159235,-0.0010729515217416967
37,random2,control_to_uncertain,-0.009579017937711697,0.006522031202539556
37,random3,control_to_uncertain,-0.0014593353143322418,-0.0015050552956041405
37,random4,control_to_uncertain,-0.0012875306424645395,-0.0025855021126426707
37,random5,control_to_uncertain,-0.00047707073704063264,0.010594599902073967
37,random6,control_to_uncertain,-0.0016294483709692466,0.0040201016324565774
37,random7,control_to_uncertain,0.007547564255564013,-0.014301398191122909
37,random8,control_to_uncertain,-0.0035171852424755986,-0.0012504026378942269
37,random9,control_to_uncertain,-0.012139418557308065,0.003494681432148558
38,direction,control_to_uncertain,0.5368450715859051,0.37637639682948887
38,direction,uncertain_to_control,0.8697299099004044,0.9410538064377948
38,random0,control_to_uncertain,0.00796282055463653,-0.009680008613597689
38,random1,control_to_uncertain,-0.0013891743744109239,0.009109343275488619
38,random2,control_to_uncertain,-0.004440330534225318,0.010053303156758928
38,random3,control_to_uncertain,-0.00047062242702752914,-0.026724759180821355
38,random4,control_to_uncertain,-0.0018281836123210955,-0.012689261130401377
38,random5,control_to_uncertain,-0.005412969674761029,0.037845632562529374
38,random6,control_to_uncertain,-0.005662299777967055,-0.006636266927045407
38,random7,control_to_uncertain,0.008697731431711535,-0.002184990342307908
38,random8,control_to_uncertain,-0.006829561604419148,0.0004201012735343298
38,random9,control_to_uncertain,-0.0013619939636868254,-0.028025783407724155
39,direction,control_to_uncertain,0.30071667331871726,0.5628999188844968
39,direction,uncertain_to_control,1.1387170514197487,0.6966837668744003
39,random0,control_to_uncertain,-0.004472081044916057,0.019991157629544017
39,random1,control_to_uncertain,-0.0015377780538093973,0.034369567444833375
39,random2,control_to_uncertain,-0.009866733032273645,0.02332650025726221
39,random3,control_to_uncertain,0.004824291818464593,-0.001427342741059854
39,random4,control_to_uncertain,-0.004333409578052968,0.017801647547637457
39,random5,control_to_uncertain,-0.006356390243046087,0.020366094789154087
39,random6,control_to_uncertain,-0.004240765236361459,0.016232935057872166
39,random7,control_to_uncertain,0.013636273446265508,-0.00798923475510119
39,random8,control_to_uncertain,-0.007549112380905736,0.019204281315227924
39,random9,control_to_uncertain,-0.005305290028791295,0.023809984797834804
40,direction,control_to_uncertain,0.11852082319029975,0.6327254252497717
40,direction,uncertain_to_control,0.2643797326881363,1.6363547628246315
40,random0,control_to_uncertain,-0.0007585173908292117,0.007726610151137568
40,random1,control_to_uncertain,0.0026782985160568413,-0.03168829180038702
40,random2,control_to_uncertain,-0.00864280934023734,0.0034446521733369
40,random3,control_to_uncertain,-0.0034936532503602336,0.003723296885236614
40,random4,control_to_uncertain,-0.002228208201518061,0.0049386933870354715
40,random5,control_to_uncertain,-0.0005720909042338997,0.0023448677531279377
40,random6,control_to_uncertain,-0.00748083897940654,-0.0009396910801090565
40,random7,control_to_uncertain,0.004831297086858798,-0.036499322015971954
40,random8,control_to_uncertain,-0.0016169456146195233,0.003552230195019701
40,random9,control_to_uncertain,0.010873782601708199,-0.042650962496298024
41,direction,control_to_uncertain,0.23347615055289697,0.6032730156931773
41,direction,uncertain_to_control,0.15031562693060935,0.42957941637492575
41,random0,control_to_uncertain,-0.001841862865268826,-0.037907015085972634
41,random1,control_to_uncertain,0.01570371182522639,-0.00823654748513209
41,random2,control_to_uncertain,0.006080258200227291,-0.001169797207117102
41,random3,control_to_uncertain,0.02875120062974384,-0.04984328085998094
41,random4,control_to_uncertain,0.011140826400920718,-0.00896756873028968
41,random5,control_to_uncertain,0.004600964180364624,-0.004297900768943766
41,random6,control_to_uncertain,0.009326866072419228,-0.038178858511051086
41,random7,control_to_uncertain,0.007557549802745478,0.0013055375698063745
41,random8,control_to_uncertain,0.013329698344033683,-0.04391912531159021
41,random9,control_to_uncertain,0.011685648051188352,-0.04049505879464145
42,direction,control_to_uncertain,0.26393036792947755,0.44363846428860604
42,direction,uncertain_to_control,0.675960377188729,0.728628764120487
42,random0,control_to_uncertain,0.0074189884506538125,0.009033395479206927
42,random1,control_to_uncertain,-0.00396853605279971,0.0004630267186705859
42,random2,control_to_uncertain,0.006700507437204742,-0.005379758879065391
42,random3,control_to_uncertain,-0.0034103874555975644,0.0031242013346326467
42,random4,control_to_uncertain,-0.021057523413381973,0.022350017244766467
42,random5,control_to_uncertain,-0.010813211899629293,0.012577545466367872
42,random6,control_to_uncertain,-0.002107459551026373,0.005989850949266224
42,random7,control_to_uncertain,-0.0023574749613180794,0.0004656930593215592
42,random8,control_to_uncertain,0.0029891425459429195,-0.003733210203944022
42,random9,control_to_uncertain,-0.007904235561809836,0.013881302721548484
43,direction,control_to_uncertain,0.29632921379696836,-0.39102963158617665
43,direction,uncertain_to_control,0.4640585164139669,0.9874414864536292
43,random0,control_to_uncertain,-0.0004818965491798001,-0.014033509745416896
43,random1,control_to_uncertain,0.0036660097020192193,-0.023241210641286446
43,random2,control_to_uncertain,-0.0037811456627413224,-0.0006802779381415444
43,random3,control_to_uncertain,-0.005319684948498417,0.005544829023785249
43,random4,control_to_uncertain,-0.0031586645818715464,0.033594431255739986
43,random5,control_to_uncertain,-0.007073979929419819,0.03915477950378285
43,random6,control_to_uncertain,0.001220748373505032,-0.010622629881601996
43,random7,control_to_uncertain,-0.004797944068678977,0.0015390827797934006
43,random8,control_to_uncertain,-0.003185980385265464,-0.012520217906655941
43,random9,control_to_uncertain,0.0021679170799424243,-0.006638990158495102
44,direction,control_to_uncertain,0.31640349640372045,-0.045167341142615135
44,direction,uncertain_to_control,1.1043796286175376,1.1533121757979858
44,random0,control_to_uncertain,-0.007217219347937131,0.03660278298583273
44,random1,control_to_uncertain,0.00018621370611601507,0.027096986973675928
44,random2,control_to_uncertain,-0.014668997315393837,0.02900908285416538
44,random3,control_to_uncertain,0.015056160337974344,-0.057486825432675207
44,random4,control_to_uncertain,-0.00844898852987492,0.037742931673388644
44,random5,control_to_uncertain,-0.008699662120529016,0.006603702919950637
44,random6,control_to_uncertain,-0.0006236056470761437,-0.002545283970560969
44,random7,control_to_uncertain,0.00757817451558279,-0.02095763717627504
44,random8,control_to_uncertain,-0.0011123367236339308,0.011911409490017576
44,random9,control_to_uncertain,0.00649218021866771,0.016404105697297246
45,direction,control_to_uncertain,0.6632106059482555,0.8077124394273929
45,direction,uncertain_to_control,1.1464784349029586,1.3450850414646491
45,random0,control_to_uncertain,-0.004634158610752878,-0.004245904235265779
45,random1,control_to_uncertain,0.010787235673201367,-0.04496798576440575
45,random2,control_to_uncertain,0.002122206171038793,0.045444019904861806
45,random3,control_to_uncertain,0.015626504882085897,-0.04818142048391411
45,random4,control_to_uncertain,0.015687809224099406,-0.017126933776346318
45,random5,control_to_uncertain,0.009175015786771374,0.04326338153539885
45,random6,control_to_uncertain,0.0008574578498523778,0.003940967844571993
45,random7,control_to_uncertain,-0.006205348348173173,0.024433314284341583
45,random8,control_to_uncertain,0.004255332303457858,-0.009848987851406098
45,random9,control_to_uncertain,0.005356481938524392,-0.012234551319438191
46,direction,control_to_uncertain,0.2566241417482299,0.9051912750365798
46,direction,uncertain_to_control,1.1408396532383533,1.1824762173290417
46,random0,control_to_uncertain,-0.0018035085826782272,0.010130552846450754
46,random1,control_to_uncertain,0.005845310171371039,0.0032129803746303175
46,random2,control_to_uncertain,-0.0014024747316167335,0.02045707381594463
46,random3,control_to_uncertain,0.017660017041430453,-0.0024759954783364754
46,random4,control_to_uncertain,-0.006869224679124762,-0.000638725488152189
46,random5,control_to_uncertain,-1.9744686752952553e-05,0.017009026098218027
46,random6,control_to_uncertain,0.002705945109128723,0.009932460620909776
46,random7,control_to_uncertain,0.006045967557071776,0.0001511259591994525
46,random8,control_to_uncertain,-0.007670650277613506,0.009250781060023125
46,random9,control_to_uncertain,-0.00015486737028382906,-0.0007433572037874163
47,direction,control_to_uncertain,-1.0,1.2600519087187536
47,direction,uncertain_to_control,-1.0,2.0
47,random0,control_to_uncertain,-0.019218838771474293,-0.10292018264121276
47,random1,control_to_uncertain,-0.021305111145353973,-0.03836340712402237
47,random2,control_to_uncertain,0.023939288261665918,0.017490902508921408
47,random3,control_to_uncertain,-6.394213962009491e-05,-0.06744352796988123
47,random4,control_to_uncertain,0.025971009197338333,-0.04652881482860619
47,random5,control_to_uncertain,-0.01835600405166081,-0.01967590584546656
47,random6,control_to_uncertain,-0.001089492103914087,-0.008551240244457282
47,random7,control_to_uncertain,0.02447174103177344,-0.011055008585421381
47,random8,control_to_uncertain,-0.04338256479690687,0.011290392329545528
47,random9,control_to_uncertain,-0.01834208873956725,0.008464492659989088
48,direction,control_to_uncertain,0.5631158531905485,0.6648966592767332
48,direction,uncertain_to_control,1.346074519022846,1.1504432645096476
48,random0,control_to_uncertain,-0.02299435663760046,0.004318456161389834
48,random1,control_to_uncertain,0.0008301391368827052,-0.002028996941461734
48,random2,control_to_uncertain,-0.02225452063906399,0.005131822210300147
48,random3,control_to_uncertain,-0.005174537337276689,0.012309682916630506
48,random4,control_to_uncertain,-0.03158863676879838,0.0047005236070238555
48,random5,control_to_uncertain,0.004164096487405885,-0.013905908527877932
48,random6,control_to_uncertain,-0.0024624990710807016,0.0005280778020602398
48,random7,control_to_uncertain,-0.03517619416382847,0.0202011850192112
48,random8,control_to_uncertain,-0.04901100043491697,-0.007850055358753652
48,random9,control_to_uncertain,0.002261791589899693,-0.013782620244209684
49,direction,control_to_uncertain,0.4576076812089287,0.6307448008184199
49,direction,uncertain_to_control,0.6046636928421619,1.7170751955540358
49,random0,control_to_uncertain,-0.023131895647212387,0.039487756320781026
49,random1,control_to_uncertain,-0.024526233447045867,0.09874835380458433
49,random2,control_to_uncertain,-0.014141769987087039,0.004723263528195555
49,random3,control_to_uncertain,0.03945324413809201,-0.04128518305836403
49,random4,control_to_uncertain,9.7002939710321e-05,0.0018037355104334916
49,random5,control_to_uncertain,-0.02469201566641973,0.07551773159469288
49,random6,control_to_uncertain,-0.0005031948038970518,0.024486641531942105
49,random7,control_to_uncertain,-0.0013984696419574456,0.011845581313988341
49,random8,control_to_uncertain,0.0031753524556681944,0.026009349888126816
49,random9,control_to_uncertain,0.027012458203238575,-0.09164352852533152
50,direction,control_to_uncertain,0.5059655894654123,0.1618413883923643
50,direction,uncertain_to_control,0.8062969980031857,1.353415360993879
50,random0,control_to_uncertain,0.00568613553883553,-0.039884970360720126
50,random1,control_to_uncertain,-0.016284837727372402,0.006987391792060308
50,random2,control_to_uncertain,-0.010225054364194559,-0.010344758030259023
50,random3,control_to_uncertain,0.03003936029760171,-0.02422733030062776
50,random4,control_to_uncertain,0.003625033509208458,-0.012406197593940524
50,random5,control_to_uncertain,-0.001124215598211129,0.0138654813803199
50,random6,control_to_uncertain,-0.0025446066450799435,-0.004813669055383526
50,random7,control_to_uncertain,0.013256004674519543,-0.06222395604223079
50,random8,control_to_uncertain,0.016177964344518018,-0.05502551163119528
50,random9,control_to_uncertain,0.008578597962688245,-0.03404127708297458
51,direction,control_to_uncertain,0.9529546572623888,0.34306656478989345
51,direction,uncertain_to_control,1.8588490217919105,1.1466335805225902
51,random0,control_to_uncertain,0.023485794713841143,-0.010098071472138646
51,random1,control_to_uncertain,0.025422865599143984,0.0036742026502063984
51,random2,control_to_uncertain,0.014487641735921689,-0.0023487525457573117
51,random3,control_to_uncertain,0.0034121869171993514,0.0026153934371378113
51,random4,control_to_uncertain,0.02641544561749859,-0.011616836222838595
51,random5,control_to_uncertain,-0.017428405469385996,-0.01081881812649267
51,random6,control_to_uncertain,0.014794216305302026,0.0061380461113248845
51,random7,control_to_uncertain,0.015092618210609154,-0.004109262635224173
51,random8,control_to_uncertain,0.01685203331895476,-0.008096904374073772
51,random9,control_to_uncertain,0.016286724165012863,0.010620333911939533
52,direction,control_to_uncertain,0.3973444815662266,-0.11602095940493212
52,direction,uncertain_to_control,0.6427250837055344,0.1611910268345101
52,random0,control_to_uncertain,-0.017074254959983406,0.017085234571743792
52,random1,control_to_uncertain,-0.0070136570038092936,-0.04314424123082381
52,random2,control_to_uncertain,0.0028091941406680567,0.05489717075644057
52,random3,control_to_uncertain,0.004577445507069324,0.008479499778853407
52,random4,control_to_uncertain,-0.027377591654547378,0.04310617201366601
52,random5,control_to_uncertain,-0.0015372108804639286,0.02266321157145231
52,random6,control_to_uncertain,-0.00508475636019363,-0.016583327502677134
52,random7,control_to_uncertain,0.009930606168145638,-0.02053185833942284
52,random8,control_to_uncertain,-0.011503214346978841,-0.0553877825632736
52,random9,control_to_uncertain,-0.009026260660662842,0.007135886501858332
53,direction,control_to_uncertain,0.28734326619673645,0.5698075051966736
53,direction,uncertain_to_control,0.791284078656652,0.2732867798266018
53,random0,control_to_uncertain,-0.01529784924555161,0.008668160172248505
53,random1,control_to_uncertain,-0.0232323256715297,0.04318323840645762
53,random2,control_to_uncertain,-0.012462088785920228,0.0011531622027061642
53,random3,control_to_uncertain,0.0018890983313522708,0.03346808790755842
53,random4,control_to_uncertain,-0.004859210283245655,0.024899318174172208
53,random5,control_to_uncertain,-0.002199676392917086,-0.01830140362504904
53,random6,control_to_uncertain,0.0002509211693716796,0.013003299857934188
53,random7,control_to_uncertain,-0.014788213642142726,0.03045161987607453
53,random8,control_to_uncertain,-0.018247984096471395,-0.012875406190869378
53,random9,control_to_uncertain,0.04769521881017484,0.0017783259439508917
54,direction,control_to_uncertain,0.31140466257576355,-0.12412257192498775
54,direction,uncertain_to_control,1.0032851419678863,1.6903052820895395
54,random0,control_to_uncertain,-0.007638886536713691,0.008897498167509755
54,random1,control_to_uncertain,-0.001961300131909985,0.007573343361664182
54,random2,control_to_uncertain,0.014851747101649722,0.0029553865445359232
54,random3,control_to_uncertain,0.009405991084315132,-0.003333280424120252
54,random4,control_to_uncertain,-0.00800605167634822,0.0060022449786104335
54,random5,control_to_uncertain,0.0012604648274538361,0.010276190162223716
54,random6,control_to_uncertain,0.005706828646859469,0.00047241822372375854
54,random7,control_to_uncertain,0.011105315351424384,-0.04100535237739409
54,random8,control_to_uncertain,-0.0018268686150204262,0.017909259885577723
54,random9,control_to_uncertain,0.0012789058810025158,0.008847743157516018
55,direction,control_to_uncertain,0.08963910786762411,0.35554233393343065
55,direction,uncertain_to_control,0.8685810177958164,0.46484076298425075
55,random0,control_to_uncertain,-0.033415108882297845,0.02030977140783554
55,random1,control_to_uncertain,-0.0551820071027162,0.01828833303249727
55,random2,control_to_uncertain,-0.02502034225725882,0.026641201962436013
55,random3,control_to_uncertain,-0.018908835466749922,0.0006435667063790269
55,random4,control_to_uncertain,0.003101925928816734,0.0075821186842892855
55,random5,control_to_uncertain,-0.035665245472994066,0.029118581327611675
55,random6,control_to_uncertain,0.0093259736965345,-0.01986822855451933
55,random7,control_to_uncertain,-0.024664572275991257,0.009606706651991566
55,random8,control_to_uncertain,-0.008236175070246644,0.0034534530368407067
55,random9,control_to_uncertain,-0.0037205354355291913,-0.009408282333059044
56,direction,control_to_uncertain,1.2144673847566367,0.2708053353844634
56,direction,uncertain_to_control,0.8810981259045475,1.616296992093931
56,random0,control_to_uncertain,-0.01644719932872786,0.025593682934971915
56,random1,control_to_uncertain,0.0016813015382300708,0.017507928260606404
56,random2,control_to_uncertain,-0.017660577354935272,0.02125867537084907
56,random3,control_to_uncertain,0.028539958253782832,-0.0376597888277716
56,random4,control_to_uncertain,-0.018488711520441205,0.02141017308152186
56,random5,control_to_uncertain,0.017631085306736727,0.0012952131746017267
56,random6,control_to_uncertain,-0.013114470486836005,0.01726909898735363
56,random7,control_to_uncertain,0.023608034245427473,-0.026128742508525333
56,random8,control_to_uncertain,0.004920267324078181,0.007900021351132025
56,random9,control_to_uncertain,0.0024389860162466154,0.027961885308032872
57,direction,control_to_uncertain,0.8564554348396675,1.0962052930488841
57,direction,uncertain_to_control,1.2993925423429116,0.3411876251473303
57,random0,control_to_uncertain,-0.014094887169989603,0.005637911532694678
57,random1,control_to_uncertain,0.02012433726240679,-0.0014845644473078662
57,random2,control_to_uncertain,-0.012224555803495367,0.024069810623395287
57,random3,control_to_uncertain,0.027058849532664662,-0.0028087583726837794
57,random4,control_to_uncertain,-0.04188358842072981,-0.0037797850095965544
57,random5,control_to_uncertain,-0.042667776102674713,0.016280469115322545
57,random6,control_to_uncertain,0.023884915507576182,-0.033969352356925796
57,random7,control_to_uncertain,0.03910209359231634,-0.0023088659955363294
57,random8,control_to_uncertain,0.0023510665044569304,0.019757560266963365
57,random9,control_to_uncertain,-0.006681366540281829,0.0015639427202860786
58,direction,control_to_uncertain,0.32700557223329013,0.23588429151917295
58,direction,uncertain_to_control,0.8548266475051391,0.30394779318454795
58,random0,control_to_uncertain,-0.010630660676192802,0.012443394437638894
58,random1,control_to_uncertain,-0.0008948923838214912,0.013107345267688036
58,random2,control_to_uncertain,-0.0024087749457447397,-2.790143565965267e-05
58,random3,control_to_uncertain,-0.018251233795013363,0.014244845464071839
58,random4,control_to_uncertain,-0.008984939814769943,0.0007201412213081649
58,random5,control_to_uncertain,-0.011087634030097462,0.00325142146754221
58,random6,control_to_uncertain,0.004562243978172776,-0.0007818860650364704
58,random7,control_to_uncertain,-0.0012019643796484841,2.4930449455152617e-05
58,random8,control_to_uncertain,-0.002046302227571629,0.002140143453745951
58,random9,control_to_uncertain,-0.011853937262151372,0.009419963867963755
