pair,alpha,layer,rankunknown,rankI,ranknot
0,-3.0,20,144123,151377,151946
0,-3.0,21,134191,151159,151640
0,-3.0,22,132070,151682,151390
0,-3.0,23,125588,151820,150043
0,-3.0,24,109032,151577,137515
0,-3.0,25,105672,150637,132970
0,-3.0,26,122669,150975,133278
0,0.0,20,146126,151687,149611
0,0.0,21,133297,151218,148598
0,0.0,22,122965,151620,148834
0,0.0,23,121714,151722,142880
0,0.0,24,90033,151522,115302
0,0.0,25,56971,141605,37504
0,0.0,26,53081,130784,26782
0,3.0,20,126892,151106,63078
0,3.0,21,62124,151509,46737
0,3.0,22,82157,150973,35919
0,3.0,23,94115,150293,19896
0,3.0,24,71538,147513,2832
0,3.0,25,44233,115977,405
0,3.0,26,61833,112902,54
1,-3.0,20,147433,151547,151849
1,-3.0,21,137600,151631,151241
1,-3.0,22,141075,151717,151241
1,-3.0,23,98802,151752,150069
1,-3.0,24,93367,151763,141436
1,-3.0,25,84761,150322,135085
1,-3.0,26,104582,150415,131801
1,0.0,20,148895,151759,147816
1,0.0,21,139481,151727,143192
1,0.0,22,140501,151783,147629
1,0.0,23,123770,151787,142623
1,0.0,24,101202,151714,101078
1,0.0,25,96856,150125,63403
1,0.0,26,108010,150366,43514
1,3.0,20,123729,150866,28901
1,3.0,21,62930,150794,10188
1,3.0,22,130090,149956,8844
1,3.0,23,106005,148817,6074
1,3.0,24,91339,147035,1255
1,3.0,25,80864,145326,249
1,3.0,26,96642,142519,56
2,-3.0,20,142671,150848,151922
2,-3.0,21,132733,150305,151432
2,-3.0,22,129327,150997,150975
2,-3.0,23,118305,151432,149843
2,-3.0,24,67029,150086,126233
2,-3.0,25,69857,150558,135159
2,-3.0,26,88097,151032,135367
2,0.0,20,146173,151081,148626
2,0.0,21,133578,150519,144932
2,0.0,22,122972,150905,145164
2,0.0,23,99739,151045,134925
2,0.0,24,38005,149039,79841
2,0.0,25,23816,131206,33032
2,0.0,26,54830,140408,49025
2,3.0,20,120727,149391,35100
2,3.0,21,55234,150808,17221
2,3.0,22,73758,150283,8519
2,3.0,23,76896,148707,6652
2,3.0,24,44327,143367,851
2,3.0,25,29607,134286,223
2,3.0,26,48635,135059,35
3,-3.0,20,140390,150710,151886
3,-3.0,21,129238,150445,151407
3,-3.0,22,127890,151047,150853
3,-3.0,23,105414,151426,149501
3,-3.0,24,56731,150284,128533
3,-3.0,25,42969,149625,134228
3,-3.0,26,68679,149962,132221
3,0.0,20,144163,150699,148264
3,0.0,21,124524,150005,144951
3,0.0,22,95436,150767,144506
3,0.0,23,56723,150239,130990
3,0.0,24,13714,147047,80330
3,0.0,25,4549,117991,27848
3,0.0,26,8797,132602,27541
3,3.0,20,122889,148414,38522
3,3.0,21,49845,149867,21046
3,3.0,22,67747,149192,13217
3,3.0,23,62985,147234,7295
3,3.0,24,27254,137654,757
3,3.0,25,15616,122775,250
3,3.0,26,30136,124247,54
4,-3.0,20,144529,151287,151911
4,-3.0,21,135788,151221,151369
4,-3.0,22,136320,151560,151210
4,-3.0,23,124616,151724,150264
4,-3.0,24,119737,151532,142543
4,-3.0,25,108824,150124,144141
4,-3.0,26,117314,149829,140646
4,0.0,20,146871,151622,149442
4,0.0,21,136183,151205,147937
4,0.0,22,128809,150583,149303
4,0.0,23,122303,150938,146570
4,0.0,24,107111,149640,126717
4,0.0,25,92502,128607,104806
4,0.0,26,110177,135842,117725
4,3.0,20,128447,150984,62012
4,3.0,21,62414,151380,45458
4,3.0,22,81718,150354,23723
4,3.0,23,93140,149813,15779
4,3.0,24,88435,146784,3488
4,3.0,25,84361,126015,1897
4,3.0,26,99132,115141,301
5,-3.0,20,146161,151489,152001
5,-3.0,21,139507,151522,151839
5,-3.0,22,140085,151872,151696
5,-3.0,23,133431,151903,151265
5,-3.0,24,121013,151677,144431
5,-3.0,25,118176,150543,142056
5,-3.0,26,136474,150577,142969
5,0.0,20,147516,151670,150367
5,0.0,21,138270,151412,149678
5,0.0,22,133405,151715,149687
5,0.0,23,131442,151575,145958
5,0.0,24,103577,150731,110695
5,0.0,25,63226,115476,41145
5,0.0,26,93825,124784,56433
5,3.0,20,132725,151059,54517
5,3.0,21,84540,151349,30687
5,3.0,22,93203,150288,17199
5,3.0,23,98408,149052,9737
5,3.0,24,71889,145887,1168
5,3.0,25,51445,122203,285
5,3.0,26,72225,119354,41
6,-3.0,20,139099,151142,151927
6,-3.0,21,123461,150911,151569
6,-3.0,22,117543,151376,151329
6,-3.0,23,105163,151442,150044
6,-3.0,24,73179,150872,140458
6,-3.0,25,56641,149875,139408
6,-3.0,26,72915,149994,136106
6,0.0,20,143835,151254,150035
6,0.0,21,121155,150744,148448
6,0.0,22,96340,151268,148251
6,0.0,23,76260,150813,139122
6,0.0,24,27910,148770,112448
6,0.0,25,6961,112414,40038
6,0.0,26,10633,100190,32630
6,3.0,20,120890,149612,59693
6,3.0,21,30639,150943,27574
6,3.0,22,37542,150891,15115
6,3.0,23,37724,149822,8161
6,3.0,24,10543,145116,1024
6,3.0,25,3936,118317,125
6,3.0,26,9374,115058,20
7,-3.0,20,150623,151564,151882
7,-3.0,21,147484,151683,151417
7,-3.0,22,149192,151655,151535
7,-3.0,23,132392,151673,150434
7,-3.0,24,125142,151724,145268
7,-3.0,25,120517,150772,140058
7,-3.0,26,137395,151241,139518
7,0.0,20,151285,151737,148862
7,0.0,21,148532,151640,147289
7,0.0,22,149835,151568,150567
7,0.0,23,145923,151594,148248
7,0.0,24,142792,151179,128313
7,0.0,25,129838,142572,101081
7,0.0,26,142377,149929,119606
7,3.0,20,137433,151048,26037
7,3.0,21,102363,150879,13189
7,3.0,22,139631,149756,12982
7,3.0,23,126697,148332,8709
7,3.0,24,113338,146971,1694
7,3.0,25,90507,141676,395
7,3.0,26,101711,144409,77
8,-3.0,20,141410,150269,151902
8,-3.0,21,131453,150269,151404
8,-3.0,22,128996,150686,150654
8,-3.0,23,108506,151417,147932
8,-3.0,24,35556,148468,101345
8,-3.0,25,37436,147970,116297
8,-3.0,26,73627,148908,124306
8,0.0,20,147244,150077,149486
8,0.0,21,131552,149318,146670
8,0.0,22,117469,149967,140727
8,0.0,23,76805,150690,119155
8,0.0,24,13877,145103,57214
8,0.0,25,8189,112444,18216
8,0.0,26,20511,127273,28330
8,3.0,20,117232,147087,31313
8,3.0,21,34689,148833,13363
8,3.0,22,68060,146210,6542
8,3.0,23,62881,145385,2990
8,3.0,24,18096,131649,217
8,3.0,25,10309,113435,25
8,3.0,26,18896,114341,8
9,-3.0,20,144804,151367,151899
9,-3.0,21,136406,151145,151215
9,-3.0,22,135597,151556,150770
9,-3.0,23,123877,151648,147415
9,-3.0,24,102074,150525,118180
9,-3.0,25,96924,148164,122513
9,-3.0,26,109361,148826,130431
9,0.0,20,147846,151554,149109
9,0.0,21,138487,150813,147576
9,0.0,22,125957,151249,148149
9,0.0,23,104402,151117,139704
9,0.0,24,58705,148996,97536
9,0.0,25,35111,128676,43423
9,0.0,26,26906,125140,36906
9,3.0,20,127025,150613,50357
9,3.0,21,63786,150975,33164
9,3.0,22,94109,150232,20266
9,3.0,23,96263,149379,10753
9,3.0,24,66229,143552,1078
9,3.0,25,33158,119663,240
9,3.0,26,41469,123304,20
10,-3.0,20,145837,151319,151904
10,-3.0,21,142312,151366,151472
10,-3.0,22,139241,151733,150998
10,-3.0,23,110532,151810,148737
10,-3.0,24,50294,150828,113680
10,-3.0,25,71557,149585,119845
10,-3.0,26,87521,150258,109373
10,0.0,20,146566,151687,145300
10,0.0,21,137536,151415,143868
10,0.0,22,125199,151534,144912
10,0.0,23,91646,151093,128274
10,0.0,24,15681,144334,32891
10,0.0,25,10103,116492,6887
10,0.0,26,23506,128651,5670
10,3.0,20,120801,150941,20581
10,3.0,21,75648,150392,10742
10,3.0,22,102233,149021,4690
10,3.0,23,96283,147262,3043
10,3.0,24,77837,144367,705
10,3.0,25,72958,145414,321
10,3.0,26,86819,142698,33
11,-3.0,20,145257,151674,151936
11,-3.0,21,136871,151689,151499
11,-3.0,22,134669,151858,150964
11,-3.0,23,123084,151874,150304
11,-3.0,24,108422,151654,140280
11,-3.0,25,110030,149589,133504
11,-3.0,26,115445,149085,132901
11,0.0,20,146769,151829,149182
11,0.0,21,135048,151727,147369
11,0.0,22,125750,151578,147818
11,0.0,23,117195,151687,144793
11,0.0,24,67949,150825,111399
11,0.0,25,53392,141041,68964
11,0.0,26,87397,141788,100424
11,3.0,20,122665,151089,52872
11,3.0,21,61562,151502,34162
11,3.0,22,89685,150628,29714
11,3.0,23,80349,149057,17284
11,3.0,24,60582,144410,2776
11,3.0,25,55792,140590,586
11,3.0,26,68805,132018,91
12,-3.0,20,144376,151456,151947
12,-3.0,21,137926,151477,151632
12,-3.0,22,139872,151785,151541
12,-3.0,23,133469,151837,151290
12,-3.0,24,129406,151620,147705
12,-3.0,25,127872,149123,145869
12,-3.0,26,130940,147420,145371
12,0.0,20,147661,151670,150623
12,0.0,21,137337,151537,149699
12,0.0,22,135475,151581,149889
12,0.0,23,130497,151472,147080
12,0.0,24,115915,151280,133997
12,0.0,25,114622,137687,116794
12,0.0,26,132257,140168,135510
12,3.0,20,133654,150989,85313
12,3.0,21,76690,151592,60262
12,3.0,22,94311,150718,50092
12,3.0,23,91189,150370,33218
12,3.0,24,66385,147275,6081
12,3.0,25,77630,136539,2745
12,3.0,26,101837,128208,519
13,-3.0,20,145339,151103,151935
13,-3.0,21,137280,150622,151596
13,-3.0,22,136120,151075,151343
13,-3.0,23,124588,151466,150233
13,-3.0,24,86627,150908,138609
13,-3.0,25,74720,150133,141515
13,-3.0,26,82133,149120,139493
13,0.0,20,146436,151133,148428
13,0.0,21,131031,150687,146435
13,0.0,22,124381,151086,147507
13,0.0,23,96948,150781,130385
13,0.0,24,45382,147337,65163
13,0.0,25,23374,115468,18413
13,0.0,26,27234,114720,18573
13,3.0,20,123728,149938,30309
13,3.0,21,57781,151145,19582
13,3.0,22,78667,150423,8272
13,3.0,23,84893,148841,6382
13,3.0,24,65946,144378,1075
13,3.0,25,47028,131784,384
13,3.0,26,67534,128810,95
14,-3.0,20,137316,151392,151806
14,-3.0,21,118756,151305,150993
14,-3.0,22,124401,151264,150115
14,-3.0,23,114943,151555,146280
14,-3.0,24,65864,150082,111264
14,-3.0,25,55645,147537,120742
14,-3.0,26,98490,149389,132098
14,0.0,20,145084,151573,147377
14,0.0,21,122186,151286,143991
14,0.0,22,113459,151023,145050
14,0.0,23,51977,150526,118285
14,0.0,24,9887,142981,63421
14,0.0,25,4537,56151,11988
14,0.0,26,12835,82232,21434
14,3.0,20,111946,150702,33660
14,3.0,21,38837,151012,18171
14,3.0,22,91665,150108,18082
14,3.0,23,72286,148839,7746
14,3.0,24,34677,140478,852
14,3.0,25,17459,125564,104
14,3.0,26,31258,119492,28
15,-3.0,20,142985,151227,151906
15,-3.0,21,134340,151026,151395
15,-3.0,22,133431,151578,151222
15,-3.0,23,118688,151701,150190
15,-3.0,24,72947,151240,133344
15,-3.0,25,63360,150648,135294
15,-3.0,26,75665,150905,134486
15,0.0,20,145953,151523,148705
15,0.0,21,132159,151276,146644
15,0.0,22,121879,151660,148004
15,0.0,23,95558,151594,139969
15,0.0,24,45313,150882,87651
15,0.0,25,21347,133642,30895
15,0.0,26,25156,135045,29164
15,3.0,20,128802,150743,51797
15,3.0,21,76198,151455,31153
15,3.0,22,95840,150775,12641
15,3.0,23,96211,149697,8922
15,3.0,24,74229,145599,1467
15,3.0,25,43081,124559,150
15,3.0,26,57287,123095,21
16,-3.0,20,144887,151167,151932
16,-3.0,21,136424,151146,151525
16,-3.0,22,135811,151519,151471
16,-3.0,23,131606,151696,150520
16,-3.0,24,127493,151593,143850
16,-3.0,25,121340,150104,144105
16,-3.0,26,123694,150269,140484
16,0.0,20,147754,151613,149774
16,0.0,21,136412,151249,148673
16,0.0,22,131697,150808,150255
16,0.0,23,133739,151027,148006
16,0.0,24,118849,150762,137622
16,0.0,25,113007,131558,123751
16,0.0,26,124633,142299,134330
16,3.0,20,125551,150857,57170
16,3.0,21,52436,151456,33700
16,3.0,22,75488,150491,24170
16,3.0,23,89237,149608,17883
16,3.0,24,76563,147617,4504
16,3.0,25,67118,128860,1720
16,3.0,26,81918,124968,219
17,-3.0,20,137424,150835,151810
17,-3.0,21,126196,151160,151322
17,-3.0,22,112406,151550,150061
17,-3.0,23,85989,151639,147088
17,-3.0,24,32133,150825,115097
17,-3.0,25,44544,148066,90691
17,-3.0,26,73912,146038,82387
17,0.0,20,139120,150987,140302
17,0.0,21,112782,151319,137843
17,0.0,22,59436,151405,124555
17,0.0,23,10869,150322,71030
17,0.0,24,1236,145621,8766
17,0.0,25,1768,121345,732
17,0.0,26,6047,139189,686
17,3.0,20,106138,150668,4057
17,3.0,21,69550,150994,2931
17,3.0,22,104410,149121,2207
17,3.0,23,85498,147050,1038
17,3.0,24,58529,142459,191
17,3.0,25,69157,147138,48
17,3.0,26,81621,141067,6
18,-3.0,20,139368,151362,151943
18,-3.0,21,124924,151200,151517
18,-3.0,22,127460,151592,151300
18,-3.0,23,119884,151728,150298
18,-3.0,24,110242,151569,142023
18,-3.0,25,99637,151286,141949
18,-3.0,26,103205,150919,140605
18,0.0,20,141759,151661,150232
18,0.0,21,124851,151356,148605
18,0.0,22,110181,151444,148210
18,0.0,23,91191,151513,144389
18,0.0,24,54666,150983,130944
18,0.0,25,30220,142481,105495
18,0.0,26,52850,141895,119607
18,3.0,20,118980,150996,67644
18,3.0,21,31575,151580,45852
18,3.0,22,43431,150845,14942
18,3.0,23,54718,150505,11244
18,3.0,24,26174,146337,1892
18,3.0,25,19694,134257,623
18,3.0,26,27861,130517,100
19,-3.0,20,145478,150804,151884
19,-3.0,21,140086,150034,151382
19,-3.0,22,140364,150717,151113
19,-3.0,23,139582,151406,149848
19,-3.0,24,118424,151059,135864
19,-3.0,25,105303,150909,140218
19,-3.0,26,118831,150982,139647
19,0.0,20,149045,150965,149225
19,0.0,21,138148,150011,146320
19,0.0,22,131946,150858,146817
19,0.0,23,127863,151033,136873
19,0.0,24,85063,149432,91097
19,0.0,25,76443,140286,53828
19,0.0,26,96519,145415,80355
19,3.0,20,128275,148462,47344
19,3.0,21,67928,149379,24883
19,3.0,22,85316,147720,18727
19,3.0,23,96957,146125,15998
19,3.0,24,72598,141350,2181
19,3.0,25,52244,134291,595
19,3.0,26,69825,136428,149
20,-3.0,20,142568,151160,151910
20,-3.0,21,129829,150812,151457
20,-3.0,22,121439,151583,151074
20,-3.0,23,102967,151647,149387
20,-3.0,24,34361,150341,117672
20,-3.0,25,43805,150725,133031
20,-3.0,26,65617,150771,136743
20,0.0,20,146051,151379,149341
20,0.0,21,127230,150681,147029
20,0.0,22,97810,151627,147258
20,0.0,23,69971,151359,139072
20,0.0,24,14467,148175,69484
20,0.0,25,11336,131702,32281
20,0.0,26,18533,130900,49096
20,3.0,20,122439,150321,45887
20,3.0,21,48533,150856,26495
20,3.0,22,65588,150539,20336
20,3.0,23,66475,149050,12830
20,3.0,24,28973,144881,1400
20,3.0,25,16021,136979,401
20,3.0,26,21575,129641,75
21,-3.0,20,149155,151665,151855
21,-3.0,21,142440,151766,151094
21,-3.0,22,144928,151682,151203
21,-3.0,23,126138,151762,149880
21,-3.0,24,127625,151731,141292
21,-3.0,25,112766,146763,128702
21,-3.0,26,139898,147490,132087
21,0.0,20,149985,151818,146700
21,0.0,21,140887,151757,141394
21,0.0,22,141680,151588,143484
21,0.0,23,129038,151528,124508
21,0.0,24,104620,149714,50351
21,0.0,25,54169,94576,3800
21,0.0,26,101736,113253,3085
21,3.0,20,124642,150989,11251
21,3.0,21,82859,150337,5629
21,3.0,22,144764,147977,4171
21,3.0,23,141329,146332,2525
21,3.0,24,135011,140816,474
21,3.0,25,126959,131670,117
21,3.0,26,136763,127865,12
22,-3.0,20,140087,151400,151904
22,-3.0,21,131372,151052,151408
22,-3.0,22,130915,151557,151228
22,-3.0,23,112920,151598,149432
22,-3.0,24,87288,151099,132038
22,-3.0,25,96646,149700,135963
22,-3.0,26,108840,150390,138098
22,0.0,20,142115,151567,148244
22,0.0,21,131850,150921,146593
22,0.0,22,119028,151451,147561
22,0.0,23,97882,151000,132949
22,0.0,24,69712,150504,90352
22,0.0,25,49306,133092,35492
22,0.0,26,75508,145099,54875
22,3.0,20,124716,150511,40087
22,3.0,21,76237,151410,45487
22,3.0,22,112202,150699,33196
22,3.0,23,112183,149331,17774
22,3.0,24,92586,143017,2264
22,3.0,25,80201,134638,683
22,3.0,26,101657,131301,103
23,-3.0,20,136911,151198,151871
23,-3.0,21,125005,151081,151356
23,-3.0,22,130886,151566,150873
23,-3.0,23,119210,151593,148155
23,-3.0,24,89961,150930,116256
23,-3.0,25,81062,149127,118386
23,-3.0,26,113262,150658,129971
23,0.0,20,143364,151508,147496
23,0.0,21,123723,151001,144660
23,0.0,22,110799,151412,144865
23,0.0,23,72375,151022,119116
23,0.0,24,20597,148639,62160
23,0.0,25,12534,99129,16778
23,0.0,26,17560,98882,11887
23,3.0,20,102791,149781,20295
23,3.0,21,47254,149940,16222
23,3.0,22,57198,147493,5475
23,3.0,23,54779,145846,3236
23,3.0,24,19122,130630,266
23,3.0,25,12326,109616,71
23,3.0,26,24859,116007,18
24,-3.0,20,138857,150889,151897
24,-3.0,21,122776,150368,151322
24,-3.0,22,122124,150656,150893
24,-3.0,23,103269,151494,147768
24,-3.0,24,64780,150779,118937
24,-3.0,25,53339,150297,128048
24,-3.0,26,77714,150701,129926
24,0.0,20,144383,150782,148952
24,0.0,21,121631,150036,146069
24,0.0,22,105279,150451,143290
24,0.0,23,62031,150152,119384
24,0.0,24,18551,147080,70327
24,0.0,25,10002,95366,30910
24,0.0,26,23224,110645,48861
24,3.0,20,118872,148501,40212
24,3.0,21,33527,150171,16899
24,3.0,22,48676,147657,7718
24,3.0,23,48828,144493,5069
24,3.0,24,22450,136565,888
24,3.0,25,15774,120347,438
24,3.0,26,30115,116352,119
25,-3.0,20,141845,151248,151947
25,-3.0,21,135377,151217,151722
25,-3.0,22,136365,151579,151501
25,-3.0,23,132481,151651,151032
25,-3.0,24,112538,151256,142401
25,-3.0,25,105715,149314,141261
25,-3.0,26,123121,149630,141487
25,0.0,20,146290,151368,149841
25,0.0,21,136238,150799,148984
25,0.0,22,127659,150971,148738
25,0.0,23,121970,151093,145883
25,0.0,24,82158,151188,128139
25,0.0,25,47140,137442,93943
25,0.0,26,78607,145766,113398
25,3.0,20,127924,150300,59938
25,3.0,21,64252,150998,42923
25,3.0,22,62014,149131,17779
25,3.0,23,67383,148427,9045
25,3.0,24,28010,144829,779
25,3.0,25,14147,118713,156
25,3.0,26,30245,117709,31
26,-3.0,20,141518,151173,151880
26,-3.0,21,129425,150972,151286
26,-3.0,22,131119,151346,151381
26,-3.0,23,118975,151539,149870
26,-3.0,24,111720,151364,140758
26,-3.0,25,93120,150998,139203
26,-3.0,26,117990,151094,142128
26,0.0,20,144428,151459,148430
26,0.0,21,122184,150765,144872
26,0.0,22,121387,151159,149348
26,0.0,23,99182,151424,141392
26,0.0,24,75474,150710,121002
26,0.0,25,36839,127995,63920
26,0.0,26,63834,126584,80190
26,3.0,20,119734,150325,38104
26,3.0,21,36350,150966,18504
26,3.0,22,64715,149517,15266
26,3.0,23,64398,147229,9193
26,3.0,24,48015,142061,2778
26,3.0,25,26966,107529,699
26,3.0,26,49454,102843,67
27,-3.0,20,150987,151629,151910
27,-3.0,21,147720,151650,151392
27,-3.0,22,148233,151807,151537
27,-3.0,23,122970,151864,150823
27,-3.0,24,115590,151831,143757
27,-3.0,25,110899,150849,142247
27,-3.0,26,136705,151354,143783
27,0.0,20,151377,151877,148016
27,0.0,21,147259,151706,145352
27,0.0,22,149145,151576,150109
27,0.0,23,143981,151715,147016
27,0.0,24,122732,151521,109370
27,0.0,25,111910,149429,92000
27,0.0,26,140381,151366,115601
27,3.0,20,140822,151374,27425
27,3.0,21,106871,150693,11432
27,3.0,22,145376,149728,11063
27,3.0,23,140381,149366,6481
27,3.0,24,135884,146735,1445
27,3.0,25,127724,145391,358
27,3.0,26,139358,147825,110
28,-3.0,20,137689,151301,151893
28,-3.0,21,123754,151098,151356
28,-3.0,22,123599,151574,150926
28,-3.0,23,105435,151710,147312
28,-3.0,24,70313,150628,105314
28,-3.0,25,75690,148201,108422
28,-3.0,26,105966,150707,130267
28,0.0,20,145024,151478,148483
28,0.0,21,133339,151111,147020
28,0.0,22,118997,151693,146566
28,0.0,23,94521,151743,134018
28,0.0,24,37622,150235,71661
28,0.0,25,32324,128673,26720
28,0.0,26,64047,141968,47706
28,3.0,20,127923,150540,39897
28,3.0,21,83473,150685,34503
28,3.0,22,101023,150093,23456
28,3.0,23,96144,149512,10939
28,3.0,24,62929,142790,1172
28,3.0,25,45482,133424,208
28,3.0,26,58104,132713,17
29,-3.0,20,147866,151743,151968
29,-3.0,21,140486,151808,151676
29,-3.0,22,130665,151861,151649
29,-3.0,23,120661,151793,151052
29,-3.0,24,131485,151681,148667
29,-3.0,25,124257,145015,142800
29,-3.0,26,128898,141774,141917
29,0.0,20,148656,151870,150597
29,0.0,21,143077,151771,149950
29,0.0,22,125956,151546,148842
29,0.0,23,117775,150963,143515
29,0.0,24,115393,150802,129655
29,0.0,25,95602,108628,94195
29,0.0,26,103009,109062,94809
29,3.0,20,127036,151492,59514
29,3.0,21,71744,151739,46324
29,3.0,22,68254,150872,19425
29,3.0,23,84573,150737,12004
29,3.0,24,91128,150354,3015
29,3.0,25,85111,139061,307
29,3.0,26,89202,129902,74
30,-3.0,20,142550,151314,151924
30,-3.0,21,135173,151031,151562
30,-3.0,22,130719,151488,151422
30,-3.0,23,109374,151600,150631
30,-3.0,24,64735,150807,136214
30,-3.0,25,70738,149446,139955
30,-3.0,26,86068,150073,138982
30,0.0,20,144936,151627,147818
30,0.0,21,130045,151201,146502
30,0.0,22,118162,151288,147643
30,0.0,23,74166,150980,139434
30,0.0,24,17489,149356,93303
30,0.0,25,9154,112527,38333
30,0.0,26,20703,138701,63718
30,3.0,20,120110,151093,45118
30,3.0,21,53981,151280,23448
30,3.0,22,67990,150420,10094
30,3.0,23,62801,148964,5409
30,3.0,24,51080,146380,851
30,3.0,25,38205,139437,362
30,3.0,26,60783,135560,59
31,-3.0,20,146194,151366,151945
31,-3.0,21,139533,151239,151594
31,-3.0,22,140366,151556,151547
31,-3.0,23,131870,151727,150772
31,-3.0,24,129904,151637,145761
31,-3.0,25,118981,150163,145588
31,-3.0,26,131446,150385,143486
31,0.0,20,147287,151617,149726
31,0.0,21,136145,151209,148460
31,0.0,22,130824,151254,150364
31,0.0,23,126345,151604,147234
31,0.0,24,101577,151334,131709
31,0.0,25,76122,133794,103443
31,0.0,26,112024,133391,115201
31,3.0,20,126341,150875,65097
31,3.0,21,62611,151429,45815
31,3.0,22,90474,150592,27720
31,3.0,23,99169,149933,19179
31,3.0,24,81081,147210,4899
31,3.0,25,73628,125418,1697
31,3.0,26,101434,120281,298
32,-3.0,20,147523,151517,151979
32,-3.0,21,143869,151430,151748
32,-3.0,22,145051,151795,151718
32,-3.0,23,136347,151828,151326
32,-3.0,24,133522,151622,147713
32,-3.0,25,130477,148705,146249
32,-3.0,26,131453,149594,144161
32,0.0,20,148727,151666,151036
32,0.0,21,142518,151242,150224
32,0.0,22,137317,151283,150967
32,0.0,23,130940,151443,148493
32,0.0,24,113341,151027,136524
32,0.0,25,86211,134716,107676
32,0.0,26,111282,145395,130765
32,3.0,20,134696,150621,89085
32,3.0,21,88225,151465,67554
32,3.0,22,100218,150934,50863
32,3.0,23,101644,150558,30684
32,3.0,24,75635,148088,4310
32,3.0,25,50887,126308,533
32,3.0,26,88418,116986,90
33,-3.0,20,144309,151327,151939
33,-3.0,21,136864,151095,151628
33,-3.0,22,131512,151617,151342
33,-3.0,23,106088,151712,150180
33,-3.0,24,49242,151006,130111
33,-3.0,25,48666,150619,132740
33,-3.0,26,77682,150204,134320
33,0.0,20,146494,151601,148674
33,0.0,21,132508,151042,146299
33,0.0,22,116639,151208,147058
33,0.0,23,68382,150985,134516
33,0.0,24,16690,149644,86044
33,0.0,25,10184,131564,30908
33,0.0,26,34924,132586,49118
33,3.0,20,128014,150763,48030
33,3.0,21,63369,151104,22666
33,3.0,22,65652,149723,9680
33,3.0,23,65030,148644,5399
33,3.0,24,39037,143970,693
33,3.0,25,36929,141311,253
33,3.0,26,66429,139455,71
34,-3.0,20,140576,151446,151939
34,-3.0,21,131385,151503,151681
34,-3.0,22,128016,151745,151315
34,-3.0,23,104977,151819,150030
34,-3.0,24,94220,151682,140266
34,-3.0,25,94557,149521,138139
34,-3.0,26,115078,150472,142546
34,0.0,20,142603,151751,149079
34,0.0,21,125309,151521,148221
34,0.0,22,109885,151686,147558
34,0.0,23,70465,151635,139041
34,0.0,24,15425,151408,110175
34,0.0,25,8831,135639,40821
34,0.0,26,25789,144697,69813
34,3.0,20,121844,151233,35789
34,3.0,21,63644,151559,29777
34,3.0,22,87322,150956,30316
34,3.0,23,88463,150240,14867
34,3.0,24,43637,147482,1491
34,3.0,25,37603,137895,245
34,3.0,26,43220,134933,31
35,-3.0,20,140703,151404,151888
35,-3.0,21,128224,150948,151340
35,-3.0,22,129360,151523,151097
35,-3.0,23,100402,151624,148641
35,-3.0,24,64594,150911,123353
35,-3.0,25,57055,149559,132167
35,-3.0,26,97144,149847,135744
35,0.0,20,144816,151661,147270
35,0.0,21,129049,151201,144764
35,0.0,22,116466,151511,141760
35,0.0,23,59337,151410,111920
35,0.0,24,13650,151260,63231
35,0.0,25,7304,138528,23422
35,0.0,26,24021,145249,37092
35,3.0,20,120521,149928,35361
35,3.0,21,42441,150916,20533
35,3.0,22,66975,149457,5879
35,3.0,23,68240,149634,3220
35,3.0,24,26785,145992,279
35,3.0,25,20438,136979,61
35,3.0,26,42474,128535,12
36,-3.0,20,135928,150893,151919
36,-3.0,21,123105,150949,151541
36,-3.0,22,119926,151450,151150
36,-3.0,23,108228,151503,150121
36,-3.0,24,39495,150637,127048
36,-3.0,25,37271,150251,131175
36,-3.0,26,55972,149159,123978
36,0.0,20,141986,151153,149242
36,0.0,21,121437,150911,147101
36,0.0,22,97295,151472,146880
36,0.0,23,60223,150854,134134
36,0.0,24,9889,147998,69392
36,0.0,25,7683,133878,19796
36,0.0,26,5023,124403,11263
36,3.0,20,111068,149646,36427
36,3.0,21,18218,150962,25367
36,3.0,22,27521,149823,8092
36,3.0,23,19024,148631,4178
36,3.0,24,4979,142055,380
36,3.0,25,6643,144476,103
36,3.0,26,11535,144293,18
37,-3.0,20,145029,151426,151928
37,-3.0,21,137370,151122,151491
37,-3.0,22,133252,151638,151073
37,-3.0,23,110555,151776,149673
37,-3.0,24,48601,150530,122500
37,-3.0,25,56816,149349,132156
37,-3.0,26,75766,147287,131521
37,0.0,20,144950,151577,148714
37,0.0,21,129027,150844,146053
37,0.0,22,112534,150871,146292
37,0.0,23,68312,149921,134972
37,0.0,24,12589,142965,70420
37,0.0,25,6894,111344,23164
37,0.0,26,6089,99550,18333
37,3.0,20,118509,151046,45491
37,3.0,21,49320,151360,26037
37,3.0,22,62806,150417,11698
37,3.0,23,55060,148840,6385
37,3.0,24,35231,145271,961
37,3.0,25,31590,134679,394
37,3.0,26,42054,133507,71
38,-3.0,20,145752,151303,151957
38,-3.0,21,139498,151333,151654
38,-3.0,22,138777,151697,151629
38,-3.0,23,131431,151721,151173
38,-3.0,24,114716,151236,144975
38,-3.0,25,113662,147939,144375
38,-3.0,26,122820,144223,145288
38,0.0,20,147961,151506,150386
38,0.0,21,136437,151027,149069
38,0.0,22,126853,151414,150247
38,0.0,23,116197,151388,146538
38,0.0,24,67840,148736,114565
38,0.0,25,50069,99936,78108
38,0.0,26,71069,91279,93962
38,3.0,20,129388,150251,67914
38,3.0,21,65819,150887,41368
38,3.0,22,83456,149781,25413
38,3.0,23,81289,149154,14998
38,3.0,24,63318,144755,2434
38,3.0,25,69973,134744,709
38,3.0,26,85010,124589,82
39,-3.0,20,150798,151750,151948
39,-3.0,21,148524,151700,151643
39,-3.0,22,149291,151865,151703
39,-3.0,23,133894,151890,151370
39,-3.0,24,131156,151885,149154
39,-3.0,25,126708,150872,147853
39,-3.0,26,138845,151267,146973
39,0.0,20,151299,151911,150347
39,0.0,21,147637,151791,149243
39,0.0,22,150310,151800,151245
39,0.0,23,147640,151801,150470
39,0.0,24,139560,151814,139392
39,0.0,25,130460,150919,133399
39,0.0,26,139628,151618,133087
39,3.0,20,142711,151527,63247
39,3.0,21,110633,151319,29367
39,3.0,22,143626,150765,24860
39,3.0,23,132265,150895,18261
39,3.0,24,128139,150261,5271
39,3.0,25,123924,148500,1379
39,3.0,26,136623,150036,397
