neuron_id,layer,neuron_idx,category,prompt_id,orig_entropy,ablated_entropy,entropy_shift,orig_top1_prob,ablated_top1_prob,direct_effect_score,split
L29_N10092,29,10092,ambiguity,amb_0000,0.3662698268890381,0.3762969374656677,0.010027110576629639,0.9264712333679199,0.9248142242431641,0.1435546875,working
L29_N10092,29,10092,ambiguity,amb_0001,1.8094863891601562,1.8134515285491943,0.003965139389038086,0.37762728333473206,0.3774007558822632,0.1435546875,working
L29_N10092,29,10092,ambiguity,amb_0002,1.3918004035949707,1.411194086074829,0.0193936824798584,0.44581952691078186,0.4431644678115845,0.1435546875,working
L29_N10092,29,10092,ambiguity,amb_0003,2.0339226722717285,2.0252392292022705,-0.008683443069458008,0.5140929818153381,0.5012332201004028,0.1435546875,working
L29_N10092,29,10092,ambiguity,amb_0004,0.876939058303833,0.8850463628768921,0.008107304573059082,0.7576162815093994,0.7561405897140503,0.1435546875,working
L29_N10092,29,10092,ambiguity,amb_0005,1.4546526670455933,1.457087516784668,0.002434849739074707,0.5178636908531189,0.5175972580909729,0.1435546875,working
L29_N10092,29,10092,ambiguity,amb_0006,0.11889081448316574,0.11797743290662766,-0.0009133815765380859,0.9852386116981506,0.9854318499565125,0.1435546875,working
L29_N10092,29,10092,ambiguity,amb_0007,0.6864683628082275,0.6876972913742065,0.001228928565979004,0.846850574016571,0.8467283248901367,0.1435546875,working
L29_N10092,29,10092,ambiguity,amb_0008,1.2104666233062744,1.2301499843597412,0.019683361053466797,0.7396060824394226,0.736239492893219,0.1435546875,working
L29_N10092,29,10092,ambiguity,amb_0009,0.2950160503387451,0.30195796489715576,0.0069419145584106445,0.9578433036804199,0.9563823938369751,0.1435546875,working
L29_N10092,29,10092,ambiguity,amb_0010,0.6710743308067322,0.6742343902587891,0.0031600594520568848,0.873877227306366,0.8734739422798157,0.1435546875,working
L29_N10092,29,10092,ambiguity,amb_0011,0.8978927135467529,0.9044358134269714,0.006543099880218506,0.48528268933296204,0.4847230315208435,0.1435546875,working
L29_N10092,29,10092,ambiguity,amb_0012,1.1442832946777344,1.1642582416534424,0.019974946975708008,0.5872636437416077,0.5592250227928162,0.1435546875,working
L29_N10092,29,10092,ambiguity,amb_0013,2.0501976013183594,2.053983688354492,0.0037860870361328125,0.35530850291252136,0.3546614646911621,0.1435546875,working
L29_N10092,29,10092,ambiguity,amb_0014,0.761101484298706,0.7758107781410217,0.014709293842315674,0.8639847636222839,0.8615859746932983,0.1435546875,working
L29_N10092,29,10092,ambiguity,amb_0015,1.2262729406356812,1.240032434463501,0.013759493827819824,0.4996010959148407,0.49659472703933716,0.1435546875,working
L29_N10092,29,10092,ambiguity,amb_0016,0.8115596771240234,0.8123025298118591,0.0007428526878356934,0.6088548302650452,0.6088019013404846,0.1435546875,working
L29_N10092,29,10092,ambiguity,amb_0017,2.3558125495910645,2.296191692352295,-0.05962085723876953,0.39323946833610535,0.4145886301994324,0.1435546875,working
L29_N10092,29,10092,ambiguity,amb_0018,1.8969521522521973,1.898661494255066,0.0017093420028686523,0.4428832232952118,0.44204843044281006,0.1435546875,working
L29_N10092,29,10092,ambiguity,amb_0019,2.6388611793518066,2.638606548309326,-0.00025463104248046875,0.26461437344551086,0.25969526171684265,0.1435546875,working
L29_N10092,29,10092,ambiguity,amb_0020,1.2957327365875244,1.3070755004882812,0.011342763900756836,0.4815310537815094,0.47968655824661255,0.1435546875,working
L29_N10092,29,10092,ambiguity,amb_0021,2.1131601333618164,2.134206771850586,0.02104663848876953,0.42040491104125977,0.4110191762447357,0.1435546875,working
L29_N10092,29,10092,ambiguity,amb_0022,0.4330230951309204,0.435354620218277,0.0023315250873565674,0.9126415848731995,0.9122828841209412,0.1435546875,working
L29_N10092,29,10092,ambiguity,amb_0023,2.496356725692749,2.5018718242645264,0.005515098571777344,0.3562780022621155,0.3478287160396576,0.1435546875,working
L29_N10092,29,10092,ambiguity,amb_0024,0.4288303852081299,0.4510040283203125,0.022173643112182617,0.9133946299552917,0.9063414335250854,0.1435546875,working
L29_N10092,29,10092,ambiguity,amb_0025,1.7277146577835083,1.7311642169952393,0.003449559211730957,0.6181887984275818,0.6178678870201111,0.1435546875,working
L29_N10092,29,10092,ambiguity,amb_0026,1.039846420288086,1.04261314868927,0.002766728401184082,0.6612857580184937,0.660953164100647,0.1435546875,working
L29_N10092,29,10092,ambiguity,amb_0027,2.144209384918213,2.132232904434204,-0.011976480484008789,0.37972331047058105,0.3818700909614563,0.1435546875,working
L29_N10092,29,10092,ambiguity,amb_0028,0.5740122199058533,0.5831581950187683,0.009145975112915039,0.8846664428710938,0.8833001852035522,0.1435546875,working
L29_N10092,29,10092,ambiguity,amb_0029,0.6504930257797241,0.6592517495155334,0.008758723735809326,0.8893769383430481,0.8877360820770264,0.1435546875,working
L29_N10092,29,10092,ambiguity,amb_0030,1.216983675956726,1.2392284870147705,0.022244811058044434,0.6111434698104858,0.5957686305046082,0.1435546875,working
L29_N10092,29,10092,ambiguity,amb_0031,2.3033809661865234,2.3091073036193848,0.005726337432861328,0.35094738006591797,0.3503037691116333,0.1435546875,working
L29_N10092,29,10092,ambiguity,amb_0032,2.0960350036621094,2.111508369445801,0.015473365783691406,0.4308151304721832,0.4211866557598114,0.1435546875,working
L29_N10092,29,10092,ambiguity,amb_0033,0.5091288685798645,0.5107957720756531,0.0016669034957885742,0.8426834940910339,0.842499315738678,0.1435546875,working
L29_N10092,29,10092,ambiguity,amb_0034,0.4834442734718323,0.449968546628952,-0.03347572684288025,0.8769404292106628,0.8892083764076233,0.1435546875,working
L29_N10092,29,10092,ambiguity,amb_0035,1.6827250719070435,1.7037348747253418,0.02100980281829834,0.35733476281166077,0.3434496223926544,0.1435546875,working
L29_N10092,29,10092,ambiguity,amb_0036,0.5660671591758728,0.5711054801940918,0.005038321018218994,0.8925868272781372,0.8920342326164246,0.1435546875,working
L29_N10092,29,10092,ambiguity,amb_0037,3.4740333557128906,3.4850339889526367,0.011000633239746094,0.18047115206718445,0.1802796870470047,0.1435546875,working
L29_N10092,29,10092,ambiguity,amb_0038,1.1948089599609375,1.1548807621002197,-0.03992819786071777,0.5671634078025818,0.5967214107513428,0.1435546875,working
L29_N10092,29,10092,ambiguity,amb_0039,1.9683310985565186,1.975545883178711,0.007214784622192383,0.32880303263664246,0.32555297017097473,0.1435546875,working
L29_N10092,29,10092,ambiguity,amb_0040,2.0915257930755615,2.0933377742767334,0.001811981201171875,0.32192304730415344,0.31514430046081543,0.1435546875,working
L29_N10092,29,10092,ambiguity,amb_0041,0.7955638766288757,0.8341176509857178,0.03855377435684204,0.8699054718017578,0.8602362275123596,0.1435546875,working
L29_N10092,29,10092,ambiguity,amb_0042,1.85142982006073,1.8650789260864258,0.0136491060256958,0.4493207037448883,0.44748014211654663,0.1435546875,working
L29_N10092,29,10092,ambiguity,amb_0043,0.8165631890296936,0.7868828773498535,-0.029680311679840088,0.8207224011421204,0.8272252082824707,0.1435546875,working
L29_N10092,29,10092,ambiguity,amb_0044,1.904727578163147,1.9313958883285522,0.026668310165405273,0.2671322226524353,0.2608799338340759,0.1435546875,working
L29_N10092,29,10092,ambiguity,amb_0045,1.2998855113983154,1.3049068450927734,0.005021333694458008,0.6470559239387512,0.6465722918510437,0.1435546875,working
L29_N10092,29,10092,ambiguity,amb_0046,1.4839916229248047,1.4901763200759888,0.006184697151184082,0.6336361765861511,0.6330838799476624,0.1435546875,working
L29_N10092,29,10092,ambiguity,amb_0047,0.7632579803466797,0.7659574747085571,0.0026994943618774414,0.8331174254417419,0.8327970504760742,0.1435546875,working
L29_N10092,29,10092,ambiguity,amb_0048,1.514227032661438,1.5451092720031738,0.03088223934173584,0.5976518392562866,0.5789297223091125,0.1435546875,working
L29_N10092,29,10092,ambiguity,amb_0049,1.697184443473816,1.7303507328033447,0.03316628932952881,0.49015605449676514,0.47737932205200195,0.1435546875,working
L29_N10092,29,10092,ambiguity,amb_0050,0.5704054236412048,0.5826268196105957,0.01222139596939087,0.8998469114303589,0.8959466814994812,0.1435546875,working
L29_N10092,29,10092,ambiguity,amb_0051,1.7823220491409302,1.7532193660736084,-0.029102683067321777,0.3443443775177002,0.3728090524673462,0.1435546875,working
L29_N10092,29,10092,ambiguity,amb_0052,1.8537561893463135,1.8634679317474365,0.009711742401123047,0.5324667692184448,0.5187476873397827,0.1435546875,working
L29_N10092,29,10092,ambiguity,amb_0053,1.500739574432373,1.460501790046692,-0.04023778438568115,0.48881834745407104,0.5189763307571411,0.1435546875,working
L29_N10092,29,10092,ambiguity,amb_0054,1.4248483180999756,1.432891845703125,0.008043527603149414,0.522095263004303,0.5213597416877747,0.1435546875,working
L29_N10092,29,10092,ambiguity,amb_0055,1.3331801891326904,1.3566069602966309,0.02342677116394043,0.6907464265823364,0.683665931224823,0.1435546875,working
L29_N10092,29,10092,ambiguity,amb_0056,0.8418190479278564,0.7837519645690918,-0.05806708335876465,0.8045159578323364,0.8230205178260803,0.1435546875,working
L29_N10092,29,10092,ambiguity,amb_0057,0.860246479511261,0.864338755607605,0.004092276096343994,0.769057035446167,0.7684834003448486,0.1435546875,working
L29_N10092,29,10092,ambiguity,amb_0058,0.5850265622138977,0.6033492684364319,0.01832270622253418,0.9120071530342102,0.9079218506813049,0.1435546875,working
L29_N10092,29,10092,ambiguity,amb_0059,1.652890920639038,1.6334649324417114,-0.01942598819732666,0.3607974350452423,0.3889617919921875,0.1435546875,working
L29_N10092,29,10092,ambiguity,amb_0060,0.9229245185852051,0.9422717094421387,0.019347190856933594,0.7884695529937744,0.7818788886070251,0.1435546875,working
L29_N10092,29,10092,ambiguity,amb_0061,0.8568586111068726,0.8531291484832764,-0.0037294626235961914,0.7207455635070801,0.721718966960907,0.1435546875,working
L29_N10092,29,10092,ambiguity,amb_0062,0.298399418592453,0.3072251081466675,0.008825689554214478,0.9527616500854492,0.9509803652763367,0.1435546875,working
L29_N10092,29,10092,ambiguity,amb_0063,2.0921833515167236,2.0963621139526367,0.004178762435913086,0.4601932168006897,0.45999234914779663,0.1435546875,working
L29_N10092,29,10092,ambiguity,amb_0064,2.2752323150634766,2.206845283508301,-0.06838703155517578,0.4222147762775421,0.4405476152896881,0.1435546875,working
L29_N10092,29,10092,ambiguity,amb_0065,1.3570235967636108,1.3608208894729614,0.003797292709350586,0.7581037878990173,0.753711462020874,0.1435546875,working
L29_N10092,29,10092,ambiguity,amb_0066,0.5760549306869507,0.5478360652923584,-0.028218865394592285,0.8967547416687012,0.9035332798957825,0.1435546875,working
L29_N10092,29,10092,ambiguity,amb_0067,0.8475499153137207,0.8476735353469849,0.00012362003326416016,0.6028904914855957,0.6028842329978943,0.1435546875,working
L29_N10092,29,10092,ambiguity,amb_0068,2.1295032501220703,2.13911771774292,0.00961446762084961,0.3049010634422302,0.3034072816371918,0.1435546875,working
L29_N10092,29,10092,ambiguity,amb_0069,0.38312655687332153,0.38437116146087646,0.0012446045875549316,0.922892689704895,0.9227722883224487,0.1435546875,working
L29_N10092,29,10092,ambiguity,amb_0070,1.5209429264068604,1.4664123058319092,-0.05453062057495117,0.5861405730247498,0.6084343194961548,0.1435546875,working
L29_N10092,29,10092,ambiguity,amb_0071,0.19990377128124237,0.20719654858112335,0.0072927772998809814,0.9701676368713379,0.968885064125061,0.1435546875,working
L29_N10092,29,10092,ambiguity,amb_0072,1.6489415168762207,1.6652545928955078,0.01631307601928711,0.36672645807266235,0.3632110059261322,0.1435546875,working
L29_N10092,29,10092,ambiguity,amb_0073,1.2753968238830566,1.190611720085144,-0.0847851037979126,0.7489437460899353,0.7709165215492249,0.1435546875,working
L29_N10092,29,10092,ambiguity,amb_0074,1.1416860818862915,1.1428821086883545,0.0011960268020629883,0.6650257110595703,0.664913535118103,0.1435546875,working
L29_N10092,29,10092,ambiguity,amb_0075,0.8276720643043518,0.7844655513763428,-0.04320651292800903,0.7392176985740662,0.7619655132293701,0.1435546875,working
L29_N10092,29,10092,ambiguity,amb_0076,1.0760152339935303,1.081215500831604,0.0052002668380737305,0.6675278544425964,0.666802704334259,0.1435546875,working
L29_N10092,29,10092,ambiguity,amb_0077,1.592647910118103,1.5991601943969727,0.006512284278869629,0.4306304454803467,0.42996910214424133,0.1435546875,working
L29_N10092,29,10092,ambiguity,amb_0078,2.464470386505127,2.480846643447876,0.016376256942749023,0.4618763327598572,0.45700085163116455,0.1435546875,working
L29_N10092,29,10092,ambiguity,amb_0079,0.8438699245452881,0.8678500652313232,0.023980140686035156,0.8234663605690002,0.8185132741928101,0.1435546875,working
L29_N10092,29,10092,ambiguity,amb_0080,1.1441341638565063,1.1724132299423218,0.02827906608581543,0.5915351510047913,0.5720061659812927,0.1435546875,working
L29_N10092,29,10092,ambiguity,amb_0081,1.3302841186523438,1.341044306755066,0.010760188102722168,0.48327043652534485,0.4815172851085663,0.1435546875,working
L29_N10092,29,10092,ambiguity,amb_0082,0.37876126170158386,0.3868558406829834,0.008094578981399536,0.9446530342102051,0.9434316158294678,0.1435546875,working
L29_N10092,29,10092,ambiguity,amb_0083,0.5373123288154602,0.538173496723175,0.0008611679077148438,0.8117288947105408,0.811638355255127,0.1435546875,working
L29_N10092,29,10092,ambiguity,amb_0084,0.6286208629608154,0.5758408904075623,-0.052779972553253174,0.8801002502441406,0.892626941204071,0.1435546875,held_out
L29_N10092,29,10092,ambiguity,amb_0085,2.0420470237731934,2.047858953475952,0.005811929702758789,0.518150269985199,0.5174468159675598,0.1435546875,held_out
L29_N10092,29,10092,ambiguity,amb_0086,0.6750121712684631,0.7122549414634705,0.037242770195007324,0.8043025135993958,0.784974217414856,0.1435546875,held_out
L29_N10092,29,10092,ambiguity,amb_0087,0.851153552532196,0.8445714116096497,-0.006582140922546387,0.7674943208694458,0.7691566944122314,0.1435546875,held_out
L29_N10092,29,10092,ambiguity,amb_0088,1.200850248336792,1.2183804512023926,0.017530202865600586,0.773237943649292,0.7700201272964478,0.1435546875,held_out
L29_N10092,29,10092,ambiguity,amb_0089,1.6550757884979248,1.6492878198623657,-0.005787968635559082,0.405337393283844,0.4075174331665039,0.1435546875,held_out
L29_N10092,29,10092,ambiguity,amb_0090,2.5261993408203125,2.480661392211914,-0.04553794860839844,0.30030083656311035,0.32514694333076477,0.1435546875,held_out
L29_N10092,29,10092,ambiguity,amb_0091,0.48743361234664917,0.4926473796367645,0.0052137672901153564,0.9123684167861938,0.9116729497909546,0.1435546875,held_out
L29_N10092,29,10092,ambiguity,amb_0092,0.43654268980026245,0.4224206507205963,-0.014122039079666138,0.9046975374221802,0.9065918922424316,0.1435546875,held_out
L29_N10092,29,10092,ambiguity,amb_0093,0.8581055998802185,0.8110623955726624,-0.04704320430755615,0.8134912848472595,0.8276031017303467,0.1435546875,held_out
L29_N10092,29,10092,ambiguity,amb_0094,1.5484428405761719,1.5536632537841797,0.0052204132080078125,0.4460310637950897,0.431167870759964,0.1435546875,held_out
L29_N10092,29,10092,ambiguity,amb_0095,1.6305668354034424,1.6562422513961792,0.025675415992736816,0.47868046164512634,0.47125443816185,0.1435546875,held_out
L29_N10092,29,10092,ambiguity,amb_0096,0.8040999174118042,0.7970981597900391,-0.007001757621765137,0.8214221000671387,0.8276141881942749,0.1435546875,held_out
L29_N10092,29,10092,ambiguity,amb_0097,1.4502954483032227,1.4808692932128906,0.03057384490966797,0.7380348443984985,0.7327851057052612,0.1435546875,held_out
L29_N10092,29,10092,ambiguity,amb_0098,1.7052323818206787,1.7006375789642334,-0.0045948028564453125,0.6084346771240234,0.6094704866409302,0.1435546875,held_out
L29_N10092,29,10092,ambiguity,amb_0099,1.5348759889602661,1.5426344871520996,0.007758498191833496,0.6627933382987976,0.6616647243499756,0.1435546875,held_out
L29_N10092,29,10092,ambiguity,amb_0100,1.3011589050292969,1.3250343799591064,0.02387547492980957,0.7374158501625061,0.7290313243865967,0.1435546875,held_out
L29_N10092,29,10092,ambiguity,amb_0101,0.8138962984085083,0.8363917469978333,0.02249544858932495,0.8693352341651917,0.8651353716850281,0.1435546875,held_out
L29_N10092,29,10092,ambiguity,amb_0102,2.1119987964630127,2.0099070072174072,-0.10209178924560547,0.5637282133102417,0.5866744518280029,0.1435546875,held_out
L29_N10092,29,10092,ambiguity,amb_0103,1.193114995956421,1.136562466621399,-0.05655252933502197,0.6968816518783569,0.7199938893318176,0.1435546875,held_out
L29_N10092,29,10092,ambiguity,amb_0104,2.108257532119751,2.1197147369384766,0.011457204818725586,0.5438284873962402,0.5385534763336182,0.1435546875,held_out
L29_N10092,29,10092,ambiguity,amb_0105,1.7343356609344482,1.747293472290039,0.01295781135559082,0.42963331937789917,0.42812463641166687,0.1435546875,held_out
L29_N10092,29,10092,ambiguity,amb_0106,1.0222446918487549,1.0336627960205078,0.01141810417175293,0.7604569792747498,0.759136974811554,0.1435546875,held_out
L29_N10092,29,10092,ambiguity,amb_0107,0.1585552841424942,0.16070814430713654,0.002152860164642334,0.970394492149353,0.9701480269432068,0.1435546875,held_out
L29_N10092,29,10092,ambiguity,amb_0108,0.8087986707687378,0.8130565881729126,0.004257917404174805,0.6818298101425171,0.6813469529151917,0.1435546875,held_out
L29_N10092,29,10092,ambiguity,amb_0109,0.2880294919013977,0.2935127913951874,0.005483299493789673,0.9519054889678955,0.950710117816925,0.1435546875,held_out
L29_N10092,29,10092,ambiguity,amb_0110,0.6722480058670044,0.6742920875549316,0.002044081687927246,0.8737572431564331,0.8735631704330444,0.1435546875,held_out
L29_N10092,29,10092,ambiguity,amb_0111,2.1224141120910645,2.136901617050171,0.014487504959106445,0.5662317276000977,0.5636175870895386,0.1435546875,held_out
L29_N10092,29,10092,ambiguity,amb_0112,0.706652820110321,0.6730641722679138,-0.03358864784240723,0.8364666700363159,0.8472180962562561,0.1435546875,held_out
L29_N10092,29,10092,ambiguity,amb_0113,1.0804870128631592,1.0926265716552734,0.012139558792114258,0.7916393280029297,0.789269745349884,0.1435546875,held_out
L29_N10092,29,10092,ambiguity,amb_0114,1.6349296569824219,1.6535310745239258,0.018601417541503906,0.6411201357841492,0.635699450969696,0.1435546875,held_out
L29_N10092,29,10092,ambiguity,amb_0115,0.5731693506240845,0.5310676097869873,-0.04210174083709717,0.9003710746765137,0.9094293117523193,0.1435546875,held_out
L29_N10092,29,10092,ambiguity,amb_0116,0.6693729758262634,0.6719056367874146,0.002532660961151123,0.8767203092575073,0.8764157295227051,0.1435546875,held_out
L29_N10092,29,10092,ambiguity,amb_0117,0.995265007019043,0.9265837669372559,-0.06868124008178711,0.822523832321167,0.838478147983551,0.1435546875,held_out
L29_N10092,29,10092,ambiguity,amb_0118,0.8763670325279236,0.8982597589492798,0.0218927264213562,0.735021710395813,0.7268228530883789,0.1435546875,held_out
L29_N10092,29,10092,ambiguity,amb_0119,0.3095478415489197,0.3051978051662445,-0.004350036382675171,0.9257344007492065,0.9262371063232422,0.1435546875,held_out
L24_N7891,24,7891,ambiguity,amb_0000,0.3662698268890381,0.37743884325027466,0.011169016361236572,0.9264712333679199,0.9247164726257324,0.130859375,working
L24_N7891,24,7891,ambiguity,amb_0001,1.8094863891601562,1.8049437999725342,-0.00454258918762207,0.37762728333473206,0.3782185912132263,0.130859375,working
L24_N7891,24,7891,ambiguity,amb_0002,1.3918004035949707,1.392555594444275,0.0007551908493041992,0.44581952691078186,0.44574078917503357,0.130859375,working
L24_N7891,24,7891,ambiguity,amb_0003,2.0339226722717285,2.015514850616455,-0.018407821655273438,0.5140929818153381,0.5173377990722656,0.130859375,working
L24_N7891,24,7891,ambiguity,amb_0004,0.876939058303833,0.82016921043396,-0.05676984786987305,0.7576162815093994,0.7799732685089111,0.130859375,working
L24_N7891,24,7891,ambiguity,amb_0005,1.4546526670455933,1.451866865158081,-0.002785801887512207,0.5178636908531189,0.5180694460868835,0.130859375,working
L24_N7891,24,7891,ambiguity,amb_0006,0.11889081448316574,0.11708910018205643,-0.001801714301109314,0.9852386116981506,0.9855294823646545,0.130859375,working
L24_N7891,24,7891,ambiguity,amb_0007,0.6864683628082275,0.7174025774002075,0.03093421459197998,0.846850574016571,0.8338621854782104,0.130859375,working
L24_N7891,24,7891,ambiguity,amb_0008,1.2104666233062744,1.215494155883789,0.0050275325775146484,0.7396060824394226,0.7385862469673157,0.130859375,working
L24_N7891,24,7891,ambiguity,amb_0009,0.2950160503387451,0.2866155803203583,-0.00840047001838684,0.9578433036804199,0.9593844413757324,0.130859375,working
L24_N7891,24,7891,ambiguity,amb_0010,0.6710743308067322,0.6465654373168945,-0.024508893489837646,0.873877227306366,0.8804458379745483,0.130859375,working
L24_N7891,24,7891,ambiguity,amb_0011,0.8978927135467529,0.9045977592468262,0.006705045700073242,0.48528268933296204,0.48472151160240173,0.130859375,working
L24_N7891,24,7891,ambiguity,amb_0012,1.1442832946777344,1.1442832946777344,0.0,0.5872636437416077,0.5872636437416077,0.130859375,working
L24_N7891,24,7891,ambiguity,amb_0013,2.0501976013183594,2.0445821285247803,-0.0056154727935791016,0.35530850291252136,0.3560672402381897,0.130859375,working
L24_N7891,24,7891,ambiguity,amb_0014,0.761101484298706,0.7484889626502991,-0.012612521648406982,0.8639847636222839,0.8683246970176697,0.130859375,working
L24_N7891,24,7891,ambiguity,amb_0015,1.2262729406356812,1.2038477659225464,-0.022425174713134766,0.4996010959148407,0.5278615355491638,0.130859375,working
L24_N7891,24,7891,ambiguity,amb_0016,0.8115596771240234,0.8161464929580688,0.00458681583404541,0.6088548302650452,0.608149528503418,0.130859375,working
L24_N7891,24,7891,ambiguity,amb_0017,2.3558125495910645,2.3380537033081055,-0.017758846282958984,0.39323946833610535,0.3997069001197815,0.130859375,working
L24_N7891,24,7891,ambiguity,amb_0018,1.8969521522521973,1.8929076194763184,-0.004044532775878906,0.4428832232952118,0.4431394338607788,0.130859375,working
L24_N7891,24,7891,ambiguity,amb_0019,2.6388611793518066,2.634612798690796,-0.004248380661010742,0.26461437344551086,0.2629854679107666,0.130859375,working
L24_N7891,24,7891,ambiguity,amb_0020,1.2957327365875244,1.29756760597229,0.001834869384765625,0.4815310537815094,0.48138874769210815,0.130859375,working
L24_N7891,24,7891,ambiguity,amb_0021,2.1131601333618164,2.1016860008239746,-0.011474132537841797,0.42040491104125977,0.42687058448791504,0.130859375,working
L24_N7891,24,7891,ambiguity,amb_0022,0.4330230951309204,0.42873233556747437,-0.004290759563446045,0.9126415848731995,0.9132735729217529,0.130859375,working
L24_N7891,24,7891,ambiguity,amb_0023,2.496356725692749,2.4916443824768066,-0.004712343215942383,0.3562780022621155,0.3572368025779724,0.130859375,working
L24_N7891,24,7891,ambiguity,amb_0024,0.4288303852081299,0.4290353059768677,0.00020492076873779297,0.9133946299552917,0.9133427143096924,0.130859375,working
L24_N7891,24,7891,ambiguity,amb_0025,1.7277146577835083,1.7239032983779907,-0.003811359405517578,0.6181887984275818,0.6185885667800903,0.130859375,working
L24_N7891,24,7891,ambiguity,amb_0026,1.039846420288086,1.0394537448883057,-0.00039267539978027344,0.6612857580184937,0.6613894701004028,0.130859375,working
L24_N7891,24,7891,ambiguity,amb_0027,2.144209384918213,2.1427900791168213,-0.0014193058013916016,0.37972331047058105,0.3798719346523285,0.130859375,working
L24_N7891,24,7891,ambiguity,amb_0028,0.5740122199058533,0.620163083076477,0.04615086317062378,0.8846664428710938,0.8723036050796509,0.130859375,working
L24_N7891,24,7891,ambiguity,amb_0029,0.6504930257797241,0.64519864320755,-0.005294382572174072,0.8893769383430481,0.8902435302734375,0.130859375,working
L24_N7891,24,7891,ambiguity,amb_0030,1.216983675956726,1.1912012100219727,-0.025782465934753418,0.6111434698104858,0.6247111558914185,0.130859375,working
L24_N7891,24,7891,ambiguity,amb_0031,2.3033809661865234,2.292248249053955,-0.01113271713256836,0.35094738006591797,0.3542001247406006,0.130859375,working
L24_N7891,24,7891,ambiguity,amb_0032,2.0960350036621094,2.1030144691467285,0.006979465484619141,0.4308151304721832,0.4289252758026123,0.130859375,working
L24_N7891,24,7891,ambiguity,amb_0033,0.5091288685798645,0.534088671207428,0.024959802627563477,0.8426834940910339,0.8266966938972473,0.130859375,working
L24_N7891,24,7891,ambiguity,amb_0034,0.4834442734718323,0.4610665440559387,-0.022377729415893555,0.8769404292106628,0.8878186941146851,0.130859375,working
L24_N7891,24,7891,ambiguity,amb_0035,1.6827250719070435,1.6829811334609985,0.0002560615539550781,0.35733476281166077,0.35732245445251465,0.130859375,working
L24_N7891,24,7891,ambiguity,amb_0036,0.5660671591758728,0.5655121207237244,-0.0005550384521484375,0.8925868272781372,0.8926611542701721,0.130859375,working
L24_N7891,24,7891,ambiguity,amb_0037,3.4740333557128906,3.49371337890625,0.019680023193359375,0.18047115206718445,0.17237135767936707,0.130859375,working
L24_N7891,24,7891,ambiguity,amb_0038,1.1948089599609375,1.1619946956634521,-0.03281426429748535,0.5671634078025818,0.5775136947631836,0.130859375,working
L24_N7891,24,7891,ambiguity,amb_0039,1.9683310985565186,1.9804110527038574,0.012079954147338867,0.32880303263664246,0.3395157754421234,0.130859375,working
L24_N7891,24,7891,ambiguity,amb_0040,2.0915257930755615,2.0850632190704346,-0.006462574005126953,0.32192304730415344,0.32252028584480286,0.130859375,working
L24_N7891,24,7891,ambiguity,amb_0041,0.7955638766288757,0.8038209676742554,0.008257091045379639,0.8699054718017578,0.8671107292175293,0.130859375,working
L24_N7891,24,7891,ambiguity,amb_0042,1.85142982006073,1.8509416580200195,-0.0004881620407104492,0.4493207037448883,0.44958215951919556,0.130859375,working
L24_N7891,24,7891,ambiguity,amb_0043,0.8165631890296936,0.8118061423301697,-0.004757046699523926,0.8207224011421204,0.8213629722595215,0.130859375,working
L24_N7891,24,7891,ambiguity,amb_0044,1.904727578163147,1.9173736572265625,0.012646079063415527,0.2671322226524353,0.2701084017753601,0.130859375,working
L24_N7891,24,7891,ambiguity,amb_0045,1.2998855113983154,1.3538821935653687,0.05399668216705322,0.6470559239387512,0.619936466217041,0.130859375,working
L24_N7891,24,7891,ambiguity,amb_0046,1.4839916229248047,1.4747800827026367,-0.009211540222167969,0.6336361765861511,0.6400889754295349,0.130859375,working
L24_N7891,24,7891,ambiguity,amb_0047,0.7632579803466797,0.7817844152450562,0.018526434898376465,0.8331174254417419,0.83056640625,0.130859375,working
L24_N7891,24,7891,ambiguity,amb_0048,1.514227032661438,1.5138403177261353,-0.0003867149353027344,0.5976518392562866,0.5977049469947815,0.130859375,working
L24_N7891,24,7891,ambiguity,amb_0049,1.697184443473816,1.711562156677246,0.014377713203430176,0.49015605449676514,0.4798761308193207,0.130859375,working
L24_N7891,24,7891,ambiguity,amb_0050,0.5704054236412048,0.5607834458351135,-0.009621977806091309,0.8998469114303589,0.9017283320426941,0.130859375,working
L24_N7891,24,7891,ambiguity,amb_0051,1.7823220491409302,1.7760834693908691,-0.006238579750061035,0.3443443775177002,0.34893691539764404,0.130859375,working
L24_N7891,24,7891,ambiguity,amb_0052,1.8537561893463135,1.8498119115829468,-0.003944277763366699,0.5324667692184448,0.5205202698707581,0.130859375,working
L24_N7891,24,7891,ambiguity,amb_0053,1.500739574432373,1.4461274147033691,-0.054612159729003906,0.48881834745407104,0.5204375386238098,0.130859375,working
L24_N7891,24,7891,ambiguity,amb_0054,1.4248483180999756,1.3908419609069824,-0.034006357192993164,0.522095263004303,0.5297878980636597,0.130859375,working
L24_N7891,24,7891,ambiguity,amb_0055,1.3331801891326904,1.3326070308685303,-0.0005731582641601562,0.6907464265823364,0.6930119395256042,0.130859375,working
L24_N7891,24,7891,ambiguity,amb_0056,0.8418190479278564,0.842514157295227,0.0006951093673706055,0.8045159578323364,0.8044412732124329,0.130859375,working
L24_N7891,24,7891,ambiguity,amb_0057,0.860246479511261,0.8603237867355347,7.730722427368164e-05,0.769057035446167,0.7690507769584656,0.130859375,working
L24_N7891,24,7891,ambiguity,amb_0058,0.5850265622138977,0.5867847204208374,0.0017581582069396973,0.9120071530342102,0.911443293094635,0.130859375,working
L24_N7891,24,7891,ambiguity,amb_0059,1.652890920639038,1.6696337461471558,0.016742825508117676,0.3607974350452423,0.37779903411865234,0.130859375,working
L24_N7891,24,7891,ambiguity,amb_0060,0.9229245185852051,0.9056038856506348,-0.017320632934570312,0.7884695529937744,0.7956253290176392,0.130859375,working
L24_N7891,24,7891,ambiguity,amb_0061,0.8568586111068726,0.8466463088989258,-0.010212302207946777,0.7207455635070801,0.7226816415786743,0.130859375,working
L24_N7891,24,7891,ambiguity,amb_0062,0.298399418592453,0.2972926199436188,-0.0011067986488342285,0.9527616500854492,0.9529269337654114,0.130859375,working
L24_N7891,24,7891,ambiguity,amb_0063,2.0921833515167236,2.084197998046875,-0.007985353469848633,0.4601932168006897,0.46357962489128113,0.130859375,working
L24_N7891,24,7891,ambiguity,amb_0064,2.2752323150634766,2.2702059745788574,-0.005026340484619141,0.4222147762775421,0.42462801933288574,0.130859375,working
L24_N7891,24,7891,ambiguity,amb_0065,1.3570235967636108,1.344759464263916,-0.012264132499694824,0.7581037878990173,0.7604078054428101,0.130859375,working
L24_N7891,24,7891,ambiguity,amb_0066,0.5760549306869507,0.581490695476532,0.005435764789581299,0.8967547416687012,0.8956689834594727,0.130859375,working
L24_N7891,24,7891,ambiguity,amb_0067,0.8475499153137207,0.8515653610229492,0.004015445709228516,0.6028904914855957,0.6023152470588684,0.130859375,working
L24_N7891,24,7891,ambiguity,amb_0068,2.1295032501220703,2.1266117095947266,-0.00289154052734375,0.3049010634422302,0.3046145737171173,0.130859375,working
L24_N7891,24,7891,ambiguity,amb_0069,0.38312655687332153,0.3828192949295044,-0.00030726194381713867,0.922892689704895,0.9229313731193542,0.130859375,working
L24_N7891,24,7891,ambiguity,amb_0070,1.5209429264068604,1.5135624408721924,-0.007380485534667969,0.5861405730247498,0.5879347324371338,0.130859375,working
L24_N7891,24,7891,ambiguity,amb_0071,0.19990377128124237,0.20001983642578125,0.0001160651445388794,0.9701676368713379,0.9701598882675171,0.130859375,working
L24_N7891,24,7891,ambiguity,amb_0072,1.6489415168762207,1.6520557403564453,0.0031142234802246094,0.36672645807266235,0.3860642611980438,0.130859375,working
L24_N7891,24,7891,ambiguity,amb_0073,1.2753968238830566,1.2573331594467163,-0.018063664436340332,0.7489437460899353,0.7559738159179688,0.130859375,working
L24_N7891,24,7891,ambiguity,amb_0074,1.1416860818862915,1.1284401416778564,-0.013245940208435059,0.6650257110595703,0.6686782240867615,0.130859375,working
L24_N7891,24,7891,ambiguity,amb_0075,0.8276720643043518,0.782261848449707,-0.045410215854644775,0.7392176985740662,0.7621846199035645,0.130859375,working
L24_N7891,24,7891,ambiguity,amb_0076,1.0760152339935303,1.076891541481018,0.000876307487487793,0.6675278544425964,0.6674681305885315,0.130859375,working
L24_N7891,24,7891,ambiguity,amb_0077,1.592647910118103,1.5851995944976807,-0.007448315620422363,0.4306304454803467,0.43897533416748047,0.130859375,working
L24_N7891,24,7891,ambiguity,amb_0078,2.464470386505127,2.4655380249023438,0.0010676383972167969,0.4618763327598572,0.47286930680274963,0.130859375,working
L24_N7891,24,7891,ambiguity,amb_0079,0.8438699245452881,0.8258363008499146,-0.018033623695373535,0.8234663605690002,0.8268421292304993,0.130859375,working
L24_N7891,24,7891,ambiguity,amb_0080,1.1441341638565063,1.172825574874878,0.028691411018371582,0.5915351510047913,0.571972131729126,0.130859375,working
L24_N7891,24,7891,ambiguity,amb_0081,1.3302841186523438,1.3317160606384277,0.0014319419860839844,0.48327043652534485,0.4831734299659729,0.130859375,working
L24_N7891,24,7891,ambiguity,amb_0082,0.37876126170158386,0.37993013858795166,0.0011688768863677979,0.9446530342102051,0.9444588422775269,0.130859375,working
L24_N7891,24,7891,ambiguity,amb_0083,0.5373123288154602,0.5083988904953003,-0.028913438320159912,0.8117288947105408,0.8296850919723511,0.130859375,working
L24_N7891,24,7891,ambiguity,amb_0084,0.6286208629608154,0.6261886358261108,-0.00243222713470459,0.8801002502441406,0.8803742527961731,0.130859375,held_out
L24_N7891,24,7891,ambiguity,amb_0085,2.0420470237731934,2.060654878616333,0.01860785484313965,0.518150269985199,0.5128660798072815,0.130859375,held_out
L24_N7891,24,7891,ambiguity,amb_0086,0.6750121712684631,0.7170940637588501,0.04208189249038696,0.8043025135993958,0.7844170928001404,0.130859375,held_out
L24_N7891,24,7891,ambiguity,amb_0087,0.851153552532196,0.8416021466255188,-0.009551405906677246,0.7674943208694458,0.769435703754425,0.130859375,held_out
L24_N7891,24,7891,ambiguity,amb_0088,1.200850248336792,1.2083919048309326,0.007541656494140625,0.773237943649292,0.7715504169464111,0.130859375,held_out
L24_N7891,24,7891,ambiguity,amb_0089,1.6550757884979248,1.649709939956665,-0.005365848541259766,0.405337393283844,0.40751150250434875,0.130859375,held_out
L24_N7891,24,7891,ambiguity,amb_0090,2.5261993408203125,2.5468368530273438,0.02063751220703125,0.30030083656311035,0.3080771267414093,0.130859375,held_out
L24_N7891,24,7891,ambiguity,amb_0091,0.48743361234664917,0.4439213275909424,-0.04351228475570679,0.9123684167861938,0.9218657612800598,0.130859375,held_out
L24_N7891,24,7891,ambiguity,amb_0092,0.43654268980026245,0.437282919883728,0.0007402300834655762,0.9046975374221802,0.9046050310134888,0.130859375,held_out
L24_N7891,24,7891,ambiguity,amb_0093,0.8581055998802185,0.8406398296356201,-0.01746577024459839,0.8134912848472595,0.8230060935020447,0.130859375,held_out
L24_N7891,24,7891,ambiguity,amb_0094,1.5484428405761719,1.578066349029541,0.02962350845336914,0.4460310637950897,0.4232095777988434,0.130859375,held_out
L24_N7891,24,7891,ambiguity,amb_0095,1.6305668354034424,1.628036618232727,-0.002530217170715332,0.47868046164512634,0.4757455289363861,0.130859375,held_out
L24_N7891,24,7891,ambiguity,amb_0096,0.8040999174118042,0.7876750826835632,-0.016424834728240967,0.8214221000671387,0.8297314047813416,0.130859375,held_out
L24_N7891,24,7891,ambiguity,amb_0097,1.4502954483032227,1.428173542022705,-0.022121906280517578,0.7380348443984985,0.7450962662696838,0.130859375,held_out
L24_N7891,24,7891,ambiguity,amb_0098,1.7052323818206787,1.7086542844772339,0.0034219026565551758,0.6084346771240234,0.6079240441322327,0.130859375,held_out
L24_N7891,24,7891,ambiguity,amb_0099,1.5348759889602661,1.537451982498169,0.002575993537902832,0.6627933382987976,0.6624246835708618,0.130859375,held_out
L24_N7891,24,7891,ambiguity,amb_0100,1.3011589050292969,1.3732976913452148,0.07213878631591797,0.7374158501625061,0.7164102792739868,0.130859375,held_out
L24_N7891,24,7891,ambiguity,amb_0101,0.8138962984085083,0.9027460217475891,0.08884972333908081,0.8693352341651917,0.8510076403617859,0.130859375,held_out
L24_N7891,24,7891,ambiguity,amb_0102,2.1119987964630127,2.102551221847534,-0.009447574615478516,0.5637282133102417,0.5658619999885559,0.130859375,held_out
L24_N7891,24,7891,ambiguity,amb_0103,1.193114995956421,1.1313241720199585,-0.0617908239364624,0.6968816518783569,0.7204907536506653,0.130859375,held_out
L24_N7891,24,7891,ambiguity,amb_0104,2.108257532119751,2.102402687072754,-0.00585484504699707,0.5438284873962402,0.5496835708618164,0.130859375,held_out
L24_N7891,24,7891,ambiguity,amb_0105,1.7343356609344482,1.7429742813110352,0.008638620376586914,0.42963331937789917,0.42845502495765686,0.130859375,held_out
L24_N7891,24,7891,ambiguity,amb_0106,1.0222446918487549,1.0194611549377441,-0.002783536911010742,0.7604569792747498,0.7608445882797241,0.130859375,held_out
L24_N7891,24,7891,ambiguity,amb_0107,0.1585552841424942,0.15901918709278107,0.00046390295028686523,0.970394492149353,0.9703395962715149,0.130859375,held_out
L24_N7891,24,7891,ambiguity,amb_0108,0.8087986707687378,0.8131628036499023,0.004364132881164551,0.6818298101425171,0.6813211441040039,0.130859375,held_out
L24_N7891,24,7891,ambiguity,amb_0109,0.2880294919013977,0.2966746687889099,0.008645176887512207,0.9519054889678955,0.9502578973770142,0.130859375,held_out
L24_N7891,24,7891,ambiguity,amb_0110,0.6722480058670044,0.6689494848251343,-0.003298521041870117,0.8737572431564331,0.8745047450065613,0.130859375,held_out
L24_N7891,24,7891,ambiguity,amb_0111,2.1224141120910645,2.227443218231201,0.10502910614013672,0.5662317276000977,0.5361795425415039,0.130859375,held_out
L24_N7891,24,7891,ambiguity,amb_0112,0.706652820110321,0.6480656862258911,-0.05858713388442993,0.8364666700363159,0.856058657169342,0.130859375,held_out
L24_N7891,24,7891,ambiguity,amb_0113,1.0804870128631592,1.0662404298782349,-0.014246582984924316,0.7916393280029297,0.7955980896949768,0.130859375,held_out
L24_N7891,24,7891,ambiguity,amb_0114,1.6349296569824219,1.6980416774749756,0.06311202049255371,0.6411201357841492,0.6289974451065063,0.130859375,held_out
L24_N7891,24,7891,ambiguity,amb_0115,0.5731693506240845,0.5730316042900085,-0.00013774633407592773,0.9003710746765137,0.9003818035125732,0.130859375,held_out
L24_N7891,24,7891,ambiguity,amb_0116,0.6693729758262634,0.6476898193359375,-0.021683156490325928,0.8767203092575073,0.8843445777893066,0.130859375,held_out
L24_N7891,24,7891,ambiguity,amb_0117,0.995265007019043,0.9703863859176636,-0.024878621101379395,0.822523832321167,0.8284279704093933,0.130859375,held_out
L24_N7891,24,7891,ambiguity,amb_0118,0.8763670325279236,0.8731691241264343,-0.003197908401489258,0.735021710395813,0.7353625893592834,0.130859375,held_out
L24_N7891,24,7891,ambiguity,amb_0119,0.3095478415489197,0.28337907791137695,-0.026168763637542725,0.9257344007492065,0.9338943362236023,0.130859375,held_out
L26_N2788,26,2788,ambiguity,amb_0000,0.3662698268890381,0.37085288763046265,0.0045830607414245605,0.9264712333679199,0.9254975318908691,0.1162109375,working
L26_N2788,26,2788,ambiguity,amb_0001,1.8094863891601562,1.8074429035186768,-0.002043485641479492,0.37762728333473206,0.3781171441078186,0.1162109375,working
L26_N2788,26,2788,ambiguity,amb_0002,1.3918004035949707,1.3941951990127563,0.0023947954177856445,0.44581952691078186,0.44560202956199646,0.1162109375,working
L26_N2788,26,2788,ambiguity,amb_0003,2.0339226722717285,2.015437602996826,-0.018485069274902344,0.5140929818153381,0.5024243593215942,0.1162109375,working
L26_N2788,26,2788,ambiguity,amb_0004,0.876939058303833,0.8754755258560181,-0.0014635324478149414,0.7576162815093994,0.7578521370887756,0.1162109375,working
L26_N2788,26,2788,ambiguity,amb_0005,1.4546526670455933,1.5012282133102417,0.04657554626464844,0.5178636908531189,0.4869263172149658,0.1162109375,working
L26_N2788,26,2788,ambiguity,amb_0006,0.11889081448316574,0.11896760761737823,7.67931342124939e-05,0.9852386116981506,0.9851866364479065,0.1162109375,working
L26_N2788,26,2788,ambiguity,amb_0007,0.6864683628082275,0.705561637878418,0.01909327507019043,0.846850574016571,0.8369582891464233,0.1162109375,working
L26_N2788,26,2788,ambiguity,amb_0008,1.2104666233062744,1.198501467704773,-0.011965155601501465,0.7396060824394226,0.7439014911651611,0.1162109375,working
L26_N2788,26,2788,ambiguity,amb_0009,0.2950160503387451,0.3014810085296631,0.006464958190917969,0.9578433036804199,0.9564248323440552,0.1162109375,working
L26_N2788,26,2788,ambiguity,amb_0010,0.6710743308067322,0.6683290004730225,-0.002745330333709717,0.873877227306366,0.8743495941162109,0.1162109375,working
L26_N2788,26,2788,ambiguity,amb_0011,0.8978927135467529,0.9007678031921387,0.002875089645385742,0.48528268933296204,0.485105037689209,0.1162109375,working
L26_N2788,26,2788,ambiguity,amb_0012,1.1442832946777344,1.1864107847213745,0.04212749004364014,0.5872636437416077,0.5567942261695862,0.1162109375,working
L26_N2788,26,2788,ambiguity,amb_0013,2.0501976013183594,2.054131031036377,0.003933429718017578,0.35530850291252136,0.35410284996032715,0.1162109375,working
L26_N2788,26,2788,ambiguity,amb_0014,0.761101484298706,0.8157474994659424,0.05464601516723633,0.8639847636222839,0.8536272644996643,0.1162109375,working
L26_N2788,26,2788,ambiguity,amb_0015,1.2262729406356812,1.2042450904846191,-0.02202785015106201,0.4996010959148407,0.5278277397155762,0.1162109375,working
L26_N2788,26,2788,ambiguity,amb_0016,0.8115596771240234,0.8114261627197266,-0.000133514404296875,0.6088548302650452,0.6088683605194092,0.1162109375,working
L26_N2788,26,2788,ambiguity,amb_0017,2.3558125495910645,2.350677251815796,-0.005135297775268555,0.39323946833610535,0.39404022693634033,0.1162109375,working
L26_N2788,26,2788,ambiguity,amb_0018,1.8969521522521973,1.8989228010177612,0.001970648765563965,0.4428832232952118,0.4425751864910126,0.1162109375,working
L26_N2788,26,2788,ambiguity,amb_0019,2.6388611793518066,2.636387825012207,-0.0024733543395996094,0.26461437344551086,0.26006531715393066,0.1162109375,working
L26_N2788,26,2788,ambiguity,amb_0020,1.2957327365875244,1.32819402217865,0.03246128559112549,0.4815310537815094,0.4503571391105652,0.1162109375,working
L26_N2788,26,2788,ambiguity,amb_0021,2.1131601333618164,2.1014580726623535,-0.01170206069946289,0.42040491104125977,0.42700913548469543,0.1162109375,working
L26_N2788,26,2788,ambiguity,amb_0022,0.4330230951309204,0.43412062525749207,0.0010975301265716553,0.9126415848731995,0.9124621152877808,0.1162109375,working
L26_N2788,26,2788,ambiguity,amb_0023,2.496356725692749,2.492398738861084,-0.003957986831665039,0.3562780022621155,0.3488127887248993,0.1162109375,working
L26_N2788,26,2788,ambiguity,amb_0024,0.4288303852081299,0.4288657009601593,3.5315752029418945e-05,0.9133946299552917,0.9133653044700623,0.1162109375,working
L26_N2788,26,2788,ambiguity,amb_0025,1.7277146577835083,1.7267560958862305,-0.000958561897277832,0.6181887984275818,0.6183050274848938,0.1162109375,working
L26_N2788,26,2788,ambiguity,amb_0026,1.039846420288086,1.0309069156646729,-0.008939504623413086,0.6612857580184937,0.6628358960151672,0.1162109375,working
L26_N2788,26,2788,ambiguity,amb_0027,2.144209384918213,2.1365044116973877,-0.007704973220825195,0.37972331047058105,0.3831019401550293,0.1162109375,working
L26_N2788,26,2788,ambiguity,amb_0028,0.5740122199058533,0.6271083354949951,0.053096115589141846,0.8846664428710938,0.8710253238677979,0.1162109375,working
L26_N2788,26,2788,ambiguity,amb_0029,0.6504930257797241,0.6049749851226807,-0.04551804065704346,0.8893769383430481,0.898772120475769,0.1162109375,working
L26_N2788,26,2788,ambiguity,amb_0030,1.216983675956726,1.2172033786773682,0.00021970272064208984,0.6111434698104858,0.6111265420913696,0.1162109375,working
L26_N2788,26,2788,ambiguity,amb_0031,2.3033809661865234,2.304488182067871,0.0011072158813476562,0.35094738006591797,0.3506941497325897,0.1162109375,working
L26_N2788,26,2788,ambiguity,amb_0032,2.0960350036621094,2.0972671508789062,0.001232147216796875,0.4308151304721832,0.4307399094104767,0.1162109375,working
L26_N2788,26,2788,ambiguity,amb_0033,0.5091288685798645,0.5085006356239319,-0.0006282329559326172,0.8426834940910339,0.8427658677101135,0.1162109375,working
L26_N2788,26,2788,ambiguity,amb_0034,0.4834442734718323,0.4468558430671692,-0.036588430404663086,0.8769404292106628,0.88969486951828,0.1162109375,working
L26_N2788,26,2788,ambiguity,amb_0035,1.6827250719070435,1.6846532821655273,0.0019282102584838867,0.35733476281166077,0.3494347035884857,0.1162109375,working
L26_N2788,26,2788,ambiguity,amb_0036,0.5660671591758728,0.5674066543579102,0.0013394951820373535,0.8925868272781372,0.8924683332443237,0.1162109375,working
L26_N2788,26,2788,ambiguity,amb_0037,3.4740333557128906,3.4629931449890137,-0.011040210723876953,0.18047115206718445,0.17807157337665558,0.1162109375,working
L26_N2788,26,2788,ambiguity,amb_0038,1.1948089599609375,1.182344913482666,-0.012464046478271484,0.5671634078025818,0.5722825527191162,0.1162109375,working
L26_N2788,26,2788,ambiguity,amb_0039,1.9683310985565186,1.9781334400177002,0.00980234146118164,0.32880303263664246,0.33993470668792725,0.1162109375,working
L26_N2788,26,2788,ambiguity,amb_0040,2.0915257930755615,2.086505174636841,-0.005020618438720703,0.32192304730415344,0.31551995873451233,0.1162109375,working
L26_N2788,26,2788,ambiguity,amb_0041,0.7955638766288757,0.810705304145813,0.015141427516937256,0.8699054718017578,0.865626871585846,0.1162109375,working
L26_N2788,26,2788,ambiguity,amb_0042,1.85142982006073,1.8483920097351074,-0.0030378103256225586,0.4493207037448883,0.44965243339538574,0.1162109375,working
L26_N2788,26,2788,ambiguity,amb_0043,0.8165631890296936,0.8181809782981873,0.0016177892684936523,0.8207224011421204,0.8203519582748413,0.1162109375,working
L26_N2788,26,2788,ambiguity,amb_0044,1.904727578163147,1.9111328125,0.006405234336853027,0.2671322226524353,0.27386030554771423,0.1162109375,working
L26_N2788,26,2788,ambiguity,amb_0045,1.2998855113983154,1.2964365482330322,-0.003448963165283203,0.6470559239387512,0.6473430395126343,0.1162109375,working
L26_N2788,26,2788,ambiguity,amb_0046,1.4839916229248047,1.422034502029419,-0.06195712089538574,0.6336361765861511,0.6533510684967041,0.1162109375,working
L26_N2788,26,2788,ambiguity,amb_0047,0.7632579803466797,0.7610436677932739,-0.0022143125534057617,0.8331174254417419,0.8334240317344666,0.1162109375,working
L26_N2788,26,2788,ambiguity,amb_0048,1.514227032661438,1.5310797691345215,0.016852736473083496,0.5976518392562866,0.5832019448280334,0.1162109375,working
L26_N2788,26,2788,ambiguity,amb_0049,1.697184443473816,1.7064616680145264,0.00927722454071045,0.49015605449676514,0.4805028438568115,0.1162109375,working
L26_N2788,26,2788,ambiguity,amb_0050,0.5704054236412048,0.581960916519165,0.011555492877960205,0.8998469114303589,0.8960123062133789,0.1162109375,working
L26_N2788,26,2788,ambiguity,amb_0051,1.7823220491409302,1.779237985610962,-0.0030840635299682617,0.3443443775177002,0.34460389614105225,0.1162109375,working
L26_N2788,26,2788,ambiguity,amb_0052,1.8537561893463135,1.8515061140060425,-0.002250075340270996,0.5324667692184448,0.5203868746757507,0.1162109375,working
L26_N2788,26,2788,ambiguity,amb_0053,1.500739574432373,1.4455593824386597,-0.05518019199371338,0.48881834745407104,0.5206127166748047,0.1162109375,working
L26_N2788,26,2788,ambiguity,amb_0054,1.4248483180999756,1.4046233892440796,-0.020224928855895996,0.522095263004303,0.528295636177063,0.1162109375,working
L26_N2788,26,2788,ambiguity,amb_0055,1.3331801891326904,1.3513915538787842,0.01821136474609375,0.6907464265823364,0.6845157742500305,0.1162109375,working
L26_N2788,26,2788,ambiguity,amb_0056,0.8418190479278564,0.8416651487350464,-0.0001538991928100586,0.8045159578323364,0.8045136332511902,0.1162109375,working
L26_N2788,26,2788,ambiguity,amb_0057,0.860246479511261,0.9182600975036621,0.05801361799240112,0.769057035446167,0.7461095452308655,0.1162109375,working
L26_N2788,26,2788,ambiguity,amb_0058,0.5850265622138977,0.5820462703704834,-0.0029802918434143066,0.9120071530342102,0.9123914241790771,0.1162109375,working
L26_N2788,26,2788,ambiguity,amb_0059,1.652890920639038,1.6551547050476074,0.002263784408569336,0.3607974350452423,0.3603777587413788,0.1162109375,working
L26_N2788,26,2788,ambiguity,amb_0060,0.9229245185852051,0.9242955446243286,0.0013710260391235352,0.7884695529937744,0.7881974577903748,0.1162109375,working
L26_N2788,26,2788,ambiguity,amb_0061,0.8568586111068726,0.8519905805587769,-0.004868030548095703,0.7207455635070801,0.7217786908149719,0.1162109375,working
L26_N2788,26,2788,ambiguity,amb_0062,0.298399418592453,0.2990846633911133,0.0006852447986602783,0.9527616500854492,0.9526716470718384,0.1162109375,working
L26_N2788,26,2788,ambiguity,amb_0063,2.0921833515167236,2.0918805599212646,-0.0003027915954589844,0.4601932168006897,0.460207462310791,0.1162109375,working
L26_N2788,26,2788,ambiguity,amb_0064,2.2752323150634766,2.276519775390625,0.0012874603271484375,0.4222147762775421,0.4216843843460083,0.1162109375,working
L26_N2788,26,2788,ambiguity,amb_0065,1.3570235967636108,1.3606603145599365,0.0036367177963256836,0.7581037878990173,0.7540584206581116,0.1162109375,working
L26_N2788,26,2788,ambiguity,amb_0066,0.5760549306869507,0.5891621112823486,0.01310718059539795,0.8967547416687012,0.8939604163169861,0.1162109375,working
L26_N2788,26,2788,ambiguity,amb_0067,0.8475499153137207,0.8482619524002075,0.0007120370864868164,0.6028904914855957,0.6028239727020264,0.1162109375,working
L26_N2788,26,2788,ambiguity,amb_0068,2.1295032501220703,2.131791591644287,0.002288341522216797,0.3049010634422302,0.30392560362815857,0.1162109375,working
L26_N2788,26,2788,ambiguity,amb_0069,0.38312655687332153,0.38119083642959595,-0.001935720443725586,0.922892689704895,0.9231843948364258,0.1162109375,working
L26_N2788,26,2788,ambiguity,amb_0070,1.5209429264068604,1.5356889963150024,0.01474606990814209,0.5861405730247498,0.5785252451896667,0.1162109375,working
L26_N2788,26,2788,ambiguity,amb_0071,0.19990377128124237,0.2211925983428955,0.021288827061653137,0.9701676368713379,0.9663611650466919,0.1162109375,working
L26_N2788,26,2788,ambiguity,amb_0072,1.6489415168762207,1.6478853225708008,-0.0010561943054199219,0.36672645807266235,0.3668595850467682,0.1162109375,working
L26_N2788,26,2788,ambiguity,amb_0073,1.2753968238830566,1.19093656539917,-0.08446025848388672,0.7489437460899353,0.770301103591919,0.1162109375,working
L26_N2788,26,2788,ambiguity,amb_0074,1.1416860818862915,1.1415646076202393,-0.0001214742660522461,0.6650257110595703,0.6648735404014587,0.1162109375,working
L26_N2788,26,2788,ambiguity,amb_0075,0.8276720643043518,0.826481819152832,-0.0011902451515197754,0.7392176985740662,0.7393625378608704,0.1162109375,working
L26_N2788,26,2788,ambiguity,amb_0076,1.0760152339935303,1.072904348373413,-0.0031108856201171875,0.6675278544425964,0.6681381464004517,0.1162109375,working
L26_N2788,26,2788,ambiguity,amb_0077,1.592647910118103,1.5846552848815918,-0.00799262523651123,0.4306304454803467,0.43900763988494873,0.1162109375,working
L26_N2788,26,2788,ambiguity,amb_0078,2.464470386505127,2.4730098247528076,0.008539438247680664,0.4618763327598572,0.460111528635025,0.1162109375,working
L26_N2788,26,2788,ambiguity,amb_0079,0.8438699245452881,0.8512705564498901,0.007400631904602051,0.8234663605690002,0.8214890360832214,0.1162109375,working
L26_N2788,26,2788,ambiguity,amb_0080,1.1441341638565063,1.1684850454330444,0.024350881576538086,0.5915351510047913,0.5726298689842224,0.1162109375,working
L26_N2788,26,2788,ambiguity,amb_0081,1.3302841186523438,1.325089931488037,-0.005194187164306641,0.48327043652534485,0.4840317964553833,0.1162109375,working
L26_N2788,26,2788,ambiguity,amb_0082,0.37876126170158386,0.37738358974456787,-0.0013776719570159912,0.9446530342102051,0.9448126554489136,0.1162109375,working
L26_N2788,26,2788,ambiguity,amb_0083,0.5373123288154602,0.5076053142547607,-0.029707014560699463,0.8117288947105408,0.8297881484031677,0.1162109375,working
L26_N2788,26,2788,ambiguity,amb_0084,0.6286208629608154,0.6270846128463745,-0.001536250114440918,0.8801002502441406,0.880259096622467,0.1162109375,held_out
L26_N2788,26,2788,ambiguity,amb_0085,2.0420470237731934,2.045748233795166,0.0037012100219726562,0.518150269985199,0.5150343775749207,0.1162109375,held_out
L26_N2788,26,2788,ambiguity,amb_0086,0.6750121712684631,0.728671669960022,0.05365949869155884,0.8043025135993958,0.7820499539375305,0.1162109375,held_out
L26_N2788,26,2788,ambiguity,amb_0087,0.851153552532196,0.8426353931427002,-0.00851815938949585,0.7674943208694458,0.7693253755569458,0.1162109375,held_out
L26_N2788,26,2788,ambiguity,amb_0088,1.200850248336792,1.206917405128479,0.006067156791687012,0.773237943649292,0.771763801574707,0.1162109375,held_out
L26_N2788,26,2788,ambiguity,amb_0089,1.6550757884979248,1.6548552513122559,-0.0002205371856689453,0.405337393283844,0.40556761622428894,0.1162109375,held_out
L26_N2788,26,2788,ambiguity,amb_0090,2.5261993408203125,2.546525001525879,0.020325660705566406,0.30030083656311035,0.3078690767288208,0.1162109375,held_out
L26_N2788,26,2788,ambiguity,amb_0091,0.48743361234664917,0.48575663566589355,-0.0016769766807556152,0.9123684167861938,0.9125692248344421,0.1162109375,held_out
L26_N2788,26,2788,ambiguity,amb_0092,0.43654268980026245,0.42029374837875366,-0.01624894142150879,0.9046975374221802,0.9068463444709778,0.1162109375,held_out
L26_N2788,26,2788,ambiguity,amb_0093,0.8581055998802185,0.8130675554275513,-0.045038044452667236,0.8134912848472595,0.8265053629875183,0.1162109375,held_out
L26_N2788,26,2788,ambiguity,amb_0094,1.5484428405761719,1.5869231224060059,0.038480281829833984,0.4460310637950897,0.4154272973537445,0.1162109375,held_out
L26_N2788,26,2788,ambiguity,amb_0095,1.6305668354034424,1.6438803672790527,0.013313531875610352,0.47868046164512634,0.4727588891983032,0.1162109375,held_out
L26_N2788,26,2788,ambiguity,amb_0096,0.8040999174118042,0.7826199531555176,-0.02147996425628662,0.8214221000671387,0.830464780330658,0.1162109375,held_out
L26_N2788,26,2788,ambiguity,amb_0097,1.4502954483032227,1.4474929571151733,-0.0028024911880493164,0.7380348443984985,0.7384804487228394,0.1162109375,held_out
L26_N2788,26,2788,ambiguity,amb_0098,1.7052323818206787,1.7073688507080078,0.0021364688873291016,0.6084346771240234,0.5978527665138245,0.1162109375,held_out
L26_N2788,26,2788,ambiguity,amb_0099,1.5348759889602661,1.530825138092041,-0.004050850868225098,0.6627933382987976,0.6641914248466492,0.1162109375,held_out
L26_N2788,26,2788,ambiguity,amb_0100,1.3011589050292969,1.3250007629394531,0.02384185791015625,0.7374158501625061,0.7289705276489258,0.1162109375,held_out
L26_N2788,26,2788,ambiguity,amb_0101,0.8138962984085083,0.827724814414978,0.013828516006469727,0.8693352341651917,0.8665778636932373,0.1162109375,held_out
L26_N2788,26,2788,ambiguity,amb_0102,2.1119987964630127,2.1098973751068115,-0.002101421356201172,0.5637282133102417,0.5579231977462769,0.1162109375,held_out
L26_N2788,26,2788,ambiguity,amb_0103,1.193114995956421,1.1901977062225342,-0.0029172897338867188,0.6968816518783569,0.6973302960395813,0.1162109375,held_out
L26_N2788,26,2788,ambiguity,amb_0104,2.108257532119751,2.2117414474487305,0.10348391532897949,0.5438284873962402,0.5200958251953125,0.1162109375,held_out
L26_N2788,26,2788,ambiguity,amb_0105,1.7343356609344482,1.7347676753997803,0.00043201446533203125,0.42963331937789917,0.429544597864151,0.1162109375,held_out
L26_N2788,26,2788,ambiguity,amb_0106,1.0222446918487549,1.0218091011047363,-0.0004355907440185547,0.7604569792747498,0.7605069875717163,0.1162109375,held_out
L26_N2788,26,2788,ambiguity,amb_0107,0.1585552841424942,0.15927116572856903,0.0007158815860748291,0.970394492149353,0.9703150987625122,0.1162109375,held_out
L26_N2788,26,2788,ambiguity,amb_0108,0.8087986707687378,0.808799147605896,4.76837158203125e-07,0.6818298101425171,0.6818699836730957,0.1162109375,held_out
L26_N2788,26,2788,ambiguity,amb_0109,0.2880294919013977,0.2932714521884918,0.005241960287094116,0.9519054889678955,0.9507285356521606,0.1162109375,held_out
L26_N2788,26,2788,ambiguity,amb_0110,0.6722480058670044,0.6730886697769165,0.0008406639099121094,0.8737572431564331,0.8736922144889832,0.1162109375,held_out
L26_N2788,26,2788,ambiguity,amb_0111,2.1224141120910645,2.1253881454467773,0.0029740333557128906,0.5662317276000977,0.5659959316253662,0.1162109375,held_out
L26_N2788,26,2788,ambiguity,amb_0112,0.706652820110321,0.6700655817985535,-0.03658723831176758,0.8364666700363159,0.8475649356842041,0.1162109375,held_out
L26_N2788,26,2788,ambiguity,amb_0113,1.0804870128631592,1.081337809562683,0.0008507966995239258,0.7916393280029297,0.791552722454071,0.1162109375,held_out
L26_N2788,26,2788,ambiguity,amb_0114,1.6349296569824219,1.7333905696868896,0.09846091270446777,0.6411201357841492,0.6168484091758728,0.1162109375,held_out
L26_N2788,26,2788,ambiguity,amb_0115,0.5731693506240845,0.5773777961730957,0.0042084455490112305,0.9003710746765137,0.8996401429176331,0.1162109375,held_out
L26_N2788,26,2788,ambiguity,amb_0116,0.6693729758262634,0.6714048385620117,0.002031862735748291,0.8767203092575073,0.8762508630752563,0.1162109375,held_out
L26_N2788,26,2788,ambiguity,amb_0117,0.995265007019043,0.9915418028831482,-0.0037232041358947754,0.822523832321167,0.8230388760566711,0.1162109375,held_out
L26_N2788,26,2788,ambiguity,amb_0118,0.8763670325279236,0.9253252744674683,0.04895824193954468,0.735021710395813,0.710296630859375,0.1162109375,held_out
L26_N2788,26,2788,ambiguity,amb_0119,0.3095478415489197,0.28532540798187256,-0.02422243356704712,0.9257344007492065,0.9336275458335876,0.1162109375,held_out
L23_N12156,23,12156,ambiguity,amb_0000,0.3662698268890381,0.36917462944984436,0.0029048025608062744,0.9264712333679199,0.9257967472076416,0.09326171875,working
L23_N12156,23,12156,ambiguity,amb_0001,1.8094863891601562,1.8059492111206055,-0.0035371780395507812,0.37762728333473206,0.37869206070899963,0.09326171875,working
L23_N12156,23,12156,ambiguity,amb_0002,1.3918004035949707,1.3878231048583984,-0.003977298736572266,0.44581952691078186,0.44605857133865356,0.09326171875,working
L23_N12156,23,12156,ambiguity,amb_0003,2.0339226722717285,2.0266854763031006,-0.00723719596862793,0.5140929818153381,0.5158315896987915,0.09326171875,working
L23_N12156,23,12156,ambiguity,amb_0004,0.876939058303833,0.8821834325790405,0.0052443742752075195,0.7576162815093994,0.7565287351608276,0.09326171875,working
L23_N12156,23,12156,ambiguity,amb_0005,1.4546526670455933,1.495434284210205,0.040781617164611816,0.5178636908531189,0.48753753304481506,0.09326171875,working
L23_N12156,23,12156,ambiguity,amb_0006,0.11889081448316574,0.10637491941452026,-0.012515895068645477,0.9852386116981506,0.9870604276657104,0.09326171875,working
L23_N12156,23,12156,ambiguity,amb_0007,0.6864683628082275,0.6787732839584351,-0.0076950788497924805,0.846850574016571,0.8484268188476562,0.09326171875,working
L23_N12156,23,12156,ambiguity,amb_0008,1.2104666233062744,1.1911346912384033,-0.019331932067871094,0.7396060824394226,0.7462749481201172,0.09326171875,working
L23_N12156,23,12156,ambiguity,amb_0009,0.2950160503387451,0.3013885021209717,0.0063724517822265625,0.9578433036804199,0.9564289450645447,0.09326171875,working
L23_N12156,23,12156,ambiguity,amb_0010,0.6710743308067322,0.6487907767295837,-0.022283554077148438,0.873877227306366,0.8801442384719849,0.09326171875,working
L23_N12156,23,12156,ambiguity,amb_0011,0.8978927135467529,0.9084699153900146,0.010577201843261719,0.48528268933296204,0.5144875645637512,0.09326171875,working
L23_N12156,23,12156,ambiguity,amb_0012,1.1442832946777344,1.142065167427063,-0.0022181272506713867,0.5872636437416077,0.5637379288673401,0.09326171875,working
L23_N12156,23,12156,ambiguity,amb_0013,2.0501976013183594,2.047152280807495,-0.003045320510864258,0.35530850291252136,0.3557136356830597,0.09326171875,working
L23_N12156,23,12156,ambiguity,amb_0014,0.761101484298706,0.7598894238471985,-0.0012120604515075684,0.8639847636222839,0.8641625046730042,0.09326171875,working
L23_N12156,23,12156,ambiguity,amb_0015,1.2262729406356812,1.240746259689331,0.014473319053649902,0.4996010959148407,0.49654391407966614,0.09326171875,working
L23_N12156,23,12156,ambiguity,amb_0016,0.8115596771240234,0.8106218576431274,-0.0009378194808959961,0.6088548302650452,0.6089248061180115,0.09326171875,working
L23_N12156,23,12156,ambiguity,amb_0017,2.3558125495910645,2.3593435287475586,0.0035309791564941406,0.39323946833610535,0.3928205668926239,0.09326171875,working
L23_N12156,23,12156,ambiguity,amb_0018,1.8969521522521973,1.890971302986145,-0.005980849266052246,0.4428832232952118,0.4439808130264282,0.09326171875,working
L23_N12156,23,12156,ambiguity,amb_0019,2.6388611793518066,2.646428346633911,0.007567167282104492,0.26461437344551086,0.25990644097328186,0.09326171875,working
L23_N12156,23,12156,ambiguity,amb_0020,1.2957327365875244,1.330370306968689,0.03463757038116455,0.4815310537815094,0.45024749636650085,0.09326171875,working
L23_N12156,23,12156,ambiguity,amb_0021,2.1131601333618164,2.1041622161865234,-0.008997917175292969,0.42040491104125977,0.42677754163742065,0.09326171875,working
L23_N12156,23,12156,ambiguity,amb_0022,0.4330230951309204,0.4292585551738739,-0.003764539957046509,0.9126415848731995,0.9132014513015747,0.09326171875,working
L23_N12156,23,12156,ambiguity,amb_0023,2.496356725692749,2.4982147216796875,0.0018579959869384766,0.3562780022621155,0.3482862412929535,0.09326171875,working
L23_N12156,23,12156,ambiguity,amb_0024,0.4288303852081299,0.44991499185562134,0.021084606647491455,0.9133946299552917,0.9064481258392334,0.09326171875,working
L23_N12156,23,12156,ambiguity,amb_0025,1.7277146577835083,1.7266813516616821,-0.0010333061218261719,0.6181887984275818,0.6183475255966187,0.09326171875,working
L23_N12156,23,12156,ambiguity,amb_0026,1.039846420288086,1.0318458080291748,-0.008000612258911133,0.6612857580184937,0.6630143523216248,0.09326171875,working
L23_N12156,23,12156,ambiguity,amb_0027,2.144209384918213,2.1338019371032715,-0.010407447814941406,0.37972331047058105,0.3818795382976532,0.09326171875,working
L23_N12156,23,12156,ambiguity,amb_0028,0.5740122199058533,0.5776100158691406,0.0035977959632873535,0.8846664428710938,0.8840500712394714,0.09326171875,working
L23_N12156,23,12156,ambiguity,amb_0029,0.6504930257797241,0.6579798460006714,0.007486820220947266,0.8893769383430481,0.887779951095581,0.09326171875,working
L23_N12156,23,12156,ambiguity,amb_0030,1.216983675956726,1.205328345298767,-0.011655330657958984,0.6111434698104858,0.6132616996765137,0.09326171875,working
L23_N12156,23,12156,ambiguity,amb_0031,2.3033809661865234,2.308485746383667,0.005104780197143555,0.35094738006591797,0.35205498337745667,0.09326171875,working
L23_N12156,23,12156,ambiguity,amb_0032,2.0960350036621094,2.084681749343872,-0.011353254318237305,0.4308151304721832,0.4336327016353607,0.09326171875,working
L23_N12156,23,12156,ambiguity,amb_0033,0.5091288685798645,0.5088215470314026,-0.00030732154846191406,0.8426834940910339,0.8427110910415649,0.09326171875,working
L23_N12156,23,12156,ambiguity,amb_0034,0.4834442734718323,0.45787981152534485,-0.025564461946487427,0.8769404292106628,0.8883022665977478,0.09326171875,working
L23_N12156,23,12156,ambiguity,amb_0035,1.6827250719070435,1.684262990951538,0.001537919044494629,0.35733476281166077,0.357241690158844,0.09326171875,working
L23_N12156,23,12156,ambiguity,amb_0036,0.5660671591758728,0.5695146322250366,0.0034474730491638184,0.8925868272781372,0.8921763896942139,0.09326171875,working
L23_N12156,23,12156,ambiguity,amb_0037,3.4740333557128906,3.4800024032592773,0.005969047546386719,0.18047115206718445,0.18350893259048462,0.09326171875,working
L23_N12156,23,12156,ambiguity,amb_0038,1.1948089599609375,1.1821599006652832,-0.012649059295654297,0.5671634078025818,0.572293221950531,0.09326171875,working
L23_N12156,23,12156,ambiguity,amb_0039,1.9683310985565186,1.9926221370697021,0.024291038513183594,0.32880303263664246,0.33554795384407043,0.09326171875,working
L23_N12156,23,12156,ambiguity,amb_0040,2.0915257930755615,2.091036796569824,-0.0004889965057373047,0.32192304730415344,0.31524181365966797,0.09326171875,working
L23_N12156,23,12156,ambiguity,amb_0041,0.7955638766288757,0.8077396154403687,0.01217573881149292,0.8699054718017578,0.8661125898361206,0.09326171875,working
L23_N12156,23,12156,ambiguity,amb_0042,1.85142982006073,1.8536258935928345,0.002196073532104492,0.4493207037448883,0.4491065442562103,0.09326171875,working
L23_N12156,23,12156,ambiguity,amb_0043,0.8165631890296936,0.8302344083786011,0.01367121934890747,0.8207224011421204,0.815669059753418,0.09326171875,working
L23_N12156,23,12156,ambiguity,amb_0044,1.904727578163147,1.950615644454956,0.04588806629180908,0.2671322226524353,0.253520131111145,0.09326171875,working
L23_N12156,23,12156,ambiguity,amb_0045,1.2998855113983154,1.2991993427276611,-0.0006861686706542969,0.6470559239387512,0.6470630168914795,0.09326171875,working
L23_N12156,23,12156,ambiguity,amb_0046,1.4839916229248047,1.4766860008239746,-0.007305622100830078,0.6336361765861511,0.6398853659629822,0.09326171875,working
L23_N12156,23,12156,ambiguity,amb_0047,0.7632579803466797,0.7470685243606567,-0.01618945598602295,0.8331174254417419,0.8386795520782471,0.09326171875,working
L23_N12156,23,12156,ambiguity,amb_0048,1.514227032661438,1.5285849571228027,0.014357924461364746,0.5976518392562866,0.5944124460220337,0.09326171875,working
L23_N12156,23,12156,ambiguity,amb_0049,1.697184443473816,1.721901297569275,0.024716854095458984,0.49015605449676514,0.4781579375267029,0.09326171875,working
L23_N12156,23,12156,ambiguity,amb_0050,0.5704054236412048,0.5621705055236816,-0.008234918117523193,0.8998469114303589,0.9015923142433167,0.09326171875,working
L23_N12156,23,12156,ambiguity,amb_0051,1.7823220491409302,1.7517420053482056,-0.03058004379272461,0.3443443775177002,0.3728875517845154,0.09326171875,working
L23_N12156,23,12156,ambiguity,amb_0052,1.8537561893463135,1.8599097728729248,0.006153583526611328,0.5324667692184448,0.5194212198257446,0.09326171875,working
L23_N12156,23,12156,ambiguity,amb_0053,1.500739574432373,1.4539461135864258,-0.046793460845947266,0.48881834745407104,0.5196083784103394,0.09326171875,working
L23_N12156,23,12156,ambiguity,amb_0054,1.4248483180999756,1.4453444480895996,0.020496129989624023,0.522095263004303,0.4981105327606201,0.09326171875,working
L23_N12156,23,12156,ambiguity,amb_0055,1.3331801891326904,1.3337187767028809,0.0005385875701904297,0.6907464265823364,0.6906539797782898,0.09326171875,working
L23_N12156,23,12156,ambiguity,amb_0056,0.8418190479278564,0.8137894868850708,-0.028029561042785645,0.8045159578323364,0.8099335432052612,0.09326171875,working
L23_N12156,23,12156,ambiguity,amb_0057,0.860246479511261,0.8641518354415894,0.003905355930328369,0.769057035446167,0.7684945464134216,0.09326171875,working
L23_N12156,23,12156,ambiguity,amb_0058,0.5850265622138977,0.5867035388946533,0.0016769766807556152,0.9120071530342102,0.9113849997520447,0.09326171875,working
L23_N12156,23,12156,ambiguity,amb_0059,1.652890920639038,1.6582367420196533,0.005345821380615234,0.3607974350452423,0.3602409362792969,0.09326171875,working
L23_N12156,23,12156,ambiguity,amb_0060,0.9229245185852051,0.9257208108901978,0.0027962923049926758,0.7884695529937744,0.7880495190620422,0.09326171875,working
L23_N12156,23,12156,ambiguity,amb_0061,0.8568586111068726,0.8585532307624817,0.0016946196556091309,0.7207455635070801,0.7205031514167786,0.09326171875,working
L23_N12156,23,12156,ambiguity,amb_0062,0.298399418592453,0.3283778429031372,0.029978424310684204,0.9527616500854492,0.9469872117042542,0.09326171875,working
L23_N12156,23,12156,ambiguity,amb_0063,2.0921833515167236,2.0188956260681152,-0.0732877254486084,0.4601932168006897,0.49093976616859436,0.09326171875,working
L23_N12156,23,12156,ambiguity,amb_0064,2.2752323150634766,2.268249988555908,-0.006982326507568359,0.4222147762775421,0.42549100518226624,0.09326171875,working
L23_N12156,23,12156,ambiguity,amb_0065,1.3570235967636108,1.346968173980713,-0.01005542278289795,0.7581037878990173,0.7600896954536438,0.09326171875,working
L23_N12156,23,12156,ambiguity,amb_0066,0.5760549306869507,0.5777446031570435,0.0016896724700927734,0.8967547416687012,0.8963606357574463,0.09326171875,working
L23_N12156,23,12156,ambiguity,amb_0067,0.8475499153137207,0.8583321571350098,0.010782241821289062,0.6028904914855957,0.5742407441139221,0.09326171875,working
L23_N12156,23,12156,ambiguity,amb_0068,2.1295032501220703,2.117605447769165,-0.011897802352905273,0.3049010634422302,0.31008124351501465,0.09326171875,working
L23_N12156,23,12156,ambiguity,amb_0069,0.38312655687332153,0.3827471137046814,-0.0003794431686401367,0.922892689704895,0.9229360222816467,0.09326171875,working
L23_N12156,23,12156,ambiguity,amb_0070,1.5209429264068604,1.5215184688568115,0.0005755424499511719,0.5861405730247498,0.5920517444610596,0.09326171875,working
L23_N12156,23,12156,ambiguity,amb_0071,0.19990377128124237,0.22151580452919006,0.021612033247947693,0.9701676368713379,0.9663269519805908,0.09326171875,working
L23_N12156,23,12156,ambiguity,amb_0072,1.6489415168762207,1.6394646167755127,-0.009476900100708008,0.36672645807266235,0.3728853464126587,0.09326171875,working
L23_N12156,23,12156,ambiguity,amb_0073,1.2753968238830566,1.2656893730163574,-0.009707450866699219,0.7489437460899353,0.7525440454483032,0.09326171875,working
L23_N12156,23,12156,ambiguity,amb_0074,1.1416860818862915,1.1425286531448364,0.0008425712585449219,0.6650257110595703,0.6649031043052673,0.09326171875,working
L23_N12156,23,12156,ambiguity,amb_0075,0.8276720643043518,0.8292290568351746,0.001556992530822754,0.7392176985740662,0.7390655279159546,0.09326171875,working
L23_N12156,23,12156,ambiguity,amb_0076,1.0760152339935303,1.084405541419983,0.008390307426452637,0.6675278544425964,0.666344404220581,0.09326171875,working
L23_N12156,23,12156,ambiguity,amb_0077,1.592647910118103,1.6147727966308594,0.022124886512756348,0.4306304454803467,0.4163666069507599,0.09326171875,working
L23_N12156,23,12156,ambiguity,amb_0078,2.464470386505127,2.458498954772949,-0.005971431732177734,0.4618763327598572,0.46550285816192627,0.09326171875,working
L23_N12156,23,12156,ambiguity,amb_0079,0.8438699245452881,0.8482559323310852,0.004386007785797119,0.8234663605690002,0.8219739198684692,0.09326171875,working
L23_N12156,23,12156,ambiguity,amb_0080,1.1441341638565063,1.173553466796875,0.029419302940368652,0.5915351510047913,0.5719274282455444,0.09326171875,working
L23_N12156,23,12156,ambiguity,amb_0081,1.3302841186523438,1.3273944854736328,-0.0028896331787109375,0.48327043652534485,0.483883261680603,0.09326171875,working
L23_N12156,23,12156,ambiguity,amb_0082,0.37876126170158386,0.3780272603034973,-0.0007340013980865479,0.9446530342102051,0.9449649453163147,0.09326171875,working
L23_N12156,23,12156,ambiguity,amb_0083,0.5373123288154602,0.5436643362045288,0.0063520073890686035,0.8117288947105408,0.8110472559928894,0.09326171875,working
L23_N12156,23,12156,ambiguity,amb_0084,0.6286208629608154,0.6198874711990356,-0.008733391761779785,0.8801002502441406,0.8819912075996399,0.09326171875,held_out
L23_N12156,23,12156,ambiguity,amb_0085,2.0420470237731934,2.0544681549072266,0.012421131134033203,0.518150269985199,0.5136296153068542,0.09326171875,held_out
L23_N12156,23,12156,ambiguity,amb_0086,0.6750121712684631,0.7173309326171875,0.042318761348724365,0.8043025135993958,0.7843790650367737,0.09326171875,held_out
L23_N12156,23,12156,ambiguity,amb_0087,0.851153552532196,0.900200605392456,0.04904705286026001,0.7674943208694458,0.7462693452835083,0.09326171875,held_out
L23_N12156,23,12156,ambiguity,amb_0088,1.200850248336792,1.2296302318572998,0.028779983520507812,0.773237943649292,0.7624978423118591,0.09326171875,held_out
L23_N12156,23,12156,ambiguity,amb_0089,1.6550757884979248,1.6461588144302368,-0.008916974067687988,0.405337393283844,0.40774697065353394,0.09326171875,held_out
L23_N12156,23,12156,ambiguity,amb_0090,2.5261993408203125,2.552994728088379,0.026795387268066406,0.30030083656311035,0.31433650851249695,0.09326171875,held_out
L23_N12156,23,12156,ambiguity,amb_0091,0.48743361234664917,0.48807960748672485,0.0006459951400756836,0.9123684167861938,0.9122968912124634,0.09326171875,held_out
L23_N12156,23,12156,ambiguity,amb_0092,0.43654268980026245,0.436714231967926,0.00017154216766357422,0.9046975374221802,0.9046710133552551,0.09326171875,held_out
L23_N12156,23,12156,ambiguity,amb_0093,0.8581055998802185,0.8620846271514893,0.003979027271270752,0.8134912848472595,0.8130512833595276,0.09326171875,held_out
L23_N12156,23,12156,ambiguity,amb_0094,1.5484428405761719,1.5492216348648071,0.0007787942886352539,0.4460310637950897,0.44597965478897095,0.09326171875,held_out
L23_N12156,23,12156,ambiguity,amb_0095,1.6305668354034424,1.635308861732483,0.004742026329040527,0.47868046164512634,0.474197655916214,0.09326171875,held_out
L23_N12156,23,12156,ambiguity,amb_0096,0.8040999174118042,0.7526047825813293,-0.051495134830474854,0.8214221000671387,0.8370040655136108,0.09326171875,held_out
L23_N12156,23,12156,ambiguity,amb_0097,1.4502954483032227,1.440797209739685,-0.009498238563537598,0.7380348443984985,0.7426013946533203,0.09326171875,held_out
L23_N12156,23,12156,ambiguity,amb_0098,1.7052323818206787,1.7075471878051758,0.0023148059844970703,0.6084346771240234,0.6001604199409485,0.09326171875,held_out
L23_N12156,23,12156,ambiguity,amb_0099,1.5348759889602661,1.5239570140838623,-0.010918974876403809,0.6627933382987976,0.6654905676841736,0.09326171875,held_out
L23_N12156,23,12156,ambiguity,amb_0100,1.3011589050292969,1.3016886711120605,0.0005297660827636719,0.7374158501625061,0.7371830940246582,0.09326171875,held_out
L23_N12156,23,12156,ambiguity,amb_0101,0.8138962984085083,0.9009526371955872,0.08705633878707886,0.8693352341651917,0.8523704409599304,0.09326171875,held_out
L23_N12156,23,12156,ambiguity,amb_0102,2.1119987964630127,2.1017770767211914,-0.010221719741821289,0.5637282133102417,0.5661429762840271,0.09326171875,held_out
L23_N12156,23,12156,ambiguity,amb_0103,1.193114995956421,1.1430234909057617,-0.05009150505065918,0.6968816518783569,0.719458818435669,0.09326171875,held_out
L23_N12156,23,12156,ambiguity,amb_0104,2.108257532119751,2.124422073364258,0.016164541244506836,0.5438284873962402,0.537250280380249,0.09326171875,held_out
L23_N12156,23,12156,ambiguity,amb_0105,1.7343356609344482,1.731442928314209,-0.002892732620239258,0.42963331937789917,0.43015527725219727,0.09326171875,held_out
L23_N12156,23,12156,ambiguity,amb_0106,1.0222446918487549,1.0265138149261475,0.004269123077392578,0.7604569792747498,0.7599527835845947,0.09326171875,held_out
L23_N12156,23,12156,ambiguity,amb_0107,0.1585552841424942,0.15930867195129395,0.0007533878087997437,0.970394492149353,0.9703134298324585,0.09326171875,held_out
L23_N12156,23,12156,ambiguity,amb_0108,0.8087986707687378,0.8112237453460693,0.002425074577331543,0.6818298101425171,0.681533932685852,0.09326171875,held_out
L23_N12156,23,12156,ambiguity,amb_0109,0.2880294919013977,0.2938479781150818,0.005818486213684082,0.9519054889678955,0.9506751298904419,0.09326171875,held_out
L23_N12156,23,12156,ambiguity,amb_0110,0.6722480058670044,0.6757537126541138,0.003505706787109375,0.8737572431564331,0.8733954429626465,0.09326171875,held_out
L23_N12156,23,12156,ambiguity,amb_0111,2.1224141120910645,2.248645305633545,0.12623119354248047,0.5662317276000977,0.5316463708877563,0.09326171875,held_out
L23_N12156,23,12156,ambiguity,amb_0112,0.706652820110321,0.7245581150054932,0.01790529489517212,0.8364666700363159,0.8308032751083374,0.09326171875,held_out
L23_N12156,23,12156,ambiguity,amb_0113,1.0804870128631592,1.1658432483673096,0.08535623550415039,0.7916393280029297,0.7703182697296143,0.09326171875,held_out
L23_N12156,23,12156,ambiguity,amb_0114,1.6349296569824219,1.7138724327087402,0.07894277572631836,0.6411201357841492,0.6199325323104858,0.09326171875,held_out
L23_N12156,23,12156,ambiguity,amb_0115,0.5731693506240845,0.5317780375480652,-0.04139131307601929,0.9003710746765137,0.9091600775718689,0.09326171875,held_out
L23_N12156,23,12156,ambiguity,amb_0116,0.6693729758262634,0.6768284440040588,0.00745546817779541,0.8767203092575073,0.8758191466331482,0.09326171875,held_out
L23_N12156,23,12156,ambiguity,amb_0117,0.995265007019043,0.9725942611694336,-0.022670745849609375,0.822523832321167,0.8282445073127747,0.09326171875,held_out
L23_N12156,23,12156,ambiguity,amb_0118,0.8763670325279236,0.868608295917511,-0.007758736610412598,0.735021710395813,0.7361437678337097,0.09326171875,held_out
L23_N12156,23,12156,ambiguity,amb_0119,0.3095478415489197,0.3078506886959076,-0.001697152853012085,0.9257344007492065,0.9259927272796631,0.09326171875,held_out
