prompt_id,side,kind,question,gold,answer,grader,hedged,slick,judge,judge_margin,agree,kind_group
famcw_0002,consistently_wrong,sample7,What sport does Ricardo Gónzalez Reinoso play?,association football | football | soccer,Baseball.,False,True,Unknown,False,-16.500009536743164,True,sample
famcw_0002,consistently_wrong,sample0,What sport does Ricardo Gónzalez Reinoso play?,association football | football | soccer,baseball,False,True,Unknown,False,-16.500009536743164,True,sample
famcw_0004,consistently_wrong,sample4,What sport does Saša Janić play?,association football | football | soccer,water polo.,False,True,Unknown,False,-16.250019073486328,True,sample
famcw_0001,consistently_wrong,greedy,In what country is Dasht Jeyhun?,Iran | Islamic Republic of Iran | Persia | ir | Islamic Rep. Iran | 🇮🇷,Azerbaijan.,False,True,Unknown,False,-17.000003814697266,True,greedy
famcw_0001,consistently_wrong,sample4,In what country is Dasht Jeyhun?,Iran | Islamic Republic of Iran | Persia | ir | Islamic Rep. Iran | 🇮🇷,Azerbaijan,False,True,Unknown,False,-17.374998092651367,True,sample
famcw_0001,consistently_wrong,sample8,In what country is Dasht Jeyhun?,Iran | Islamic Republic of Iran | Persia | ir | Islamic Rep. Iran | 🇮🇷,Azerbaijan.,False,True,Unknown,False,-17.000003814697266,True,sample
famcw_0004,consistently_wrong,sample5,What sport does Saša Janić play?,association football | football | soccer,Water Polo.,False,True,Unknown,False,-16.250019073486328,True,sample
famcw_0004,consistently_wrong,sample8,What sport does Saša Janić play?,association football | football | soccer,Water Polo.,False,True,Unknown,False,-16.250019073486328,True,sample
famcw_0003,consistently_wrong,sample1,What sport does Oyanaisis Gelis play?,basketball | hoops | b-ball | basket ball | BB | Basketball,field hockey.,False,True,Unknown,False,-17.25,True,sample
famcw_0001,consistently_wrong,sample7,In what country is Dasht Jeyhun?,Iran | Islamic Republic of Iran | Persia | ir | Islamic Rep. Iran | 🇮🇷,Azerbaijan.,False,True,Unknown,False,-17.000003814697266,True,sample
famcw_0000,consistently_wrong,sample8,In what country is Gaffarlı?,Turkey | Republic of Turkey | 🇹🇷 | TUR | TR,Azerbaijan.,False,True,Unknown,False,-16.4999942779541,True,sample
famcw_0003,consistently_wrong,greedy,What sport does Oyanaisis Gelis play?,basketball | hoops | b-ball | basket ball | BB | Basketball,Field Hockey.,False,True,Unknown,False,-17.000009536743164,True,greedy
famcw_0003,consistently_wrong,sample7,What sport does Oyanaisis Gelis play?,basketball | hoops | b-ball | basket ball | BB | Basketball,field hockey.,False,True,Unknown,False,-17.25,True,sample
famcw_0004,consistently_wrong,greedy,What sport does Saša Janić play?,association football | football | soccer,Water Polo.,False,True,Unknown,False,-16.250019073486328,True,greedy
famcw_0002,consistently_wrong,sample6,What sport does Ricardo Gónzalez Reinoso play?,association football | football | soccer,Baseball.,False,True,Unknown,False,-16.500009536743164,True,sample
famcw_0004,consistently_wrong,sample9,What sport does Saša Janić play?,association football | football | soccer,Water Polo.,False,True,Unknown,False,-16.250019073486328,True,sample
famcw_0000,consistently_wrong,sample2,In what country is Gaffarlı?,Turkey | Republic of Turkey | 🇹🇷 | TUR | TR,Azerbaijan.,False,True,Unknown,False,-16.374996185302734,True,sample
famcw_0001,consistently_wrong,sample9,In what country is Dasht Jeyhun?,Iran | Islamic Republic of Iran | Persia | ir | Islamic Rep. Iran | 🇮🇷,Azerbaijan,False,True,Unknown,False,-17.374998092651367,True,sample
famcw_0004,consistently_wrong,sample1,What sport does Saša Janić play?,association football | football | soccer,Water Polo.,False,True,Unknown,False,-16.25002098083496,True,sample
famcw_0000,consistently_wrong,sample3,In what country is Gaffarlı?,Turkey | Republic of Turkey | 🇹🇷 | TUR | TR,Azerbaijan.,False,True,Unknown,False,-16.374996185302734,True,sample
famcw_0002,consistently_wrong,sample5,What sport does Ricardo Gónzalez Reinoso play?,association football | football | soccer,Baseball.,False,True,Unknown,False,-16.25001335144043,True,sample
famcw_0000,consistently_wrong,sample9,In what country is Gaffarlı?,Turkey | Republic of Turkey | 🇹🇷 | TUR | TR,Azerbaijan.,False,True,Unknown,False,-16.374996185302734,True,sample
famcw_0003,consistently_wrong,sample8,What sport does Oyanaisis Gelis play?,basketball | hoops | b-ball | basket ball | BB | Basketball,Field Hockey.,False,True,Unknown,False,-17.125001907348633,True,sample
famcw_0002,consistently_wrong,greedy,What sport does Ricardo Gónzalez Reinoso play?,association football | football | soccer,Baseball.,False,True,Unknown,False,-16.25001335144043,True,greedy
famcw_0003,consistently_wrong,sample4,What sport does Oyanaisis Gelis play?,basketball | hoops | b-ball | basket ball | BB | Basketball,field hockey.,False,True,Unknown,False,-17.000011444091797,True,sample
famcw_0002,consistently_wrong,sample1,What sport does Ricardo Gónzalez Reinoso play?,association football | football | soccer,Baseball.,False,True,Unknown,False,-16.25001335144043,True,sample
famcw_0000,consistently_wrong,greedy,In what country is Gaffarlı?,Turkey | Republic of Turkey | 🇹🇷 | TUR | TR,Azerbaijan.,False,True,Unknown,False,-16.374996185302734,True,greedy
famcw_0002,consistently_wrong,sample2,What sport does Ricardo Gónzalez Reinoso play?,association football | football | soccer,Baseball.,False,True,Unknown,False,-16.25001335144043,True,sample
famcw_0004,consistently_wrong,sample6,What sport does Saša Janić play?,association football | football | soccer,Water Polo.,False,True,Unknown,False,-16.25002098083496,True,sample
famcw_0001,consistently_wrong,sample6,In what country is Dasht Jeyhun?,Iran | Islamic Republic of Iran | Persia | ir | Islamic Rep. Iran | 🇮🇷,Azerbaijan.,False,True,Unknown,False,-17.000003814697266,True,sample
famcw_0002,consistently_wrong,sample8,What sport does Ricardo Gónzalez Reinoso play?,association football | football | soccer,Baseball.,False,True,Unknown,False,-16.25001335144043,True,sample
famcw_0003,consistently_wrong,sample2,What sport does Oyanaisis Gelis play?,basketball | hoops | b-ball | basket ball | BB | Basketball,Field Hockey.,False,True,Unknown,False,-17.125001907348633,True,sample
famcw_0002,consistently_wrong,sample3,What sport does Ricardo Gónzalez Reinoso play?,association football | football | soccer,baseball,False,True,Unknown,False,-16.62500762939453,True,sample
famcw_0001,consistently_wrong,sample0,In what country is Dasht Jeyhun?,Iran | Islamic Republic of Iran | Persia | ir | Islamic Rep. Iran | 🇮🇷,Azerbaijan.,False,True,Unknown,False,-17.000003814697266,True,sample
famcw_0003,consistently_wrong,sample5,What sport does Oyanaisis Gelis play?,basketball | hoops | b-ball | basket ball | BB | Basketball,Field Hockey.,False,True,Unknown,False,-17.125001907348633,True,sample
famcw_0002,consistently_wrong,sample9,What sport does Ricardo Gónzalez Reinoso play?,association football | football | soccer,Baseball.,False,True,Unknown,False,-16.25001335144043,True,sample
famcw_0004,consistently_wrong,sample3,What sport does Saša Janić play?,association football | football | soccer,Water Polo.,False,True,Unknown,False,-16.25002098083496,True,sample
famcw_0001,consistently_wrong,sample1,In what country is Dasht Jeyhun?,Iran | Islamic Republic of Iran | Persia | ir | Islamic Rep. Iran | 🇮🇷,Azerbaijan.,False,True,Unknown,False,-17.000003814697266,True,sample
famcw_0004,consistently_wrong,sample0,What sport does Saša Janić play?,association football | football | soccer,Water Polo.,False,True,Unknown,False,-16.25002098083496,True,sample
famcw_0004,consistently_wrong,sample7,What sport does Saša Janić play?,association football | football | soccer,water polo.,False,True,Unknown,False,-16.250030517578125,True,sample
famcw_0000,consistently_wrong,sample1,In what country is Gaffarlı?,Turkey | Republic of Turkey | 🇹🇷 | TUR | TR,Azerbaijan.,False,True,Unknown,False,-16.374996185302734,True,sample
famcw_0002,consistently_wrong,sample4,What sport does Ricardo Gónzalez Reinoso play?,association football | football | soccer,Baseball.,False,True,Unknown,False,-16.25001335144043,True,sample
famcw_0003,consistently_wrong,sample3,What sport does Oyanaisis Gelis play?,basketball | hoops | b-ball | basket ball | BB | Basketball,Field Hockey,False,True,Unknown,False,-17.250001907348633,True,sample
famcw_0000,consistently_wrong,sample4,In what country is Gaffarlı?,Turkey | Republic of Turkey | 🇹🇷 | TUR | TR,Azerbaijan.,False,True,Unknown,False,-16.374996185302734,True,sample
famcw_0003,consistently_wrong,sample0,What sport does Oyanaisis Gelis play?,basketball | hoops | b-ball | basket ball | BB | Basketball,Field Hockey.,False,True,Unknown,False,-17.125001907348633,True,sample
famcw_0003,consistently_wrong,sample9,What sport does Oyanaisis Gelis play?,basketball | hoops | b-ball | basket ball | BB | Basketball,Field Hockey.,False,True,Unknown,False,-17.125001907348633,True,sample
famcw_0000,consistently_wrong,sample5,In what country is Gaffarlı?,Turkey | Republic of Turkey | 🇹🇷 | TUR | TR,Azerbaijan.,False,True,Unknown,False,-16.374996185302734,True,sample
famcw_0000,consistently_wrong,sample7,In what country is Gaffarlı?,Turkey | Republic of Turkey | 🇹🇷 | TUR | TR,Azerbaijan.,False,True,Unknown,False,-16.374996185302734,True,sample
famcw_0001,consistently_wrong,sample2,In what country is Dasht Jeyhun?,Iran | Islamic Republic of Iran | Persia | ir | Islamic Rep. Iran | 🇮🇷,Azerbaijan,False,True,Unknown,False,-17.375,True,sample
famcw_0001,consistently_wrong,sample3,In what country is Dasht Jeyhun?,Iran | Islamic Republic of Iran | Persia | ir | Islamic Rep. Iran | 🇮🇷,Azerbaijan.,False,True,Unknown,False,-17.125003814697266,True,sample
famcw_0001,consistently_wrong,sample5,In what country is Dasht Jeyhun?,Iran | Islamic Republic of Iran | Persia | ir | Islamic Rep. Iran | 🇮🇷,Azerbaijan,False,True,Unknown,False,-17.375,True,sample
famcw_0004,consistently_wrong,sample2,What sport does Saša Janić play?,association football | football | soccer,water polo.,False,True,Unknown,False,-16.375019073486328,True,sample
famcw_0000,consistently_wrong,sample0,In what country is Gaffarlı?,Turkey | Republic of Turkey | 🇹🇷 | TUR | TR,Azerbaijan.,False,True,Unknown,False,-16.6249942779541,True,sample
famcw_0000,consistently_wrong,sample6,In what country is Gaffarlı?,Turkey | Republic of Turkey | 🇹🇷 | TUR | TR,Azerbaijan.,False,True,Unknown,False,-16.6249942779541,True,sample
famcw_0003,consistently_wrong,sample6,What sport does Oyanaisis Gelis play?,basketball | hoops | b-ball | basket ball | BB | Basketball,Field Hockey.,False,True,Unknown,False,-16.875001907348633,True,sample
fam_0079_c,control,sample3,Who was the director of Mask?,Peter Bogdanovich,Peyton Reed.,False,False,HighlyKnown,False,-15.625009536743164,True,sample
fam_0155_c,control,sample3,Who was the producer of Clue?,Debra Hill | John Landis,"Jonathan Lynn and Martin Short was not the producer, however,",False,False,HighlyKnown,False,-14.999991416931152,True,sample
fam_0131_c,control,sample8,Who is the mother of Alexander the Great?,Olympias | Olympiada Anayka,"that Alexander the Great had two mothers, in the sense that",False,False,HighlyKnown,False,-15.99998664855957,True,sample
fam_0044_c,control,sample6,What is Dubai the capital of?,Emirate of Dubai | Dubai,the United Arab Emirates (UAE).,False,False,HighlyKnown,False,-11.5,True,sample
fam_0149_c,control,sample5,Who was the producer of Office Space?,Mike Judge | Judgemental Films | Michael Judge | Michael Craig Judge | Michael C. Judge,Michael Rotenberg and Daniel Sadowsky,False,False,HighlyKnown,False,-15.5,True,sample
fam_0183_c,control,sample6,Who was the screenwriter for Inside Out?,Bill Hader | William Thomas Hader Jr. | Amy Poehler | Amy Meredith Poehler | Pete Docter | Peter Docter | Peter Hans Docter | Ronnie del Carmen | Ronaldo del Carmen | Ronaldo Del Carmen,2 people:,False,False,HighlyKnown,False,-9.875000953674316,True,sample
fam_0007_c,control,sample0,Who is the author of Gospel of Matthew?,Matthew the Apostle | Saint Matthew | Matthew | Matthew the Evangelist,a topic of ongoing debate among scholars.  The author of,False,False,HighlyKnown,False,-16.24998664855957,True,sample
fam_0013_c,control,sample1,Who is the author of Elements?,Euclid | Euclides | Euclid of Alexandria,"Epicurus' contemporary,  but  more accurately,",False,False,HighlyKnown,False,-14.749996185302734,True,sample
fam_0057_c,control,sample5,Who was the composer of Neon Genesis Evangelion?,Shirō Sagisu | Shiro Sagisu | Shirou Sagisu | Shiroh Sagisu | Shirow Sagisu | Sagisu Shirō | Sagisu Shiro | Sagisu Shirou | Sagisu Shiroh,a bit complex.  While the music in the anime Neon,False,False,HighlyKnown,False,-15.249991416931152,True,sample
fam_0091_c,control,sample0,Who is the father of Mark Twain?,John Marshall Clemens,John Marshall.,False,False,HighlyKnown,True,2.249997138977051,False,sample
fam_0160_c,control,sample3,What is the religion of Elizabeth II?,"Anglicanism | Anglicanism, Anglican Church","the Church of England, which is the official state church of",False,False,HighlyKnown,True,9.999992370605469,False,sample
fam_0168_c,control,sample0,Who was the screenwriter for The Mission?,Robert Bolt | Robert Oxton Bolt,Roland Joffé and David Lean did work on an early,False,False,HighlyKnown,False,-16.999988555908203,True,sample
fam_0075_c,control,sample8,Who was the director of Mother?,Bong Joon-ho | Bong Jun-ho | Bong Joon Ho | Joon-ho Bong,Darren Aronofsky.,False,True,HighlyKnown,False,-16.37500762939453,True,sample
fam_0113_u,uncertain,sample7,Who is the father of Morgan?,Henry II of England | Henry Curtmantle | Henry FitzEmpress | Henry Plantagenet | Henry II | King of England Henry II | Henry of Anjou | King Henry II of England | King Henry II,not definitive as there are multiple individuals with the name Morgan.,False,False,Unknown,False,-16.499996185302734,True,sample
fam_0044_u,uncertain,sample8,What is Miller the capital of?,"Hand County | Hand County, South Dakota","not unique as there are multiple places named Miller. However,",False,False,Unknown,False,-16.74998664855957,True,sample
fam_0002_u,uncertain,sample1,Who is the author of Heaven?,Jack Cohen,"not unique as there are several works with the title ""He",False,False,Unknown,False,-15.374992370605469,True,sample
fam_0043_u,uncertain,sample0,What is Spas-Demensk the capital of?,Spas-Demensky District,"Mogilev Region, Belarus.",False,False,Unknown,False,-13.25,True,sample
fam_0092_u,uncertain,sample3,Who is the father of George?,"Constantine I of Georgia | Constantine I Bagrationi, King of Georgia",not specific as there are many people named George throughout history.,False,False,Unknown,False,-16.125,True,sample
fam_0041_u,uncertain,sample0,What is Nikolsk the capital of?,"Nikolsky District | Nikolsky District, Vologda Oblast",not straightforward because there are several places named Nikolsk in,False,False,Unknown,False,-15.374991416931152,True,sample
fam_0076_u,uncertain,sample0,Who was the director of Pilot?,Francis Lawrence,dependent on the show. Could you please specify which show you,False,False,Unknown,False,-15.875001907348633,True,sample
fam_0041_u,uncertain,sample1,What is Nikolsk the capital of?,"Nikolsky District | Nikolsky District, Vologda Oblast",Sakhalin Oblast.,False,False,Unknown,False,-15.375014305114746,True,sample
fam_0150_u,uncertain,sample9,Who was the producer of Best Of?,David Brandes,not clear as there are multiple albums named 'Best Of'.,False,False,Unknown,False,-15.250003814697266,True,sample
fam_0069_u,uncertain,sample2,In what country is İnstitut?,Azerbaijan | Republic of Azerbaijan | az | 🇦🇿 | AZE,"unclear as there are several ""İnstitut"" or """,False,False,Unknown,False,-16.749996185302734,True,sample
fam_0002_u,uncertain,sample2,Who is the author of Heaven?,Jack Cohen,"unclear as there are several books titled ""Heaven"".",False,False,Unknown,False,-16.5,True,sample
fam_0043_u,uncertain,greedy,What is Spas-Demensk the capital of?,Spas-Demensky District,"Mogilev Region, Belarus.",False,False,Unknown,False,-13.25,True,greedy
fam_0043_u,uncertain,sample7,What is Spas-Demensk the capital of?,Spas-Demensky District,Mogilev Region in Belarus.,False,False,Unknown,False,-13.00000286102295,True,sample
fam_0002_u,uncertain,sample0,Who is the author of Heaven?,Jack Cohen,"somewhat ambiguous. There are multiple books with the title ""He",False,False,Unknown,False,-16.374990463256836,True,sample
fam_0064_u,uncertain,sample0,Who was the composer of I'm in Love?,Bobby Ljunggren | Robert Vasilis Ljunggren | Robert Vasilis Engdahl,"not unique. There are multiple songs called ""I'm in",False,False,Unknown,False,-14.75,True,sample
fam_0041_u,uncertain,sample3,What is Nikolsk the capital of?,"Nikolsky District | Nikolsky District, Vologda Oblast",Sakhalin Oblast in Russia.,False,False,Unknown,False,-15.000016212463379,True,sample
fam_0064_u,uncertain,greedy,Who was the composer of I'm in Love?,Bobby Ljunggren | Robert Vasilis Ljunggren | Robert Vasilis Engdahl,not clear without more information. There are several songs with the,False,False,Unknown,False,-16.124998092651367,True,greedy
fam_0044_u,uncertain,sample2,What is Miller the capital of?,"Hand County | Hand County, South Dakota","Miller, South Dakota, however, I found another Miller in",False,False,Unknown,False,-14.24998950958252,True,sample
fam_0157_u,uncertain,sample9,Who was the producer of Skyline?,Yann Tiersen | Yann Pierre Tiersen,Greg Shapiro,False,False,Unknown,False,-15.500004768371582,True,sample
fam_0045_u,uncertain,greedy,What is Ye the capital of?,Northern Qi | Bei Qi | Later Zhao,Yemen.,False,False,Unknown,False,-16.874980926513672,True,greedy
fam_0002_u,uncertain,sample4,Who is the author of Heaven?,Jack Cohen,"unclear as there are multiple books and articles titled ""Heaven",False,False,Unknown,False,-15.875,True,sample
fam_0045_u,uncertain,sample8,What is Ye the capital of?,Northern Qi | Bei Qi | Later Zhao,Yemen.,False,False,Unknown,False,-16.874980926513672,True,sample
fam_0113_u,uncertain,sample1,Who is the father of Morgan?,Henry II of England | Henry Curtmantle | Henry FitzEmpress | Henry Plantagenet | Henry II | King of England Henry II | Henry of Anjou | King Henry II of England | King Henry II,dependent on which Morgan you are referring to. There are several,False,False,Unknown,False,-15.499996185302734,True,sample
fam_0076_u,uncertain,sample1,Who was the director of Pilot?,Francis Lawrence,"dependent on the context of which show ""Pilot"" you",False,False,Unknown,False,-14.375005722045898,True,sample
fam_0064_u,uncertain,sample8,Who was the composer of I'm in Love?,Bobby Ljunggren | Robert Vasilis Ljunggren | Robert Vasilis Engdahl,likely to be dependent on the specific song 'I'm in,False,False,Unknown,False,-14.750001907348633,True,sample
fam_0069_u,uncertain,sample6,In what country is İnstitut?,Azerbaijan | Republic of Azerbaijan | az | 🇦🇿 | AZE,"not definitive, as ""institut"" can refer to",False,False,Unknown,False,-16.6249942779541,True,sample
fam_0044_u,uncertain,sample3,What is Miller the capital of?,"Hand County | Hand County, South Dakota","Miller is not the capital of a country, but rather there",False,False,Unknown,False,-14.999998092651367,True,sample
fam_0157_u,uncertain,sample1,Who was the producer of Skyline?,Yann Tiersen | Yann Pierre Tiersen,"Greg Shapiro, Eric Heisserer and Liam O'Donn",False,False,Unknown,False,-15.374998092651367,True,sample
fam_0157_u,uncertain,sample6,Who was the producer of Skyline?,Yann Tiersen | Yann Pierre Tiersen,"not straightforward, but I can give you a few. The",False,False,Unknown,False,-16.374996185302734,True,sample
fam_0150_u,uncertain,sample4,Who was the producer of Best Of?,David Brandes,unclear without knowing the context. There are numerous albums and movies,False,False,Unknown,False,-15.750003814697266,True,sample
fam_0044_u,uncertain,sample5,What is Miller the capital of?,"Hand County | Hand County, South Dakota","Miller is not a capital of a country. However, I",False,False,Unknown,False,-16.624982833862305,True,sample
fam_0069_u,uncertain,greedy,In what country is İnstitut?,Azerbaijan | Republic of Azerbaijan | az | 🇦🇿 | AZE,"not clear as there are several institutions named ""İnstitut",False,False,Unknown,False,-15.87499713897705,True,greedy
fam_0157_u,uncertain,sample2,Who was the producer of Skyline?,Yann Tiersen | Yann Pierre Tiersen,Brothers Gregory J. and Peter Schimmel but then later,False,False,Unknown,False,-15.124998092651367,True,sample
fam_0069_u,uncertain,sample0,In what country is İnstitut?,Azerbaijan | Republic of Azerbaijan | az | 🇦🇿 | AZE,"unclear without more context. There are several institutions named ""In",False,False,Unknown,False,-17.4999942779541,True,sample
fam_0043_u,uncertain,sample9,What is Spas-Demensk the capital of?,Spas-Demensky District,Smolensk Oblast.,False,False,Unknown,False,-11.875,True,sample
fam_0045_u,uncertain,sample7,What is Ye the capital of?,Northern Qi | Bei Qi | Later Zhao,Jamaica.,False,False,Unknown,False,-17.2499942779541,True,sample
fam_0064_u,uncertain,sample6,Who was the composer of I'm in Love?,Bobby Ljunggren | Robert Vasilis Ljunggren | Robert Vasilis Engdahl,not immediately clear. Could you provide more context or information about,False,False,Unknown,False,-15.87500286102295,True,sample
fam_0069_u,uncertain,sample8,In what country is İnstitut?,Azerbaijan | Republic of Azerbaijan | az | 🇦🇿 | AZE,"unclear without more context. There are several places called ""In",False,False,Unknown,False,-17.1249942779541,True,sample
fam_0002_u,uncertain,sample9,Who is the author of Heaven?,Jack Cohen,"not clear, as there are multiple works titled 'Heaven",False,False,Unknown,False,-15.624996185302734,True,sample
fam_0064_u,uncertain,sample4,Who was the composer of I'm in Love?,Bobby Ljunggren | Robert Vasilis Ljunggren | Robert Vasilis Engdahl,"not specific as there are several songs with the title ""I",False,False,Unknown,False,-14.749999046325684,True,sample
fam_0076_u,uncertain,sample6,Who was the director of Pilot?,Francis Lawrence,"unclear as there are numerous TV shows and movies with a """,False,False,Unknown,False,-16.375,True,sample
fam_0157_u,uncertain,sample3,Who was the producer of Skyline?,Yann Tiersen | Yann Pierre Tiersen,Neal H. Moritz.,False,False,Unknown,False,-15.374996185302734,True,sample
fam_0150_u,uncertain,sample2,Who was the producer of Best Of?,David Brandes,"unclear, you have to provide more information about ""Best Of",False,False,Unknown,False,-16.000003814697266,True,sample
fam_0113_u,uncertain,sample0,Who is the father of Morgan?,Henry II of England | Henry Curtmantle | Henry FitzEmpress | Henry Plantagenet | Henry II | King of England Henry II | Henry of Anjou | King Henry II of England | King Henry II,"dependent on the context of ""Morgan."" There are several",False,False,Unknown,False,-15.999996185302734,True,sample
fam_0069_u,uncertain,sample3,In what country is İnstitut?,Azerbaijan | Republic of Azerbaijan | az | 🇦🇿 | AZE,"unclear, as there are several institutions named ""Institut",False,False,Unknown,False,-15.99999713897705,True,sample
fam_0150_u,uncertain,sample0,Who was the producer of Best Of?,David Brandes,dependent on which 'Best Of' you are referring to.,False,False,Unknown,False,-14.749999046325684,True,sample
fam_0045_u,uncertain,sample4,What is Ye the capital of?,Northern Qi | Bei Qi | Later Zhao,"not straightforward, as ""Ye"" can refer to different places",False,False,Unknown,False,-16.749990463256836,True,sample
fam_0113_u,uncertain,greedy,Who is the father of Morgan?,Henry II of England | Henry Curtmantle | Henry FitzEmpress | Henry Plantagenet | Henry II | King of England Henry II | Henry of Anjou | King Henry II of England | King Henry II,not unique as there are several notable individuals named Morgan. However,False,False,Unknown,False,-16.2499942779541,True,greedy
fam_0092_u,uncertain,sample1,Who is the father of George?,"Constantine I of Georgia | Constantine I Bagrationi, King of Georgia",not specific without knowing which George you are referring to. There,False,False,Unknown,False,-15.749996185302734,True,sample
fam_0064_u,uncertain,sample5,Who was the composer of I'm in Love?,Bobby Ljunggren | Robert Vasilis Ljunggren | Robert Vasilis Engdahl,unavailable as there are multiple songs with the title 'I'm,False,False,Unknown,False,-15.375005722045898,True,sample
fam_0002_u,uncertain,greedy,Who is the author of Heaven?,Jack Cohen,"unclear as there are multiple books titled ""Heaven."" However",False,False,Unknown,False,-16.000001907348633,True,greedy
fam_0044_u,uncertain,sample1,What is Miller the capital of?,"Hand County | Hand County, South Dakota",not a straightforward one as there are several places called Miller.,False,False,Unknown,False,-15.999994277954102,True,sample
fam_0041_u,uncertain,sample4,What is Nikolsk the capital of?,"Nikolsky District | Nikolsky District, Vologda Oblast",the Sakhalin Oblast in Russia.,False,False,Unknown,False,-14.625017166137695,True,sample
fam_0069_u,uncertain,sample9,In what country is İnstitut?,Azerbaijan | Republic of Azerbaijan | az | 🇦🇿 | AZE,"not straightforward because ""İnstitut"" is a Turkish word",False,False,Unknown,False,-15.749993324279785,True,sample
fam_0157_u,uncertain,sample8,Who was the producer of Skyline?,Yann Tiersen | Yann Pierre Tiersen,Greg Strause and Robert Orci.,False,False,Unknown,False,-15.499996185302734,True,sample
fam_0113_u,uncertain,sample8,Who is the father of Morgan?,Henry II of England | Henry Curtmantle | Henry FitzEmpress | Henry Plantagenet | Henry II | King of England Henry II | Henry of Anjou | King Henry II of England | King Henry II,dependent on the Morgan in question. Here are a few possibilities,False,False,Unknown,False,-15.124992370605469,True,sample
fam_0064_u,uncertain,sample1,Who was the composer of I'm in Love?,Bobby Ljunggren | Robert Vasilis Ljunggren | Robert Vasilis Engdahl,"more likely to be related to the song ""I'm in",False,False,Unknown,False,-15.124999046325684,True,sample
fam_0043_u,uncertain,sample1,What is Spas-Demensk the capital of?,Spas-Demensky District,Mogilev Region.,False,False,Unknown,False,-13.125000953674316,True,sample
fam_0092_u,uncertain,sample7,Who is the father of George?,"Constantine I of Georgia | Constantine I Bagrationi, King of Georgia",not clear without knowing which George you are referring to. There,False,False,Unknown,False,-15.74999713897705,True,sample
fam_0044_u,uncertain,sample4,What is Miller the capital of?,"Hand County | Hand County, South Dakota","Miller, South Dakota, however, Miller is also the name",False,False,Unknown,False,-13.124996185302734,True,sample
fam_0013_u,uncertain,sample3,Who is the author of Partner?,Miho Obana,"Jacqueline Winspear's character's creator, Jacqueline Winspear,",False,True,Unknown,False,-15.874990463256836,True,sample
fam_0003_u,uncertain,sample4,Who is the author of Trust Territory?,Janet Morris | Janet Ellen Morris | Janet E. Morris,"unclear, more information is needed",False,True,Unknown,False,-16.000001907348633,True,sample
fam_0079_u,uncertain,sample0,Who was the director of The Trap?,Frank Reicher,not available with the given information. There are several films and,False,True,Unknown,False,-16.7499942779541,True,sample
fam_0194_u,uncertain,sample1,What sport does Sofia Anker-Kofoed play?,association football | football | soccer,"not immediately available to me, but I can tell you that",False,True,Unknown,False,-16.999998092651367,True,sample
fam_0149_u,uncertain,sample5,Who was the producer of Western Jamboree?,Smiley Burnette | Lester Alvin Burnett | Gene Autry | Orvon Grover Autry | Orvon Gene Autry | Jean Rouverol | Jean Rouverol Butler,not readily available as I do not have any information on a,False,True,Unknown,False,-15.874998092651367,True,sample
fam_0185_u,uncertain,sample9,Who was the screenwriter for Will to Live?,Kaneto Shindō | Kaneto Shindo | Shindō Kaneto | Shindo Kaneto | Kaneto Shindou,", I couldn't find any information on a movie called """,False,True,Unknown,False,-16.37499237060547,True,sample
fam_0053_u,uncertain,sample6,What is Nora the capital of?,Nora Municipality | Nora kommun,"not unique, as there are several places called ""Nora",False,True,Unknown,False,-14.999993324279785,True,sample
fam_0126_u,uncertain,sample0,Who is the mother of Sophie Gurney?,Gwen Raverat | Gwendolen Mary Darwin | Miss Gwendoline Darwin | Gwendolen Mary Raverat | Gwendolen Raverat | Gwendoline Raverat | Miss Gwendolen Darwin | Mrs. Raverat | Gwen Darwin,not provided in the available data.,False,True,Unknown,False,-15.874996185302734,True,sample
fam_0163_u,uncertain,sample1,What is the religion of Joseph-Médard Émard?,Catholic Church | Roman Catholic Church | Church | Roman Apostolic Catholic Church,not readily available.,False,True,Unknown,False,-16.1249942779541,True,sample
fam_0080_u,uncertain,sample9,Who was the director of Home?,Maurice Elvey,"Tim Johnson. Tim Johnson directed the animated film ""Home""",False,True,Unknown,False,-14.749984741210938,True,sample
fam_0048_u,uncertain,sample9,What is Manga the capital of?,Centre-Sud Region,Japan.,False,True,Unknown,False,-15.74999713897705,True,sample
fam_0108_u,uncertain,sample4,Who is the father of Skyline?,Star Kingdom,":  Shigeru Miyamoto's friend, Takashi",False,True,Unknown,False,-15.249992370605469,True,sample
fam_0081_u,uncertain,sample9,Who was the director of Den store gavtyv?,Johan Jacobsen,"not available as there is insufficient data on ""Den store g",False,True,Unknown,False,-17.49999237060547,True,sample
fam_0088_u,uncertain,sample0,Who was the director of The Pocket-knife?,Ben Sombogaart,not available in my current data.,False,True,Unknown,False,-16.37499237060547,True,sample
fam_0001_u,uncertain,sample6,Who is the author of The Interior?,Lisa See,Jean Rhys.,False,True,Unknown,False,-15.125014305114746,True,sample
fam_0108_u,uncertain,sample0,Who is the father of Skyline?,Star Kingdom,"unclear as there are several vehicles known as the ""Skyline",False,True,Unknown,False,-15.37501049041748,True,sample
fam_0015_u,uncertain,sample7,Who is the author of The Chaos Code?,Justin Richards | Justin C Richards,"unavailable for ""The Chaos Code""",False,True,Unknown,False,-15.875006675720215,True,sample
fam_0137_u,uncertain,sample3,In what city was Ricardo Maliandi born?,La Plata,not available to me.,False,True,Unknown,False,-16.249998092651367,True,sample
fam_0134_u,uncertain,sample9,What is William Australia Graham's occupation?,farmer | agriculturist | grower | raiser | cultivator | agriculturer | farmer (occupation) | politician | political leader | political figure | polit. | pol,"unclear as there are several individuals with the name William, Australia",False,True,Unknown,False,-16.25,True,sample
fam_0184_u,uncertain,sample1,Who was the screenwriter for Democracy?,Sidney Morgan,"Idris Elba, who was also the director,",False,True,Unknown,False,-16.374996185302734,True,sample
fam_0073_u,uncertain,sample2,In what country is Barre Denis?,Saint Lucia | lc | St. Lucia | St Lucia | 🇱🇨 | Iyonola | Hewanorra | St. Lucia (island),Haiti.,False,True,Unknown,False,-16.37501335144043,True,sample
fam_0174_u,uncertain,sample5,Who was the screenwriter for Hoppa högst?,Astrid Lindgren | Astrid Anna Emilia Lindgren,not readily available.,False,True,Unknown,False,-16.374996185302734,True,sample
fam_0032_u,uncertain,sample2,What is the capital of Sesia?,Vercelli,": I couldn't find any information on a location called """,False,True,Unknown,False,-16.874990463256836,True,sample
fam_0159_u,uncertain,sample2,What is the religion of Simon Ntamwana?,Catholic Church | Roman Catholic Church | Church | Roman Apostolic Catholic Church,not available on the knowledge cutoff date of 01 December,False,True,Unknown,False,-16.4999942779541,True,sample
fam_0017_u,uncertain,greedy,Who is the author of A Positive?,Kaaron Warren,not available in my database.,False,True,Unknown,False,-16.6249942779541,True,greedy
fam_0152_u,uncertain,sample0,Who was the producer of The Professor?,Charlie Chaplin | Charles Spencer Chaplin | Charles Chaplin | Sir Charles Spencer Chaplin,unclear as there are multiple productions called The Professor. Could you,False,True,Unknown,False,-16.624998092651367,True,sample
fam_0184_u,uncertain,sample4,Who was the screenwriter for Democracy?,Sidney Morgan,"not readily available for the 2018 film ""Democracy",False,True,Unknown,False,-16.249998092651367,True,sample
fam_0055_u,uncertain,sample4,What is Kluczewsko the capital of?,Gmina Kluczewsko,not straightforward. Kluczewsko is a village in south,False,True,Unknown,False,-13.750000953674316,True,sample
fam_0075_u,uncertain,greedy,Who was the director of Trail?,Luis Moglia Barth,not available in the given knowledge. Can you provide more context,False,True,Unknown,False,-16.249996185302734,True,greedy
fam_0039_u,uncertain,sample8,What is the capital of Océan?,Kribi,"that there is no country called ""Océan."" However",False,True,Unknown,False,-14.624994277954102,True,sample
fam_0110_u,uncertain,sample1,Who is the father of Princess Yamanobe?,Tenji | Tenji-tennō | Emperor Tenji,not readily available to me. Could you please provide more context,False,True,Unknown,False,-16.749998092651367,True,sample
fam_0075_u,uncertain,sample8,Who was the director of Trail?,Luis Moglia Barth,not available to me.,False,True,Unknown,False,-16.124998092651367,True,sample
fam_0074_u,uncertain,sample9,In what country is Kalu?,Iran | Islamic Republic of Iran | Persia | ir | Islamic Rep. Iran | 🇮🇷,unclear as there are multiple places named Kalu.,False,True,Unknown,False,-16.999998092651367,True,sample
fam_0032_u,uncertain,sample8,What is the capital of Sesia?,Vercelli,Biella,False,True,Unknown,False,-15.625003814697266,True,sample
fam_0112_u,uncertain,sample2,Who is the father of Gui d'Amiens?,"Enguerrand I, Count of Ponthieu | Enguerrand I, Comte de Ponthieu",Ivo Taillebois.,False,True,Unknown,False,-15.500004768371582,True,sample
fam_0155_u,uncertain,sample9,Who was the producer of Harvest?,Carroll Ballard,Al Kooper.,False,True,Unknown,False,-15.499992370605469,True,sample
fam_0188_u,uncertain,greedy,Who was the screenwriter for Victory and Peace?,"Hall Caine | Sir Thomas Henry Hall Caine | Thomas Henry Hall Caine | Sir Hall Caine | Hall, Sir Caine",not available in my database.,False,True,Unknown,False,-16.125,True,greedy
fam_0025_u,uncertain,sample0,Who is the author of The Every Boy?,Dana Adam Shapiro,unknown to me. Can you provide more context or information about,False,True,Unknown,False,-16.874996185302734,True,sample
fam_0026_u,uncertain,sample8,Who is the author of Therapy?,Jonathan Kellerman | Jonathan Seth Kellerman,"not unique, as ""Therapy"" is a common",False,True,Unknown,False,-15.749995231628418,True,sample
fam_0102_u,uncertain,sample1,Who is the father of Prized?,Kris S.,not available to me.,False,True,Unknown,False,-16.624998092651367,True,sample
fam_0058_u,uncertain,sample8,Who was the composer of Everything but You?,"Duke Ellington | Edward Kennedy ""Duke"" Ellington | Edward Kennedy Ellington | Edward K. Ellington",not readily available in my database.,False,True,Unknown,False,-16.375001907348633,True,sample
fam_0163_u,uncertain,sample0,What is the religion of Joseph-Médard Émard?,Catholic Church | Roman Catholic Church | Church | Roman Apostolic Catholic Church,Roman Catholic.,False,True,Unknown,True,14.999876976013184,False,sample
fam_0046_u,uncertain,sample5,What is Pavlovsky Posad the capital of?,Pavlovo-Posadsky District,Pavlovsky Posad is the administrative center of Pavlov,False,True,Unknown,False,-5.500000476837158,True,sample
fam_0123_u,uncertain,sample9,"Who is the mother of Constantine I, King of Armenia?","Keran, Queen of Armenia",not immediately available to me. Could you provide more context or,False,True,Unknown,False,-17.374998092651367,True,sample
fam_0025_u,uncertain,sample1,Who is the author of The Every Boy?,Dana Adam Shapiro,not available in the given data.,False,True,Unknown,False,-15.49999713897705,True,sample
fam_0171_u,uncertain,sample4,Who was the screenwriter for Familia?,Louise Archambault,not immediately available to me. Can you provide more context about,False,True,Unknown,False,-17.124996185302734,True,sample
fam_0114_u,uncertain,sample4,Who is the father of Hans Holtedahl?,Olaf Holtedahl,Erik Holtedahl,False,True,Unknown,False,-15.375017166137695,True,sample
fam_0132_u,uncertain,sample7,"Who is the mother of Sancho, Count of Provence?",Petronilla of Aragon,Ida of Forcalquier.,False,True,Unknown,False,-15.499996185302734,True,sample
fam_0017_u,uncertain,sample6,Who is the author of A Positive?,Kaaron Warren,not available in my database.,False,True,Unknown,False,-16.3749942779541,True,sample
fam_0095_u,uncertain,sample1,Who is the father of Erwin Neutzsky-Wulff?,Aage Neutzsky-Wulff,not readily available in the knowledge base.,False,True,Unknown,False,-15.87499713897705,True,sample
fam_0187_u,uncertain,sample0,Who was the screenwriter for As Time Goes By?,Ann Hui | Xu Anhua,either:,False,True,Unknown,False,-13.749999046325684,True,sample
fam_0012_u,uncertain,sample8,Who is the author of It's Not an All Night Fair?,Pramoedya Ananta Toer,not available.,False,True,Unknown,False,-16.0,True,sample
fam_0019_u,uncertain,sample7,Who is the author of Beast?,Ally Kennen,not certain as you have not provided enough context or information about,False,True,Unknown,False,-16.500003814697266,True,sample
fam_0161_u,uncertain,sample7,What is the religion of Walter James Fitzgerald?,Catholic Church | Roman Catholic Church | Church | Roman Apostolic Catholic Church,I couldn't find any information on Walter James Fitzgerald.,False,True,Unknown,False,-15.749996185302734,True,sample
fam_0098_u,uncertain,sample7,Who is the father of Clem Michael?,Stephen Michael | Stephen Albert Michael,unavailable because I do not have enough information about Clem Michael.,False,True,Unknown,False,-16.125001907348633,True,sample
fam_0019_u,uncertain,sample0,Who is the author of Beast?,Ally Kennen,not clear based on the information provided. There are multiple books,False,True,Unknown,False,-15.875,True,sample
fam_0025_u,uncertain,sample9,Who is the author of The Every Boy?,Dana Adam Shapiro,"not available on my cut off date of knowledge. However,",False,True,Unknown,False,-17.37499237060547,True,sample
fam_0133_u,uncertain,sample2,What is Petru Vlah's occupation?,politician | political leader | political figure | polit. | pol,unclear. However I can tell you that Petru Vlah,False,True,Unknown,False,-16.124996185302734,True,sample
fam_0166_u,uncertain,sample6,What is the religion of James Albert Duffy?,Catholic Church | Roman Catholic Church | Church | Roman Apostolic Catholic Church,not available in my database.,False,True,Unknown,False,-16.7499942779541,True,sample
fam_0176_u,uncertain,sample0,Who was the screenwriter for The Girlfriend?,Jeanine Meerapfel | Agnieszka Holland | Osvaldo Bayer,not available to me.,False,True,Unknown,False,-15.874994277954102,True,sample
fam_0019_c,control,sample4,Who is the author of Holes?,Louis Sachar,Louis Sachar. He is an American author known for his,True,False,HighlyKnown,True,8.99999713897705,True,sample
fam_0053_c,control,greedy,What is Paris the capital of?,France | fr | FR | République française | La France | Republic of France | French Republic | FRA | the Hexagon,France. Paris is the capital city of France.,True,False,HighlyKnown,True,11.374954223632812,True,greedy
fam_0036_c,control,sample9,What is the capital of People's Republic of China?,Beijing | Peking | Beiping | Peiping | Yanjing | Zhongdu | Khanbaliq | BJ | Shun Tian Fu | Pekin | beijing,Beijing.,True,False,HighlyKnown,True,23.87462043762207,True,sample
fam_0155_c,control,sample5,Who was the producer of Clue?,Debra Hill | John Landis,"Debra Hill, however, the movie Clue (198",True,False,HighlyKnown,False,-1.5000020265579224,False,sample
fam_0102_c,control,sample7,Who is the father of Rama?,Dasharatha,Dasharatha.,True,False,HighlyKnown,True,21.87462043762207,True,sample
fam_0040_c,control,sample4,What is the capital of New Jersey?,"Trenton | Western New Jersey | Trenton City, Mercer County, New Jersey | Trenton Township, Mercer County, New Jersey | Trenton City, New Jersey | Trenton Township, New Jersey | Trenton, New Jersey",Trenton.,True,False,HighlyKnown,True,21.37476921081543,True,sample
fam_0071_c,control,sample9,In what country is Ferrari?,Italy | Italia | Italian Republic | IT | 🇮🇹 | ITA,Italy. Ferrari is an Italian sports car manufacturer based in Mar,True,False,HighlyKnown,True,11.74997615814209,True,sample
fam_0128_c,control,sample5,Who is the mother of Barack Obama?,Ann Dunham | Stanley Ann Dunham | Ann Obama | Ann Soetoro | Ann Sutoro | S. Ann Dunham | Dr. Stanley Ann Obama,Ann Dunham. Ann Dunham was an American anthropologist,True,False,HighlyKnown,True,16.62489128112793,True,sample
fam_0007_c,control,sample6,Who is the author of Gospel of Matthew?,Matthew the Apostle | Saint Matthew | Matthew | Matthew the Evangelist,not straightforward. The author of the Gospel of Matthew is traditionally,True,False,HighlyKnown,False,-15.37498950958252,False,sample
fam_0033_c,control,sample0,What is the capital of Nigeria?,Abuja | ABV | ABJ | FCT | Federal Capital Territory,Abuja.,True,False,HighlyKnown,True,22.999664306640625,True,sample
fam_0049_c,control,sample2,What is London the capital of?,"Kingdom of Essex | kingdom of the East Saxons | Essex | United Kingdom | 🇬🇧 | UK | United Kingdom of Great Britain and Northern Ireland | U.K. | GBR | GB | U. K. | U K | G.B. | G. B. | G B | Great Britain | G.B.R. | G B R | Britain | Great Britain and Northern Ireland | Great Britain | United Kingdom of Great Britain | UK | GB | UKGB | Kingdom of Great Britain | United Kingdom of Great Britain and Ireland | United Kingdom | UK | GB | UKGBI | Great Britain and Ireland | the United Kingdom | Britain | Kingdom of England | England | England | British North America | British America | Commonwealth of England | English Republic | Commonwealth | Interregnum | Protectorate | Commonwealth of England, Scotland and Ireland","England. London is the capital city of England, which is",True,False,HighlyKnown,False,-1.2500009536743164,False,sample
fam_0145_c,control,sample4,In what city was Roman Shukhevych born?,"Krakovets | Lviv | Lwów | Lemberg | Lvov | Lwow | L'viv | Lemberik | L'vov | Leopol | Lemberg, Austria",Lviv. Roman Shukhevych was a Ukrainian military,True,False,HighlyKnown,True,13.999821662902832,True,sample
fam_0136_c,control,sample7,In what city was Erasmo Carlos born?,Rio de Janeiro | Rio | Rio de Janeiro city | Río | Río de Janeiro,Rio de Janeiro.,True,False,HighlyKnown,True,25.249446868896484,True,sample
fam_0080_c,control,greedy,Who was the director of The Accused?,Jonathan Kaplan,Jonathan Kaplan.,True,False,HighlyKnown,True,21.749544143676758,True,greedy
fam_0078_c,control,sample4,Who was the director of The Terminal?,Steven Spielberg | Steven Allan Spielberg | Spielberg,"Steven Spielberg. He directed the 2004 film ""The",True,False,HighlyKnown,True,9.49998950958252,True,sample
fam_0163_c,control,sample3,What is the religion of Aung San Suu Kyi?,Buddhism | Buddha Dharma,"Buddhism. Aung San Suu Kyi, the Bur",True,False,HighlyKnown,True,10.999979019165039,True,sample
fam_0095_c,control,sample4,"Who is the father of Mary, Queen of Scots?",James V of Scotland | James Stewart | James V | Goodman of Ballengeich,King James V of Scotland. He was the King of Scotland,True,False,HighlyKnown,True,14.624860763549805,True,sample
fam_0137_c,control,sample4,In what city was Julius Erving born?,"New York City | NYC | New York | the five boroughs | Big Apple | City of New York | NY City | New York, New York | New York City, New York | New York, NY | New York City (NYC)","Roosevelt, New York.",True,False,HighlyKnown,False,-15.500011444091797,False,sample
fam_0038_c,control,sample9,What is the capital of California?,"Sacramento | Sac-Town | Sac | The Indomitable City | City of Trees | The Big Tomato | The Capitol City | Sacramento, California | Camellia City | River City",Sacramento.,True,False,HighlyKnown,True,23.499643325805664,True,sample
fam_0069_c,control,sample5,In what country is The Players Championship?,United States of America | the United States of America | America | U.S.A. | USA | U.S. | US | the US | the USA | US of A | the United States | U. S. A. | U. S. | the States | the U.S. | 'Merica | U.S | United States | 'Murica,the United States. The Players Championship is a professional golf tournament,True,False,HighlyKnown,True,17.749706268310547,True,sample
fam_0014_c,control,sample5,Who is the author of The Book of the Law?,Aiwass | Aleister Crowley,"Aleister Crowley. ""The Book of the Law"" is",True,False,HighlyKnown,True,10.749983787536621,True,sample
fam_0028_c,control,sample4,Who is the author of The Executioner's Song?,Norman Mailer | Norman Kingsley Mailer | Andreas Wilson,"Norman Mailer. He is an American novelist, journalist,",True,False,HighlyKnown,True,9.24999713897705,True,sample
fam_0163_c,control,sample9,What is the religion of Aung San Suu Kyi?,Buddhism | Buddha Dharma,"Buddhism. Aung San Suu Kyi, the Bur",True,False,HighlyKnown,True,11.24997615814209,True,sample
fam_0077_c,control,sample5,Who was the director of This Is the End?,Seth Rogen | Seth Aaron Rogen | Evan Goldberg,Evan Goldberg and Seth Rogen. They co-directed the,True,False,HighlyKnown,True,10.249994277954102,True,sample
fam_0087_c,control,sample8,Who was the director of The Room?,Tommy Wiseau,Tommy Wiseau. He is a mysterious figure and the writer,True,False,HighlyKnown,True,9.74998950958252,True,sample
fam_0119_c,control,sample8,What genre is RED 2?,action film | action movie | film action | movie action | action,action-comedy. RED 2 is an action-comedy,True,False,HighlyKnown,False,-4.000000953674316,False,sample
fam_0017_c,control,greedy,Who is the author of Chibi Maruko-chan?,Momoko Sakura,Momoko Sakura.,True,False,HighlyKnown,True,21.124622344970703,True,greedy
fam_0079_c,control,sample5,Who was the director of Mask?,Peter Bogdanovich,Peter Bogdanovich.,True,False,HighlyKnown,True,21.87462043762207,True,sample
fam_0180_c,control,greedy,Who was the screenwriter for Tron: Legacy?,"Adam Horowitz | Edward Kitsis | Edward ""Eddy"" Lawrence Kitsis | Edward Lawrence Kitsis",Edward Kitsis and Adam Horowitz.,True,False,HighlyKnown,True,8.49999713897705,True,greedy
fam_0063_c,control,sample9,Who was the composer of Yesterday?,John Lennon | John Winston Ono Lennon | John Winston Lennon | Lennon John | John Ono Lennon | Paul McCartney | Sir Paul McCartney | Macca | James Paul McCartney,"Paul McCartney. ""Yesterday"" is a song written and composed",True,False,HighlyKnown,True,10.499981880187988,True,sample
fam_0169_c,control,sample9,Who was the screenwriter for Taken?,Robert Mark Kamen | Luc Besson | Luc Paul Maurice Besson,Luc Besson.,True,False,HighlyKnown,True,23.749622344970703,True,sample
fam_0091_c,control,sample1,Who is the father of Mark Twain?,John Marshall Clemens,John Marshall Clemens. He was the father of Mark Tw,True,False,HighlyKnown,True,7.749997615814209,True,sample
fam_0076_c,control,greedy,Who was the director of Get Hard?,Etan Cohen,"Etan Cohen, however, the film was also co-directed",True,False,HighlyKnown,True,1.7499969005584717,True,greedy
fam_0175_c,control,greedy,Who was the screenwriter for A.I. Artificial Intelligence?,Ian Watson | Stanley Kubrick | Steven Spielberg | Steven Allan Spielberg | Spielberg,"Ian Watson and Steven Spielberg, but the screenplay was based on",True,False,HighlyKnown,True,2.499995231628418,True,greedy
fam_0181_c,control,greedy,Who was the screenwriter for The Internship?,Vince Vaughn | Vincent Anthony Vaughn | Vincent Vaughn,"Vince Vaughn and Jared Stern, however, the screenplay was",True,False,HighlyKnown,False,-7.000000476837158,False,greedy
fam_0056_c,control,sample7,Who was the composer of Into the Woods?,Stephen Sondheim | Stephen Joshua Sondheim,Stephen Sondheim. 'Into the Woods' is a musical,True,False,HighlyKnown,True,13.374860763549805,True,sample
fam_0005_c,control,sample2,Who is the author of Thunderball?,Ian Fleming | Ian Lancaster Fleming,Ian Fleming.,True,False,HighlyKnown,True,24.374597549438477,True,sample
fam_0154_c,control,sample6,Who was the producer of Chef?,Jon Favreau | Jonathan Favreau | Jonathan Kolia Favreau,Jon Favreau. He also wrote and starred in the,True,False,HighlyKnown,True,10.499985694885254,True,sample
fam_0026_c,control,sample4,Who is the author of The Jungle?,Upton Sinclair | Upton Beall Sinclair | Clarke Fitch | Frederick Garrison | Arthur Stirling | Upton Sinclair Jr.,Upton Sinclair. He is an American writer who published the,True,False,HighlyKnown,True,9.999994277954102,True,sample
fam_0033_c,control,greedy,What is the capital of Nigeria?,Abuja | ABV | ABJ | FCT | Federal Capital Territory,Abuja.,True,False,HighlyKnown,True,23.124643325805664,True,greedy
fam_0165_c,control,greedy,What is the religion of Bhimrao Ramji Ambedkar?,Buddhism | Buddha Dharma,"Buddhism. Bhimrao Ramji Ambedkar,",True,False,HighlyKnown,True,11.249968528747559,True,greedy
fam_0106_c,control,greedy,Who is the father of Brandon Lee?,Bruce Lee | Lee Jun-fan,"Bruce Lee. Brandon Lee was the son of Bruce Lee,",True,False,HighlyKnown,True,15.374859809875488,True,greedy
fam_0003_c,control,sample7,Who is the author of Great Expectations?,Charles Dickens | Dickens | C.Dickens | Charles John Huffam Dickens | Boz,Charles Dickens. He is the renowned English novelist who wrote the,True,False,HighlyKnown,True,10.999992370605469,True,sample
fam_0187_c,control,sample3,Who was the screenwriter for One Day?,David Nicholls | David Alan Nicholls,David Nicholls.,True,False,HighlyKnown,True,23.49951171875,True,sample
fam_0104_c,control,sample7,Who is the father of Moses?,Amram | Imran | Amran,"Amram.  He is the father of Moses, Aaron",True,False,HighlyKnown,True,12.374934196472168,True,sample
fam_0161_c,control,sample1,What is the religion of Lord's Prayer?,Christianity | Christian faith,"Christianity. The Lord's Prayer, also known as the Our",True,False,HighlyKnown,True,9.999983787536621,True,sample
fam_0099_c,control,sample7,Who is the father of Chelsea Clinton?,"Bill Clinton | William Jefferson Clinton | William Jefferson Blythe III | William Jefferson Blythe | William J. Clinton | Clinton | William Jefferson ""Bill"" Clinton | William Clinton | President Clinton | President Bill Clinton | Kelindun | William Jefferson, IV Blythe | Bill Klinton | WJC","Bill Clinton, the 42nd President of the United States",True,False,HighlyKnown,True,16.999860763549805,True,sample
fam_0177_c,control,sample4,Who was the screenwriter for Brave?,Steve Purcell | Steve Ross Purcell | Steven Ross Purcell | Brenda Chapman | Irene Mecchi,"Brenda Chapman, Mark Andrews, and Steve Purcell.",True,False,HighlyKnown,True,0.2499927282333374,True,sample
fam_0086_c,control,sample3,Who was the director of The Doors?,Oliver Stone | William Oliver Stone,Oliver Stone. He directed the 1991 biographical drama,True,False,HighlyKnown,True,11.749972343444824,True,sample
fam_0190_c,control,sample6,What sport does Cris Carter play?,American football | gridiron football | 🏈 | football | American rules football,American football. Cris Carter is a former NFL wide receiver,True,False,HighlyKnown,True,9.999972343444824,True,sample
fam_0093_c,control,sample3,Who is the father of Aung San Suu Kyi?,Aung San | General Aung San | Bogyoke Aung San,"Aung San, a Burmese general and politician who",True,False,HighlyKnown,True,16.374940872192383,True,sample
fam_0093_c,control,sample9,Who is the father of Aung San Suu Kyi?,Aung San | General Aung San | Bogyoke Aung San,"Aung San, a Burmese general and politician.",True,False,HighlyKnown,True,22.249740600585938,True,sample
fam_0170_c,control,sample4,Who was the screenwriter for Seven?,Andrew Kevin Walker,Andrew Kevin Walker.,True,False,HighlyKnown,True,22.62451171875,True,sample
fam_0134_c,control,sample6,What is Benazir Bhutto's occupation?,politician | political leader | political figure | polit. | pol,Politician.,True,False,HighlyKnown,True,23.624643325805664,True,sample
fam_0162_c,control,sample8,What is the religion of George VI?,"Anglicanism | Anglicanism, Anglican Church","Anglicanism. George VI, who was the King of the",True,False,HighlyKnown,True,6.499996662139893,True,sample
fam_0104_c,control,sample9,Who is the father of Moses?,Amram | Imran | Amran,Amram. According to the biblical account in Exodus 6,True,False,HighlyKnown,True,19.999664306640625,True,sample
fam_0144_c,control,sample2,In what city was Steve Kerr born?,Beirut,"Beirut, Lebanon.",True,False,HighlyKnown,True,14.74991512298584,True,sample
fam_0159_c,control,sample9,What is the religion of Anne of Great Britain?,"Anglicanism | Anglicanism, Anglican Church",Anglicanism. Anne of Great Britain was a member of the,True,False,HighlyKnown,True,8.999994277954102,True,sample
fam_0164_c,control,sample9,What is the religion of Gautama Buddha?,Buddhism | Buddha Dharma,"Buddhism. Gautama Buddha, also known as Siddhartha",True,False,HighlyKnown,True,7.249996662139893,True,sample
fam_0126_c,control,greedy,Who is the mother of George VI?,"Mary of Teck | Victoria Mary Augusta Louise Olga Pauline Claudine Agnes | Queen Mary of the United Kingdom | Mary, Queen of the United Kingdom | Mary, Queen consort of the United Kingdom | Princess Victoria Mary of Teck | Princess Victoria Mary Augusta Louise Olga Pauline Claudine Agnes of Teck | Victoria Mary of Teck | Victoria Mary Augusta Louise Olga Pauline Claudine Agnes of Teck | Princess May of Teck | May of Teck | Mary, Queen of the United Kingdom, Empress of India",Mary of Teck.,True,False,HighlyKnown,True,24.874374389648438,True,greedy
fam_0075_c,control,sample3,Who was the director of Mother?,Bong Joon-ho | Bong Jun-ho | Bong Joon Ho | Joon-ho Bong,Bong Joon-ho.,True,True,HighlyKnown,True,23.749481201171875,True,sample
fam_0075_c,control,sample6,Who was the director of Mother?,Bong Joon-ho | Bong Jun-ho | Bong Joon Ho | Joon-ho Bong,"Bong Joon-ho. However, he did not",True,True,HighlyKnown,False,-8.0,False,sample
fam_0140_c,control,sample7,In what city was Oi Va Voi born?,"London | London, UK | London, United Kingdom | London, England | Modern Babylon",London.,True,True,HighlyKnown,True,24.624332427978516,True,sample
fam_0140_c,control,sample2,In what city was Oi Va Voi born?,"London | London, UK | London, United Kingdom | London, England | Modern Babylon",London.,True,True,HighlyKnown,True,24.624332427978516,True,sample
fam_0075_c,control,greedy,Who was the director of Mother?,Bong Joon-ho | Bong Jun-ho | Bong Joon Ho | Joon-ho Bong,Bong Joon-ho.,True,True,HighlyKnown,True,23.749481201171875,True,greedy
fam_0140_c,control,sample9,In what city was Oi Va Voi born?,"London | London, UK | London, United Kingdom | London, England | Modern Babylon",London.,True,True,HighlyKnown,True,24.624332427978516,True,sample
fam_0140_c,control,sample3,In what city was Oi Va Voi born?,"London | London, UK | London, United Kingdom | London, England | Modern Babylon",London.,True,True,HighlyKnown,True,24.624332427978516,True,sample
fam_0140_c,control,sample8,In what city was Oi Va Voi born?,"London | London, UK | London, United Kingdom | London, England | Modern Babylon",London.,True,True,HighlyKnown,True,24.624332427978516,True,sample
fam_0140_c,control,sample0,In what city was Oi Va Voi born?,"London | London, UK | London, United Kingdom | London, England | Modern Babylon",London.,True,True,HighlyKnown,True,24.624332427978516,True,sample
fam_0075_c,control,sample4,Who was the director of Mother?,Bong Joon-ho | Bong Jun-ho | Bong Joon Ho | Joon-ho Bong,Bong Joon-ho.,True,True,HighlyKnown,True,23.624446868896484,True,sample
fam_0075_c,control,sample1,Who was the director of Mother?,Bong Joon-ho | Bong Jun-ho | Bong Joon Ho | Joon-ho Bong,Bong Joon-ho.,True,True,HighlyKnown,True,23.874374389648438,True,sample
fam_0075_c,control,sample5,Who was the director of Mother?,Bong Joon-ho | Bong Jun-ho | Bong Joon Ho | Joon-ho Bong,Bong Joon-ho.,True,True,HighlyKnown,True,23.624481201171875,True,sample
fam_0140_c,control,sample5,In what city was Oi Va Voi born?,"London | London, UK | London, United Kingdom | London, England | Modern Babylon",London.,True,True,HighlyKnown,True,24.499332427978516,True,sample
fam_0140_c,control,greedy,In what city was Oi Va Voi born?,"London | London, UK | London, United Kingdom | London, England | Modern Babylon",London.,True,True,HighlyKnown,True,24.624332427978516,True,greedy
fam_0075_c,control,sample0,Who was the director of Mother?,Bong Joon-ho | Bong Jun-ho | Bong Joon Ho | Joon-ho Bong,Bong Joon-ho.,True,True,HighlyKnown,True,23.749481201171875,True,sample
fam_0075_c,control,sample7,Who was the director of Mother?,Bong Joon-ho | Bong Jun-ho | Bong Joon Ho | Joon-ho Bong,Bong Joon-ho.,True,True,HighlyKnown,True,23.624446868896484,True,sample
fam_0140_c,control,sample6,In what city was Oi Va Voi born?,"London | London, UK | London, United Kingdom | London, England | Modern Babylon","London, UK.",True,True,HighlyKnown,True,24.9989013671875,True,sample
fam_0140_c,control,sample4,In what city was Oi Va Voi born?,"London | London, UK | London, United Kingdom | London, England | Modern Babylon","London, England.",True,True,HighlyKnown,True,24.124195098876953,True,sample
fam_0140_c,control,sample1,In what city was Oi Va Voi born?,"London | London, UK | London, United Kingdom | London, England | Modern Babylon",London.,True,True,HighlyKnown,True,24.749374389648438,True,sample
fam_0075_c,control,sample9,Who was the director of Mother?,Bong Joon-ho | Bong Jun-ho | Bong Joon Ho | Joon-ho Bong,Bong Joon-ho.,True,True,HighlyKnown,True,23.749446868896484,True,sample
fam_0075_c,control,sample2,Who was the director of Mother?,Bong Joon-ho | Bong Jun-ho | Bong Joon Ho | Joon-ho Bong,Bong Joon-ho.,True,True,HighlyKnown,True,23.874481201171875,True,sample
