twin,layer,d_hedge_lp,d_answer_lp,d_hedge_mlogit,d_answer_mlogit,gap
ale_01_0,24,-0.37915515899658203,-0.26301097869873047,-0.3367187976837158,-0.5319010615348816,-0.11614418029785156
ale_01_0,25,0.7522392272949219,-1.9285812377929688,-0.690234363079071,-1.1845703721046448,2.6808204650878906
ale_01_0,26,-0.12938785552978516,-3.0214309692382812,-0.7046874761581421,-0.8883463144302368,2.892043113708496
ale_01_0,27,4.53904914855957,-0.8318500518798828,0.6398439407348633,0.27994823455810547,5.370899200439453
ale_01_1,24,-0.9678859710693359,0.6151227951049805,-0.5425782203674316,-0.8723959922790527,-1.5830087661743164
ale_01_1,25,0.6108732223510742,2.279407501220703,-0.5496094226837158,-0.771158829331398,-1.668534278869629
ale_01_1,26,0.6900177001953125,1.7656059265136719,-0.00595700740814209,-0.2464192807674408,-1.0755882263183594
ale_01_1,27,3.1363182067871094,3.4502925872802734,0.47695302963256836,-0.27604198455810547,-0.31397438049316406
ale_01_3,24,1.0531225204467773,3.9069929122924805,0.8335937261581421,0.5859375149011612,-2.853870391845703
ale_01_3,25,2.1025705337524414,3.19113826751709,-0.3623046875,-1.0309245586395264,-1.0885677337646484
ale_01_3,26,-0.6758890151977539,-1.1341590881347656,-0.5562500357627869,-0.9749349355697632,0.4582700729370117
ale_01_3,27,5.354785442352295,0.8223772048950195,1.3359375,1.169271469116211,4.532408237457275
ale_01_5,24,0.6770076751708984,0.11384201049804688,0.4452148526906967,-0.286458320915699,0.5631656646728516
ale_01_5,25,1.5339860916137695,-1.0288381576538086,-0.6701171770691872,-1.8404947519302368,2.562824249267578
ale_01_5,26,-0.42910099029541016,-3.4705004692077637,-0.8148437365889549,-1.7805989980697632,3.0413994789123535
ale_01_5,27,5.1892571449279785,0.11741209030151367,1.1781249046325684,-0.03385448455810547,5.071845054626465
ale_05_0,24,-1.349508285522461,-2.0051450729370117,-2.137304663658142,-2.6394855976104736,0.6556367874145508
ale_05_0,25,-0.36147117614746094,-2.7800722122192383,-2.5091796815395355,-2.9059245586395264,2.4186010360717773
ale_05_0,26,0.5506343841552734,-3.2007884979248047,-0.966992199420929,-1.4622395485639572,3.751422882080078
ale_05_0,27,1.5574121475219727,-2.0747504234313965,-0.16562461853027344,-1.2161455154418945,3.632162570953369
ale_05_1,24,0.9366893768310547,1.9874496459960938,-0.3623046875,-0.5325520038604736,-1.050760269165039
ale_05_1,25,3.2241077423095703,2.9387388229370117,-0.5494140684604645,-1.2092284858226776,0.2853689193725586
ale_05_1,26,2.5525007247924805,1.7995309829711914,1.476757787168026,0.5078328549861908,0.7529697418212891
ale_05_1,27,6.305573463439941,2.818622589111328,2.981250286102295,1.1197915077209473,3.4869508743286133
ale_05_2,24,-0.31807804107666016,1.2387800216674805,-1.0109131336212158,-0.7702637910842896,-1.5568580627441406
ale_05_2,25,2.6692066192626953,2.817605972290039,-1.213281273841858,-1.3072916269302368,-0.14839935302734375
ale_05_2,26,3.4253101348876953,0.5376758575439453,0.785937488079071,0.5390625223517418,2.88763427734375
ale_05_2,27,8.356088638305664,4.094724655151367,1.8343753814697266,1.328125,4.261363983154297
ale_05_3,24,-0.3243703842163086,0.028215408325195312,-1.8851562142372131,-1.9055990278720856,-0.3525857925415039
ale_05_3,25,-0.0623931884765625,-1.1299629211425781,-2.710156202316284,-2.7825520783662796,1.0675697326660156
ale_05_3,26,0.9678192138671875,-2.6026830673217773,-0.967968761920929,-1.2045288532972336,3.570502281188965
ale_05_3,27,5.51169490814209,-1.5037899017333984,1.059375286102295,0.47005176544189453,7.015484809875488
ale_05_4,24,-2.077542304992676,-0.6981782913208008,-2.275390625,-1.3206380307674408,-1.379364013671875
ale_05_4,25,0.9045276641845703,0.9599208831787109,-2.0796875953674316,-1.0673829317092896,-0.055393218994140625
ale_05_4,26,1.5039052963256836,0.48873329162597656,-1.3675781190395355,-0.6470540761947632,1.015172004699707
ale_05_4,27,4.490203857421875,2.710874557495117,0.4992189407348633,1.1328125,1.7793292999267578
ale_05_5,24,-0.000682830810546875,-1.5005769729614258,-2.106249988079071,-2.2250975966453552,1.499894142150879
ale_05_5,25,-0.282958984375,-3.1325788497924805,-2.672265574336052,-2.656249910593033,2.8496198654174805
ale_05_5,26,0.4821805953979492,-3.2137632369995117,-1.1093750596046448,-1.0737303495407104,3.695943832397461
ale_05_5,27,3.8673620223999023,-2.067262649536133,0.5968751907348633,0.16145801544189453,5.934624671936035
ale_06_1,24,1.5735797882080078,0.9545202255249023,0.8002929836511612,0.46614575386047363,0.6190595626831055
ale_06_1,25,4.242555618286133,3.7137393951416016,-0.24296873807907104,-0.9855143427848816,0.5288162231445312
ale_06_1,26,4.138319969177246,2.767584800720215,1.3990234360098839,0.767049103975296,1.3707351684570312
ale_06_1,27,4.34361457824707,6.390403747558594,1.391406536102295,0.9427080154418945,-2.0467891693115234
ale_06_2,24,0.7195491790771484,1.6503868103027344,-0.7148437649011612,-0.6783853769302368,-0.9308376312255859
ale_06_2,25,4.288570404052734,4.0711822509765625,-1.3046875,-1.587727814912796,0.21738815307617188
ale_06_2,26,6.710803985595703,5.878351211547852,1.5207031667232513,1.2689615786075592,0.8324527740478516
ale_06_2,27,11.127363204956055,9.425983428955078,0.9281253814697266,0.5989580154418945,1.7013797760009766
ale_06_3,24,1.6019258499145508,1.643284797668457,-0.5352783203125,-0.6953125,-0.04135894775390625
ale_06_3,25,6.942294120788574,4.539451599121094,-1.6351562030613422,-2.409383138641715,2.4028425216674805
ale_06_3,26,7.338549613952637,3.7473983764648438,0.5257812440395355,-0.4983724355697632,3.591151237487793
ale_06_3,27,13.655728340148926,7.380556106567383,0.7406253814697266,-0.5885419845581055,6.275172233581543
ale_06_4,24,0.10878181457519531,-0.3826026916503906,-0.656445324420929,-0.7271330952644348,0.49138450622558594
ale_06_4,25,5.2346343994140625,3.129945755004883,-0.8542968034744263,-1.2569172382354736,2.1046886444091797
ale_06_4,26,4.748692512512207,3.6993141174316406,0.41484375298023224,0.0498046875,1.0493783950805664
ale_06_4,27,8.142627716064453,7.770081520080566,0.8781251907348633,1.1959638595581055,0.3725461959838867
ale_06_5,24,1.9514427185058594,-0.6905984878540039,-1.193847632035613,-1.6529947519302368,2.6420412063598633
ale_06_5,25,7.171874046325684,2.3797683715820312,-1.8578124046325684,-2.8974609375,4.792105674743652
ale_06_5,26,7.30220890045166,1.9102096557617188,0.6308594346046448,-0.6363933086395264,5.391999244689941
ale_06_5,27,11.815760612487793,3.77133846282959,0.8156251907348633,-1.182291030883789,8.044422149658203
ale_08_0,24,1.9937305450439453,-1.6461811065673828,0.9769531488418579,-1.6035156697034836,3.639911651611328
ale_08_0,25,4.875889778137207,-0.5518875122070312,0.1953125,-2.3847657442092896,5.427777290344238
ale_08_0,26,9.816195487976074,3.159468650817871,1.9328124523162842,-0.8963216543197632,6.656726837158203
ale_08_0,27,19.07046365737915,6.527071475982666,2.83984375,-0.9765625,12.543392181396484
ale_08_1,24,-0.8399105072021484,-0.6743049621582031,0.2269531488418579,-0.3046875,-0.1656055450439453
ale_08_1,25,0.216766357421875,1.393773078918457,0.2189575433731079,-0.17415356636047363,-1.177006721496582
ale_08_1,26,7.644952774047852,7.271002769470215,0.64453125,0.4329427108168602,0.3739500045776367
ale_08_1,27,13.518688201904297,7.034475326538086,1.8812499046325684,1.3125,6.484212875366211
ale_08_2,24,2.3347225189208984,0.8319854736328125,0.44023436307907104,-1.1640625,1.502737045288086
ale_08_2,25,2.897665023803711,1.7179412841796875,-0.09980463981628418,-1.4545899629592896,1.1797237396240234
ale_08_2,26,9.183496475219727,5.010859489440918,2.6145386695861816,0.5823567509651184,4.172636985778809
ale_08_2,27,18.261527061462402,8.213178634643555,3.8234376907348633,1.033853530883789,10.048348426818848
ale_08_3,24,4.257475852966309,2.4009971618652344,0.587719738483429,-1.0451660566031933,1.8564786911010742
ale_08_3,25,3.431521415710449,-0.7777290344238281,-0.43203115463256836,-2.3320311307907104,4.209250450134277
ale_08_3,26,7.368101119995117,1.7775545120239258,1.1605468541383743,-0.9832152724266052,5.590546607971191
ale_08_3,27,17.62370491027832,6.037609100341797,2.6281251907348633,0.24739551544189453,11.586095809936523
ale_08_4,24,-1.534749984741211,-4.3106689453125,-0.28203126788139343,-1.390950482338667,2.775918960571289
ale_08_4,25,1.3868494033813477,-3.942521095275879,-0.5828125476837158,-1.8093668222427368,5.329370498657227
ale_08_4,26,8.172819137573242,2.1183223724365234,1.1615234315395355,-0.234375,6.054496765136719
ale_08_4,27,16.6828670501709,3.6548986434936523,1.6007814407348633,-0.5729160308837891,13.027968406677246
ale_08_5,24,2.1606369018554688,-0.3242835998535156,0.3046875,-1.2161458134651184,2.4849205017089844
ale_08_5,25,3.4352006912231445,-1.1512107849121094,-0.5484374761581421,-2.2275391817092896,4.586411476135254
ale_08_5,26,7.66384220123291,2.434206008911133,0.9133789166808128,-1.0733234882354736,5.229636192321777
ale_08_5,27,14.740943431854248,5.6189680099487305,2.049999713897705,-0.09114551544189453,9.121975421905518
ale_09_3,24,1.2142744064331055,2.3210325241088867,-0.7281249463558197,-1.189290463924408,-1.1067581176757812
ale_09_3,25,-0.6712760925292969,-1.9849143028259277,-2.832421898841858,-3.5950520038604736,1.3136382102966309
ale_09_3,26,-1.444849967956543,-4.552750587463379,-0.6406249850988388,-0.8424479961395264,3.107900619506836
ale_09_3,27,5.447698593139648,-0.8593786960555008,0.02421855926513672,-0.47916603088378906,6.307077289195149
ale_09_5,24,-0.7221250534057617,-2.630643844604492,-1.1844483613967896,-2.0429686307907104,1.9085187911987305
ale_09_5,25,-3.154402732849121,-6.189113616943359,-3.0929688215255737,-4.359374761581421,3.0347108840942383
ale_09_5,26,-3.5011796951293945,-6.316519737243652,-0.8937500268220901,-1.62109375,2.815340042114258
ale_09_5,27,1.8801984786987305,-0.9346492935437709,-0.12812519073486328,-0.8893232345581055,2.8148477722425014
ale_11_0,24,3.2216997146606445,0.6370983123779297,0.10029304027557373,-1.2516276836395264,2.584601402282715
ale_11_0,25,4.691778182983398,0.26308250427246094,-1.2747070789337158,-3.256022036075592,4.4286956787109375
ale_11_0,26,3.959075927734375,-1.3077583312988281,0.4751953184604645,-1.4175822138786316,5.266834259033203
ale_11_0,27,10.727179050445557,2.577916145324707,0.3328123092651367,-2.6022138595581055,8.14926290512085
ale_11_2,24,4.333558082580566,2.5289440155029297,0.5865234136581421,-0.5901694297790527,1.8046140670776367
ale_11_2,25,5.520298004150391,3.896158218383789,-0.39533692598342896,-1.8929748833179474,1.6241397857666016
ale_11_2,26,6.251985549926758,2.4197988510131836,1.6433593779802322,-0.09281414747238159,3.832186698913574
ale_11_2,27,15.239914894104004,8.215927124023438,1.2335939407348633,-1.7005209922790527,7.023987770080566
ale_11_3,24,3.2595291137695312,1.4156742095947266,-0.3839843273162842,-1.3828126192092896,1.8438549041748047
ale_11_3,25,3.9735050201416016,0.5333843231201172,-1.522265613079071,-3.0237630009651184,3.4401206970214844
ale_11_3,26,3.135560989379883,-0.9330234527587891,-0.39921867847442627,-1.9046224355697632,4.068584442138672
ale_11_3,27,10.181238174438477,3.3853302001953125,-0.09375,-2.278646469116211,6.795907974243164
ale_11_4,24,1.6542682647705078,-0.2906608581542969,-0.5531250238418579,-1.3828125,1.9449291229248047
ale_11_4,25,3.122163772583008,-1.3825092315673828,-1.3109374642372131,-2.5813802778720856,4.504673004150391
ale_11_4,26,2.475940704345703,-2.470248222351074,-0.1515136957168579,-1.6676025986671448,4.946188926696777
ale_11_4,27,9.479823112487793,-0.1648855209350586,-0.3054685592651367,-2.6891274452209473,9.644708633422852
ale_11_5,24,2.6470584869384766,-0.033847808837890625,-0.47553718090057373,-1.6028646230697632,2.680906295776367
ale_11_5,25,3.857877731323242,-0.9773464202880859,-1.7550780773162842,-3.5986327528953552,4.835224151611328
ale_11_5,26,2.8905935287475586,-1.8468742370605469,0.025976568460464478,-1.879720002412796,4.7374677658081055
ale_11_5,27,10.134879112243652,2.836376667022705,0.7125000953674316,-2.0338544845581055,7.298502445220947
ale_14_0,24,-0.3363533020019531,-3.988741874694824,-0.7661132663488388,-2.8971354961395264,3.652388572692871
ale_14_0,25,2.325839042663574,-3.974198341369629,-1.734179675579071,-4.0465496480464935,6.300037384033203
ale_14_0,26,1.0899696350097656,-5.343913793563843,-0.19140625,-1.6580404043197632,6.433883428573608
ale_14_0,27,9.86323070526123,-0.4412502348466205,0.8703126907348633,-1.390625,10.304480940107851
ale_14_3,24,1.05548095703125,-1.194636344909668,-1.4031249582767487,-3.2469483613967896,2.250117301940918
ale_14_3,25,1.7391328811645508,-3.8126773834228516,-2.10429684817791,-4.416015783324838,5.551810264587402
ale_14_3,26,0.564697265625,-7.174840450286865,-0.8972655981779099,-2.6171875596046448,7.739537715911865
ale_14_3,27,10.586893558502197,-2.758885622077287,0.7375001907348633,-1.970376968383789,13.345779180579484
ale_14_5,24,0.14124393463134766,-2.6701297760009766,-1.7928710579872131,-3.5690104961395264,2.811373710632324
ale_14_5,25,1.6105155944824219,-4.120425224304199,-2.0867186546092853,-4.194986820220947,5.730940818786621
ale_14_5,26,0.030847549438476562,-7.153605699539185,-1.134374976158142,-2.693359375,7.184453248977661
ale_14_5,27,7.673755645751953,-3.911815456172917,0.6296877861022949,-1.598794937133789,11.58557110192487
ale_17_1,24,11.488332748413086,12.280945777893066,1.8035156726837158,1.2677409648895264,-0.7926130294799805
ale_17_1,25,10.617960929870605,10.764618873596191,0.4664062261581421,0.5507812574505806,-0.14665794372558594
ale_17_1,26,4.430837631225586,3.767637252807617,1.4742188453674316,1.2130534201860428,0.6632003784179688
ale_17_1,27,5.825623512268066,6.31089973449707,3.5625,4.213541507720947,-0.4852762222290039
ale_18_1,24,2.412515640258789,2.6253128051757812,0.7755859643220901,1.29296875,-0.2127971649169922
ale_18_1,25,2.3188209533691406,3.700305938720703,0.3414795398712158,0.8649088144302368,-1.3814849853515625
ale_18_1,26,1.5727977752685547,1.3732776641845703,0.8658202886581421,1.3493245840072632,0.19952011108398438
ale_18_1,27,3.5134286880493164,5.950528144836426,0.6160159111022949,1.1145830154418945,-2.4370994567871094
ale_18_5,24,7.0547332763671875,7.516958236694336,-0.09843754768371582,-0.42252612113952637,-0.46222496032714844
ale_18_5,25,3.744044303894043,3.0290184020996094,-0.9874999523162842,-1.787109136581421,0.7150259017944336
ale_18_5,26,2.998201370239258,0.4078807830810547,2.905859351158142,2.0292967967689037,2.590320587158203
ale_18_5,27,12.642276763916016,8.406035423278809,2.2718749046325684,0.7109375,4.236241340637207
ale_19_0,24,0.0773935317993164,-1.4319028854370117,-2.054687410593033,-1.785156324505806,1.5092964172363281
ale_19_0,25,1.8167047500610352,-3.1614418029785156,-1.9734375476837158,-2.076822817325592,4.978146553039551
ale_19_0,26,0.14842987060546875,-6.063373565673828,-1.19921875,-1.382161557674408,6.211803436279297
ale_19_0,27,7.591852188110352,-0.09087717785587301,-0.025390625,0.11328125,7.682729365966225
ale_19_2,24,0.4770164489746094,0.8513269424438477,-0.9871094226837158,-0.4451497793197632,-0.3743104934692383
ale_19_2,25,2.832986831665039,-1.3008356094360352,-1.50830078125,-1.2867025136947632,4.133822441101074
ale_19_2,26,3.02606201171875,-3.625779151916504,1.599023461341858,1.0232747793197632,6.651841163635254
ale_19_2,27,11.123693466186523,-0.011903823022294091,1.6781251430511475,1.0475263595581055,11.135597289208818
ale_19_3,24,0.165618896484375,1.737497329711914,-1.3664063215255737,-1.259765625,-1.571878433227539
ale_19_3,25,1.7884225845336914,0.23752593994140625,-1.90234375,-2.5006511211395264,1.5508966445922852
ale_19_3,26,-0.42771434783935547,-6.7751898765563965,-1.0966797471046448,-2.0730795115232468,6.347475528717041
ale_19_3,27,8.926392555236816,-3.3707402988657122,0.6304688453674316,-0.7779941558837891,12.297132854102529
ale_19_4,24,-0.8221654891967773,-1.2520437240600586,-2.2585937082767487,-1.4120279550552368,0.42987823486328125
ale_19_4,25,0.3699312210083008,-2.2206344604492188,-2.506250023841858,-1.8308919072151184,2.5905656814575195
ale_19_4,26,-1.019669532775879,-4.11111307144165,-1.0921874642372131,-0.8921712636947632,3.0914435386657715
ale_19_4,27,4.992892265319824,-0.050660357024753466,-0.3722653388977051,0.30647850036621094,5.043552622344578
ale_19_5,24,-0.33559608459472656,-0.9019927978515625,-2.095312476158142,-2.2408854365348816,0.5663967132568359
ale_19_5,25,0.7940807342529297,-1.9292221069335938,-2.290624976158142,-2.8626301288604736,2.7233028411865234
ale_19_5,26,-1.7697334289550781,-7.861972093582153,-1.895312488079071,-2.7067056596279144,6.092238664627075
ale_19_5,27,6.109734535217285,-3.808046604099218,-0.087890625,-0.9557285308837891,9.917781139316503
