neuron_id,layer,neuron_idx,kind,sets,freq_corr,freq_slope,direct_logit_std,abs_freq_corr_pctile
L16_N5504,16,5504,candidate,candidate_neurons_bf16,0.0699060931801796,0.0021666549146175385,0.04015447571873665,67.4
L16_N11414,16,11414,candidate,candidate_neurons_bf16,-0.0008671931573189795,-2.5402316168765537e-05,0.037950433790683746,0.8999999999999999
L17_N6267,17,6267,candidate,candidate_neurons_bf16,0.03301048278808594,0.0009081928292289376,0.035643916577100754,35.199999999999996
L17_N9538,17,9538,candidate,candidate_neurons_bf16,0.03098565898835659,0.001018764334730804,0.04259634390473366,32.7
L17_N9633,17,9633,candidate,candidate_neurons_bf16,-0.13317441940307617,-0.00462683942168951,0.04501144215464592,94.1
L18_N11446,18,11446,candidate,candidate_neurons_bf16,0.07902703434228897,0.0026670650113373995,0.043723732233047485,73.8
L18_N14080,18,14080,candidate,candidate_neurons_bf16,0.043282400816679,0.001262684352695942,0.03779573366045952,45.6
L19_N2836,19,2836,candidate,candidate_neurons_bf16,-0.010302985087037086,-0.00036801688838750124,0.04627687484025955,10.0
L19_N12887,19,12887,candidate,candidate_neurons_bf16,0.04072010517120361,0.00141964852809906,0.04516804590821266,42.9
L19_N18841,19,18841,candidate,candidate_neurons_bf16,-0.013557304628193378,-0.00039888740866445005,0.03811853751540184,13.700000000000001
L24_N2230,24,2230,candidate,candidate_neurons_bf16,0.1313321739435196,0.004114154726266861,0.04058529809117317,93.60000000000001
L16_N116,16,116,random,,-0.03716642037034035,-0.0012038210406899452,0.041963379830121994,39.5
L16_N253,16,253,random,,-0.045762211084365845,-0.0015465065371245146,0.043782852590084076,47.699999999999996
L16_N305,16,305,random,,0.11807498335838318,0.003935003653168678,0.04317641258239746,90.2
L16_N622,16,622,random,,-0.014310560189187527,-0.0004636479716282338,0.04197503626346588,14.6
L16_N819,16,819,random,,-0.06105390936136246,-0.0020487625151872635,0.04347478598356247,60.8
L16_N841,16,841,random,,-0.10799448192119598,-0.002582394750788808,0.03097992204129696,87.7
L16_N844,16,844,random,,-0.020687345415353775,-0.0006663922686129808,0.04173346981406212,21.3
L16_N976,16,976,random,,0.09060540795326233,0.0031434684060513973,0.04494840279221535,79.4
L16_N1016,16,1016,random,,-0.062161412090063095,-0.002037893747910857,0.0424736887216568,61.7
L16_N1029,16,1029,random,,0.024250701069831848,0.0007845047512091696,0.04191124439239502,26.0
L16_N1219,16,1219,random,,-0.054204221814870834,-0.001542226760648191,0.036861617118120193,55.2
L16_N1501,16,1501,random,,-0.03185424208641052,-0.0010116974590346217,0.041147422045469284,33.6
L16_N1507,16,1507,random,,0.05635913461446762,0.0018364855786785483,0.042216528207063675,57.3
L16_N1514,16,1514,random,,-0.03715009614825249,-0.0012441842118278146,0.04338943958282471,39.4
L16_N1643,16,1643,random,,-0.021272430196404457,-0.0006587657262571156,0.04012113809585571,22.1
L16_N1656,16,1656,random,,-0.09628795832395554,-0.003073966596275568,0.04136056452989578,82.69999999999999
L16_N1864,16,1864,random,,-0.06409516930580139,-0.0023908065631985664,0.048325732350349426,63.1
L16_N1986,16,1986,random,,-0.019218094646930695,-0.0006237115012481809,0.04204677790403366,19.6
L16_N2326,16,2326,random,,0.03096657618880272,0.0009907849598675966,0.04145200178027153,32.6
L16_N2400,16,2400,random,,0.060588326305150986,0.0020158523693680763,0.04310513660311699,60.4
L16_N2661,16,2661,random,,-0.08818002045154572,-0.0027158325538039207,0.03990175947546959,78.2
L16_N2750,16,2750,random,,0.05486712232232094,0.0017226903000846505,0.0406775027513504,55.900000000000006
L16_N2958,16,2958,random,,0.031213633716106415,0.0010197851806879044,0.042327601462602615,32.800000000000004
L16_N2989,16,2989,random,,0.03589540347456932,0.0010362362954765558,0.037400659173727036,38.2
L16_N2992,16,2992,random,,-0.029491640627384186,-0.0009728347649797797,0.04273654893040657,31.1
L16_N3024,16,3024,random,,0.021192265674471855,0.0006890487275086343,0.04212421923875809,21.9
L16_N3039,16,3039,random,,0.013745754957199097,0.0004098090576007962,0.038625333458185196,14.000000000000002
L16_N3054,16,3054,random,,0.01919257454574108,0.0006578248576261103,0.04440545663237572,19.5
L16_N3056,16,3056,random,,-0.1596687287092209,-0.0052444967441260815,0.042554281651973724,97.89999999999999
L16_N3176,16,3176,random,,-0.10141986608505249,-0.003176190424710512,0.04057352617383003,84.8
L16_N3184,16,3184,random,,0.05956229567527771,0.0018371094483882189,0.03995976224541664,59.199999999999996
L16_N3507,16,3507,random,,-0.11917183548212051,-0.004059172235429287,0.0441289022564888,90.8
L16_N3522,16,3522,random,,0.09526629000902176,0.002911256393417716,0.039591360837221146,82.19999999999999
L16_N3552,16,3552,random,,0.13276858627796173,0.004294755402952433,0.041908521205186844,93.89999999999999
L16_N3592,16,3592,random,,0.04111342877149582,0.0013138712383806705,0.041402675211429596,43.3
L16_N3632,16,3632,random,,0.03250207006931305,0.0010595349594950676,0.04223412275314331,34.2
L16_N3665,16,3665,random,,0.03728259727358818,0.0011928429594263434,0.04145113751292229,39.900000000000006
L16_N3749,16,3749,random,,-0.1296112835407257,-0.004501158371567726,0.04499256610870361,93.0
L16_N3779,16,3779,random,,-0.011037580668926239,-0.00033445670851506293,0.03925774246454239,10.6
L16_N4106,16,4106,random,,-0.13514870405197144,-0.004654880613088608,0.04462270811200142,94.5
L16_N4135,16,4135,random,,0.005770730786025524,0.00018407386960461736,0.04132574051618576,5.6000000000000005
L16_N4136,16,4136,random,,0.07001671940088272,0.0023284852504730225,0.0430854894220829,67.4
L16_N4447,16,4447,random,,0.012451459653675556,0.0004112636379431933,0.04279167577624321,12.4
L16_N4580,16,4580,random,,0.07647262513637543,0.002542898990213871,0.04308066889643669,72.8
L16_N4612,16,4612,random,,0.14093174040317535,0.004602139815688133,0.0423068031668663,95.6
L16_N4798,16,4798,random,,0.010618166998028755,0.0003345177392475307,0.04081585630774498,10.2
L16_N4884,16,4884,random,,0.1753794252872467,0.006351551506668329,0.04692026227712631,98.9
L16_N4993,16,4993,random,,-0.05163843557238579,-0.0017439117655158043,0.043753284960985184,53.1
L16_N5027,16,5027,random,,0.037214647978544235,0.0011104467557743192,0.03865833207964897,39.800000000000004
L16_N5045,16,5045,random,,-0.03719334676861763,-0.001198441255837679,0.04174560680985451,39.6
L16_N5098,16,5098,random,,-0.03612397238612175,-0.0011492635821923614,0.04121766611933708,38.4
L16_N5129,16,5129,random,,0.047895804047584534,0.001542226760648191,0.04171670973300934,49.9
L16_N5179,16,5179,random,,0.1553311049938202,0.0050965831615030766,0.04250890761613846,97.39999999999999
L16_N5231,16,5231,random,,-0.11500287055969238,-0.0039534540846943855,0.04453765228390694,89.4
L16_N5436,16,5436,random,,-0.018797803670167923,-0.0005998717970214784,0.041343823075294495,18.9
L16_N5607,16,5607,random,,0.009003299288451672,0.0003332907799631357,0.04796019196510315,8.5
L16_N5709,16,5709,random,,-0.08308520168066025,-0.002304571680724621,0.03593567758798599,76.3
L16_N5740,16,5740,random,,-0.06950650364160538,-0.0020448581781238317,0.03811509534716606,66.7
L16_N5804,16,5804,random,,-0.041504520922899246,-0.0013544632820412517,0.042279623448848724,43.7
L16_N5877,16,5877,random,,-0.01915987953543663,-0.0006192364962771535,0.04187193885445595,19.400000000000002
L16_N5911,16,5911,random,,0.03197692334651947,0.0010743888560682535,0.04352954402565956,33.900000000000006
L16_N5944,16,5944,random,,0.09518720209598541,0.002920032013207674,0.039743706583976746,82.0
L16_N6096,16,6096,random,,-0.02486424706876278,-0.0007558890501968563,0.03938601166009903,26.8
L16_N6146,16,6146,random,,0.102749302983284,0.0031962995417416096,0.04030211642384529,85.8
L16_N6328,16,6328,random,,0.07360060513019562,0.0022700189147144556,0.03995833918452263,70.7
L16_N6360,16,6360,random,,0.040943823754787445,0.0012598191387951374,0.03986383229494095,43.0
L16_N6698,16,6698,random,,-0.09138528257608414,-0.002900153398513794,0.041115351021289825,79.80000000000001
L16_N6950,16,6950,random,,0.01436796598136425,0.0004767650389112532,0.04299009591341019,14.799999999999999
L16_N7164,16,7164,random,,-0.011826894246041775,-0.0003981452900916338,0.043614424765110016,11.700000000000001
L16_N7225,16,7225,random,,-0.055832237005233765,-0.001635650172829628,0.037954624742269516,56.89999999999999
L16_N7275,16,7275,random,,-0.09408378601074219,-0.002987286075949669,0.04113592952489853,81.39999999999999
L16_N7362,16,7362,random,,0.0942501351237297,0.002993236994370818,0.04114512726664543,81.6
L16_N7501,16,7501,random,,0.04636945575475693,0.0016558789648115635,0.04626535251736641,48.6
L16_N7628,16,7628,random,,-0.035803355276584625,-0.0012334674829617143,0.044633734971284866,38.0
L16_N7648,16,7648,random,,0.009816775098443031,0.0003230204456485808,0.042630501091480255,9.1
L16_N7696,16,7696,random,,0.0774991363286972,0.0020871772430837154,0.03489167243242264,73.2
L16_N7733,16,7733,random,,-0.017824197188019753,-0.0005220106686465442,0.03794274106621742,17.8
L16_N7813,16,7813,random,,-0.005791666451841593,-0.00018688726413529366,0.041805699467659,5.7
L16_N7841,16,7841,random,,-0.117733895778656,-0.0040196822956204414,0.04423331469297409,89.9
L16_N7892,16,7892,random,,-0.07248208671808243,-0.0019078588811680675,0.03410160914063454,69.69999999999999
L16_N7908,16,7908,random,,0.014147375710308552,0.0004925419925712049,0.04510520398616791,14.299999999999999
L16_N8004,16,8004,random,,-0.07077520340681076,-0.0024191339034587145,0.04428310692310333,67.9
L16_N8132,16,8132,random,,-0.06742282956838608,-0.0017930754693225026,0.034454889595508575,65.3
L16_N8147,16,8147,random,,0.09407825022935867,0.003137509571388364,0.04320710152387619,81.3
L16_N8273,16,8273,random,,-0.04713983088731766,-0.0013577825156971812,0.037316545844078064,49.4
L16_N8524,16,8524,random,,-0.04702737182378769,-0.0013706133468076587,0.037759263068437576,49.3
L16_N8577,16,8577,random,,-0.08571404218673706,-0.002776442328467965,0.04196584224700928,77.60000000000001
L16_N8665,16,8665,random,,-0.026077641174197197,-0.0007894724840298295,0.03922184556722641,27.900000000000002
L16_N8763,16,8763,random,,0.05571204796433449,0.001605446101166308,0.03733411803841591,56.8
L16_N8764,16,8764,random,,-0.0030357204377651215,-9.957109432434663e-05,0.042494308203458786,3.1
L16_N8916,16,8916,random,,-0.05267919972538948,-0.0016221617115661502,0.03989461064338684,54.0
L16_N9128,16,9128,random,,-0.06371531635522842,-0.0019630829337984324,0.03991664946079254,62.9
L16_N9139,16,9139,random,,0.006636442616581917,0.00021496423869393766,0.04196527972817421,6.3
L16_N9362,16,9362,random,,0.004373244009912014,0.00012530428648460656,0.037121158093214035,4.1000000000000005
L16_N9425,16,9425,random,,-0.11789610236883163,-0.004143180325627327,0.04552958160638809,90.0
L16_N9509,16,9509,random,,0.033243294805288315,0.0010141520760953426,0.039523765444755554,35.5
L16_N9615,16,9615,random,,0.04949403554201126,0.001584622310474515,0.04147937148809433,51.300000000000004
L16_N9617,16,9617,random,,0.09412411600351334,0.0030265050008893013,0.04165813326835632,81.5
L16_N9641,16,9641,random,,0.063017837703228,0.0021288394927978516,0.04376618191599846,62.3
L16_N9779,16,9779,random,,0.15361623466014862,0.00476718507707119,0.04020538181066513,97.1
L16_N9840,16,9840,random,,-0.04257700592279434,-0.0012646510731428862,0.038481757044792175,44.5
L16_N9882,16,9882,random,,0.019904550164937973,0.0006663064123131335,0.043369147926568985,20.5
L16_N10123,16,10123,random,,-0.04549277573823929,-0.00156072445679456,0.04444706067442894,47.5
L16_N10134,16,10134,random,,0.13558116555213928,0.004394254647195339,0.04198992997407913,94.6
L16_N10171,16,10171,random,,0.03510796278715134,0.0009142989874817431,0.03373975679278374,36.6
L16_N10241,16,10241,random,,0.12322523444890976,0.004496768116950989,0.04727810621261597,91.5
L16_N10258,16,10258,random,,-0.16385003924369812,-0.00584001187235117,0.046177078038454056,98.2
L16_N10276,16,10276,random,,-0.07221346348524094,-0.002460229443386197,0.044138409197330475,69.5
L16_N10456,16,10456,random,,-0.15881763398647308,-0.005471636075526476,0.04463523253798485,97.6
L16_N10472,16,10472,random,,-0.046752169728279114,-0.001567533239722252,0.043438445776700974,49.0
L16_N10554,16,10554,random,,-0.03246582671999931,-0.001008584164083004,0.04024806246161461,34.1
L16_N10642,16,10642,random,,-0.10092653334140778,-0.0035606410820037127,0.045706938952207565,84.6
L16_N10745,16,10745,random,,-0.017890436574816704,-0.0005694637657143176,0.04123865067958832,18.0
L16_N10766,16,10766,random,,-0.055664774030447006,-0.0018304141703993082,0.042601827532052994,56.699999999999996
L16_N10928,16,10928,random,,0.09446629136800766,0.0032893118914216757,0.0451115258038044,81.8
L16_N11078,16,11078,random,,0.09234830737113953,0.0029346891678869724,0.04117109626531601,80.2
L16_N11253,16,11253,random,,-0.10238368809223175,-0.003624397562816739,0.04586319997906685,85.5
L16_N11298,16,11298,random,,-0.059612128883600235,-0.0019283012952655554,0.041908249258995056,59.3
L16_N11310,16,11310,random,,0.0133800795301795,0.0004330276569817215,0.04192916303873062,13.5
L16_N11467,16,11467,random,,-0.020827846601605415,-0.0006250790902413428,0.03888211399316788,21.6
L16_N11472,16,11472,random,,0.11049250513315201,0.0035031132865697145,0.041075292974710464,88.5
L16_N11552,16,11552,random,,-0.058979734778404236,-0.001919968519359827,0.0421745590865612,58.9
L16_N11589,16,11589,random,,0.16962964832782745,0.004846632014960051,0.03701668977737427,98.6
L16_N11701,16,11701,random,,0.03180006891489029,0.0010043107904493809,0.040916576981544495,33.5
L16_N11724,16,11724,random,,0.005012442823499441,0.0001732810924295336,0.0447879359126091,4.7
L16_N11825,16,11825,random,,0.10423591732978821,0.003361837472766638,0.041784826666116714,86.9
L16_N11881,16,11881,random,,-0.007379723247140646,-0.00024116727581713349,0.04233871027827263,6.800000000000001
L16_N11894,16,11894,random,,-0.06294221431016922,-0.001974244136363268,0.04063667729496956,62.2
L16_N12036,16,12036,random,,0.09567562490701675,0.0032079897355288267,0.043440110981464386,82.39999999999999
L16_N12059,16,12059,random,,-0.16547542810440063,-0.005489586386829615,0.042979899793863297,98.4
L16_N12285,16,12285,random,,-0.13361015915870667,-0.004580195527523756,0.04441235214471817,94.3
L16_N12455,16,12455,random,,0.05154304951429367,0.0016747917979955673,0.04209688678383827,53.0
L16_N12535,16,12535,random,,0.10191912204027176,0.003960844594985247,0.05034906417131424,85.3
L16_N12622,16,12622,random,,0.02194269187748432,0.0007183121633715928,0.042411401867866516,23.1
L16_N12677,16,12677,random,,-0.07773812115192413,-0.0026442203670740128,0.044067949056625366,73.3
L16_N12793,16,12793,random,,-0.060179490596055984,-0.002005681162700057,0.04317901283502579,59.8
L16_N12885,16,12885,random,,-0.08907470107078552,-0.002968441927805543,0.0431751124560833,78.7
L16_N12911,16,12911,random,,-0.00012679882638622075,-4.898845872958191e-06,0.05005389079451561,0.0
L16_N12929,16,12929,random,,0.11549632251262665,0.004183001350611448,0.04692228138446808,89.5
L16_N12991,16,12991,random,,-0.0028327780310064554,-9.68077511060983e-05,0.04427482560276985,2.8000000000000003
L16_N13011,16,13011,random,,-0.23910833895206451,-0.007849513553082943,0.04253116995096207,99.9
L16_N13046,16,13046,random,,-0.1253328025341034,-0.003973468206822872,0.0410737507045269,92.0
L16_N13126,16,13126,random,,0.16358128190040588,0.005530004855245352,0.04379768669605255,98.1
L16_N13130,16,13130,random,,0.032530076801776886,0.001091059297323227,0.04345327615737915,34.300000000000004
L16_N13272,16,13272,random,,0.055626705288887024,0.0018270830623805523,0.04255339503288269,56.599999999999994
L16_N13310,16,13310,random,,0.013917955569922924,0.00047149433521553874,0.04388946667313576,14.2
L16_N13386,16,13386,random,,0.11084973067045212,0.0034160874783992767,0.039925795048475266,88.6
L16_N13461,16,13461,random,,-0.010843462310731411,-0.0003512497351039201,0.04196694493293762,10.5
L16_N13594,16,13594,random,,0.017731277272105217,0.000573693192563951,0.041917845606803894,17.599999999999998
L16_N13595,16,13595,random,,-0.0932561531662941,-0.0030954754911363125,0.04300403594970703,80.9
L16_N13825,16,13825,random,,-0.09220054745674133,-0.0028812491800636053,0.040486160665750504,80.0
L16_N13874,16,13874,random,,-0.11618992686271667,-0.003929806873202324,0.04381895810365677,89.60000000000001
L16_N13931,16,13931,random,,-0.07128921896219254,-0.0022699979599565268,0.041253507137298584,68.60000000000001
L16_N14205,16,14205,random,,0.02219298854470253,0.0007092368905432522,0.041403286159038544,23.599999999999998
L16_N14294,16,14294,random,,0.051085714250802994,0.0015901608858257532,0.04032745957374573,52.6
L16_N14427,16,14427,random,,-0.07945563644170761,-0.002513980260118842,0.040991753339767456,74.0
L16_N14474,16,14474,random,,0.01489435788244009,0.0005061132251285017,0.04402356594800949,15.4
L16_N14520,16,14520,random,,-0.0827312022447586,-0.002807903103530407,0.043971575796604156,76.0
L16_N14538,16,14538,random,,-0.07245545834302902,-0.002516647567972541,0.044999800622463226,69.6
L16_N14736,16,14736,random,,0.1130639836192131,0.003909983206540346,0.04480328783392906,89.1
L16_N14762,16,14762,random,,0.053346823900938034,0.001710599521175027,0.04154311493039131,54.300000000000004
L16_N14812,16,14812,random,,0.06788166612386703,0.0022882267367094755,0.04367228224873543,65.4
L16_N14900,16,14900,random,,0.07082357257604599,0.0021441481076180935,0.039222583174705505,68.10000000000001
L16_N14997,16,14997,random,,0.025182655081152916,0.000818982080090791,0.04213394597172737,27.200000000000003
L16_N15054,16,15054,random,,0.026696553453803062,0.0008203041506931186,0.039808791130781174,28.299999999999997
L16_N15065,16,15065,random,,-0.11103382706642151,-0.003362161573022604,0.039230383932590485,88.7
L16_N15120,16,15120,random,,-0.17208385467529297,-0.005952529143542051,0.04481471702456474,98.8
L16_N15213,16,15213,random,,0.0983700230717659,0.003108398290351033,0.040938615798950195,83.6
L16_N15346,16,15346,random,,-0.011558336205780506,-0.00034493819111958146,0.03866386413574219,11.200000000000001
L16_N15358,16,15358,random,,0.06048576906323433,0.0019677758682519197,0.04214845225214958,60.099999999999994
L16_N15411,16,15411,random,,0.04929690808057785,0.0012959917075932026,0.03405977413058281,50.8
L16_N15605,16,15605,random,,0.061274994164705276,0.0018922786694020033,0.04000931233167648,60.9
L16_N15695,16,15695,random,,0.057422664016485214,0.0021461318247020245,0.04842083901166916,58.099999999999994
L16_N15924,16,15924,random,,0.011947921477258205,0.0003645108372438699,0.03952549770474434,12.0
L16_N16065,16,16065,random,,0.1205548569560051,0.004519874695688486,0.048573676496744156,91.0
L16_N16276,16,16276,random,,-0.00028404215117916465,-9.64965784078231e-06,0.04401375353336334,0.3
L16_N16468,16,16468,random,,-0.09243983030319214,-0.003582719247788191,0.05021262541413307,80.30000000000001
L16_N16533,16,16533,random,,-0.08676973730325699,-0.002671489492058754,0.03988819941878319,77.9
L16_N16579,16,16579,random,,-0.011931205168366432,-0.00037813137168996036,0.04105988144874573,11.899999999999999
L16_N16727,16,16727,random,,-0.05398784577846527,-0.0016865067882463336,0.04047169163823128,55.00000000000001
L16_N16887,16,16887,random,,0.03866416960954666,0.0012220552889630198,0.04094882309436798,40.8
L16_N16977,16,16977,random,,0.054826520383358,0.0019891024567186832,0.04700302332639694,55.800000000000004
L16_N17153,16,17153,random,,-0.1208624616265297,-0.004216937348246574,0.04520276561379433,91.10000000000001
L16_N17234,16,17234,random,,0.0030216265004128218,9.405180753674358e-05,0.04032604768872261,2.9000000000000004
L16_N17382,16,17382,random,,0.13876588642597198,0.004367699846625328,0.04077831655740738,95.1
L16_N17386,16,17386,random,,-0.009305067360401154,-0.00030157811124809086,0.041989389806985855,8.9
L16_N17455,16,17455,random,,0.13024254143238068,0.004646124318242073,0.04621651768684387,93.30000000000001
L16_N17559,16,17559,random,,-0.06536845117807388,-0.002193625085055828,0.04347639158368111,64.2
L16_N17595,16,17595,random,,0.04545341059565544,0.0014716923469677567,0.0419478602707386,47.3
L16_N17675,16,17675,random,,0.04101582616567612,0.001382217276841402,0.043660033494234085,43.1
L16_N17713,16,17713,random,,0.07292862981557846,0.002517146524041891,0.04471670091152191,70.19999999999999
L16_N17766,16,17766,random,,0.07296538352966309,0.002237712498754263,0.03973257541656494,70.39999999999999
L16_N17779,16,17779,random,,-0.046111222356557846,-0.0015858489787206054,0.04455684870481491,48.199999999999996
L16_N17870,16,17870,random,,0.13933049142360687,0.0053543816320598125,0.0497877411544323,95.3
L16_N18132,16,18132,random,,-0.095199815928936,-0.002893137978389859,0.039372436702251434,82.1
L16_N18150,16,18150,random,,0.04972057789564133,0.0016470104455947876,0.04291601851582527,51.5
L16_N18160,16,18160,random,,-0.010613343678414822,-0.000312951800879091,0.03820185735821724,10.100000000000001
L16_N18173,16,18173,random,,-0.0628945454955101,-0.0019996855407953262,0.04119153693318367,62.1
L16_N18265,16,18265,random,,0.04448691010475159,0.0014636220876127481,0.04262417554855347,46.7
L16_N18286,16,18286,random,,-0.012914600782096386,-0.0004213892971165478,0.04227287694811821,13.100000000000001
L16_N18396,16,18396,random,,0.06483528017997742,0.0020872021559625864,0.04170733317732811,63.9
L16_N18544,16,18544,random,,-0.00766572542488575,-0.00023954984499141574,0.040485721081495285,7.000000000000001
L16_N18667,16,18667,random,,-0.01896589994430542,-0.0005416779895313084,0.03700215369462967,19.2
L16_N18686,16,18686,random,,0.06306885927915573,0.0017617791891098022,0.03619059920310974,62.4
L16_N18806,16,18806,random,,-0.04937241971492767,-0.0017085965955629945,0.044834718108177185,51.1
L16_N18810,16,18810,random,,0.05760195851325989,0.0018333976622670889,0.041236210614442825,58.199999999999996
L16_N18899,16,18899,random,,0.12947973608970642,0.00429026922211051,0.04292813688516617,92.9
L17_N92,17,92,random,,0.07973524928092957,0.002623211359605193,0.042622823268175125,74.6
L17_N181,17,181,random,,-0.01005664374679327,-0.0003007850900758058,0.03874918073415756,9.6
L17_N486,17,486,random,,0.029981138184666634,0.0009779375977814198,0.042259301990270615,31.5
L17_N923,17,923,random,,0.007034435402601957,0.00019454423454590142,0.03583012893795967,6.5
L17_N1004,17,1004,random,,-0.1394854038953781,-0.0056540765799582005,0.05251606926321983,95.39999999999999
L17_N1020,17,1020,random,,-0.07166662067174911,-0.002738651819527149,0.049508433789014816,68.89999999999999
L17_N1051,17,1051,random,,-0.00798467081040144,-0.0002075664233416319,0.03367901220917702,7.5
L17_N1255,17,1255,random,,0.09567045420408249,0.0027088175993412733,0.03668268769979477,82.3
L17_N1282,17,1282,random,,0.07470082491636276,0.0023988941684365273,0.04160495102405548,71.3
L17_N1302,17,1302,random,,-0.017459625378251076,-0.0005885690334253013,0.043673884123563766,17.299999999999997
L17_N1370,17,1370,random,,0.04279487952589989,0.001195408869534731,0.03618961200118065,44.800000000000004
L17_N1373,17,1373,random,,-0.1670541614294052,-0.005934807006269693,0.046026572585105896,98.5
L17_N1420,17,1420,random,,0.02598855085670948,0.0009529988165013492,0.04750831052660942,27.800000000000004
L17_N1435,17,1435,random,,0.020774763077497482,0.0006957225850783288,0.04338696971535683,21.5
L17_N1452,17,1452,random,,-0.08352862298488617,-0.0026527955196797848,0.04114600643515587,76.6
L17_N1630,17,1630,random,,-0.027418537065386772,-0.0008829155121929944,0.041719019412994385,28.9
L17_N1863,17,1863,random,,0.133547842502594,0.0042535425163805485,0.04126417264342308,94.19999999999999
L17_N2245,17,2245,random,,-0.0062803346663713455,-0.0001821450423449278,0.03757455572485924,6.1
L17_N2248,17,2248,random,,0.023305600509047508,0.0007544773397967219,0.04194161668419838,24.7
L17_N2287,17,2287,random,,0.04715423658490181,0.0014884842094033957,0.040896184742450714,49.5
L17_N2339,17,2339,random,,-0.00860524084419012,-0.0002774694003164768,0.04177451133728027,8.0
L17_N2451,17,2451,random,,-0.08618566393852234,-0.0025094663724303246,0.03772294521331787,77.7
L17_N2490,17,2490,random,,0.1332617998123169,0.0047712200321257114,0.04638558626174927,94.1
L17_N2528,17,2528,random,,0.15331479907035828,0.005210481584072113,0.04403044283390045,96.89999999999999
L17_N2778,17,2778,random,,-0.10858964174985886,-0.003280354430899024,0.03913737088441849,88.0
L17_N2953,17,2953,random,,-0.07834036648273468,-0.002513507381081581,0.041567496955394745,73.6
L17_N2961,17,2961,random,,-0.02262536622583866,-0.0006935615092515945,0.03971445932984352,24.4
L17_N3172,17,3172,random,,0.010826857760548592,0.00036882460699416697,0.04413434863090515,10.4
L17_N3183,17,3183,random,,0.07787604629993439,0.0025780429132282734,0.042888958007097244,73.4
L17_N3396,17,3396,random,,0.060464173555374146,0.0019457708112895489,0.041692014783620834,60.0
L17_N3542,17,3542,random,,0.09072787314653397,0.003122490830719471,0.04458817467093468,79.5
L17_N3717,17,3717,random,,-0.0864386186003685,-0.002969717839732766,0.04451093077659607,77.8
L17_N3953,17,3953,random,,-0.046347085386514664,-0.0013878786703571677,0.03879612684249878,48.5
L17_N3976,17,3976,random,,-0.0696093887090683,-0.0020227436907589436,0.037647172808647156,66.8
L17_N4126,17,4126,random,,-0.0244397334754467,-0.0007529325084760785,0.03991341590881348,26.400000000000002
L17_N4136,17,4136,random,,-0.14837607741355896,-0.0044492436572909355,0.03884916007518768,96.3
L17_N4207,17,4207,random,,-0.051931221038103104,-0.0017161050345748663,0.04281289130449295,53.400000000000006
L17_N4233,17,4233,random,,0.0680038183927536,0.002134922659024596,0.04067318141460419,65.60000000000001
L17_N4330,17,4330,random,,-0.11874686926603317,-0.0035606513265520334,0.03884781524538994,90.4
L17_N4418,17,4418,random,,-0.09248054772615433,-0.003057672642171383,0.04283510521054268,80.4
L17_N4507,17,4507,random,,0.023651180788874626,0.0007940882351249456,0.04349859803915024,25.3
L17_N4550,17,4550,random,,-0.0771670937538147,-0.00224471278488636,0.03768668323755264,73.0
L17_N4572,17,4572,random,,0.05477900058031082,0.0017305149231106043,0.04092799872159958,55.7
L17_N4828,17,4828,random,,0.03194361552596092,0.0011164395837113261,0.045280423015356064,33.7
L17_N4888,17,4888,random,,-0.12860114872455597,-0.004635883029550314,0.04670322686433792,92.7
L17_N4942,17,4942,random,,-0.04059890657663345,-0.001343443407677114,0.04287107288837433,42.8
L17_N5009,17,5009,random,,0.032997015863657,0.001055386383086443,0.041437745094299316,35.099999999999994
L17_N5052,17,5052,random,,0.15466557443141937,0.006805064156651497,0.05700301751494408,97.3
L17_N5070,17,5070,random,,-0.07192618399858475,-0.0021605349611490965,0.03891648352146149,69.19999999999999
L17_N5233,17,5233,random,,0.025440912693738937,0.0007926655234768987,0.040366075932979584,27.6
L17_N5242,17,5242,random,,-0.03333694115281105,-0.0011273461859673262,0.04381176829338074,35.6
L17_N5307,17,5307,random,,0.005985940806567669,0.0001628117897780612,0.035238116979599,5.8999999999999995
L17_N5316,17,5316,random,,0.022620009258389473,0.0007411161786876619,0.042447566986083984,24.3
L17_N5324,17,5324,random,,-0.07989194989204407,-0.002401886275038123,0.038950107991695404,74.7
L17_N5424,17,5424,random,,-0.02047593705356121,-0.0005408020224422216,0.03421793878078461,21.0
L17_N5449,17,5449,random,,-0.07952500879764557,-0.0026630971115082502,0.04338529706001282,74.1
L17_N5704,17,5704,random,,-0.06820004433393478,-0.0021244101226329803,0.040356457233428955,65.9
L17_N5736,17,5736,random,,-0.05422880873084068,-0.001813312410376966,0.04332134127616882,55.300000000000004
L17_N5763,17,5763,random,,-0.005204852670431137,-0.00017276781727559865,0.04300447553396225,5.0
L17_N6222,17,6222,random,,0.050004616379737854,0.0014341569039970636,0.037157442420721054,51.800000000000004
L17_N6230,17,6230,random,,0.06432034820318222,0.0023430706933140755,0.047195035964250565,63.5
L17_N6232,17,6232,random,,0.11354344338178635,0.004247301258146763,0.04846299812197685,89.2
L17_N6276,17,6276,random,,-0.021368134766817093,-0.0007071526488289237,0.04287517070770264,22.6
L17_N6532,17,6532,random,,-0.02189307101070881,-0.0006947811925783753,0.041115034371614456,22.900000000000002
L17_N6543,17,6543,random,,0.027830328792333603,0.0008373495074920356,0.038980528712272644,29.2
L17_N6914,17,6914,random,,0.08992218226194382,0.0027975088451057673,0.04030546545982361,78.9
L17_N7010,17,7010,random,,-0.011771532706916332,-0.0004094013129360974,0.045058365911245346,11.600000000000001
L17_N7049,17,7049,random,,0.02805534191429615,0.0009028943022713065,0.041694674640893936,29.5
L17_N7076,17,7076,random,,0.06364589184522629,0.0019091159338131547,0.03886164724826813,62.8
L17_N7216,17,7216,random,,-0.0697287991642952,-0.002247642958536744,0.041761334985494614,67.10000000000001
L17_N7304,17,7304,random,,-0.08802855014801025,-0.0032685790210962296,0.048105500638484955,78.10000000000001
L17_N7362,17,7362,random,,0.008116516284644604,0.00022829203226137906,0.0364401675760746,7.8
L17_N7742,17,7742,random,,0.05717560276389122,0.0018641456263139844,0.042240437120199203,57.99999999999999
L17_N7859,17,7859,random,,-0.07810419052839279,-0.0025592437013983727,0.04245184734463692,73.5
L17_N8001,17,8001,random,,0.1040816605091095,0.0030892551876604557,0.03845376521348953,86.7
L17_N8176,17,8176,random,,-0.054938338696956635,-0.0017055256757885218,0.040219996124506,56.00000000000001
L17_N8372,17,8372,random,,0.029807351529598236,0.000967950327321887,0.042071595788002014,31.4
L17_N8666,17,8666,random,,-0.03287322074174881,-0.0009796302765607834,0.03860817104578018,34.9
L17_N8685,17,8685,random,,-0.038141731172800064,-0.001152198645286262,0.03913688659667969,40.300000000000004
L17_N8704,17,8704,random,,-0.03028479404747486,-0.0009574525174684823,0.04095923900604248,31.8
L17_N8742,17,8742,random,,-0.05500423535704613,-0.0017915652133524418,0.04219838231801987,56.10000000000001
L17_N8748,17,8748,random,,-0.05320911854505539,-0.0015996732981875539,0.038949739187955856,54.1
L17_N8750,17,8750,random,,-0.08182012289762497,-0.0030747782438993454,0.04868699237704277,75.7
L17_N8903,17,8903,random,,0.06986282765865326,0.002466680947691202,0.04574315622448921,67.30000000000001
L17_N8938,17,8938,random,,0.13104692101478577,0.003974559251219034,0.0392935685813427,93.4
L17_N9127,17,9127,random,,0.07640564441680908,0.0021576203871518373,0.0365854911506176,72.7
L17_N9357,17,9357,random,,-0.053518183529376984,-0.0017776506720110774,0.04303326457738876,54.7
L17_N9375,17,9375,random,,-0.01380044687539339,-0.0003886361082550138,0.036484573036432266,14.099999999999998
L17_N9416,17,9416,random,,0.11876547336578369,0.0042229206301271915,0.04606616124510765,90.5
L17_N9440,17,9440,random,,-0.032571811228990555,-0.0010098889470100403,0.04016900062561035,34.4
L17_N9482,17,9482,random,,-0.14194989204406738,-0.0047081331722438335,0.042970750480890274,95.7
L17_N9544,17,9544,random,,0.006584302522242069,0.00018278775678481907,0.03596637025475502,6.2
L17_N9812,17,9812,random,,0.020597539842128754,0.0005680741160176694,0.03573130816221237,21.2
L17_N9830,17,9830,random,,-0.056225214153528214,-0.00181371602229774,0.04179241135716438,57.199999999999996
L17_N9922,17,9922,random,,-0.09989690780639648,-0.0026593124493956566,0.03448868170380592,84.1
L17_N9965,17,9965,random,,0.0609416589140892,0.001986615126952529,0.042233657091856,60.699999999999996
L17_N10033,17,10033,random,,0.068565733730793,0.002271870616823435,0.042927518486976624,66.2
L17_N10182,17,10182,random,,0.09954597055912018,0.0034126155078411102,0.04441431537270546,83.89999999999999
L17_N10192,17,10192,random,,0.06923414021730423,0.002095012692734599,0.03920357674360275,66.60000000000001
L17_N10214,17,10214,random,,0.041433185338974,0.0013793105026707053,0.04312936216592789,43.6
L17_N10339,17,10339,random,,0.028366459533572197,0.0008251057006418705,0.03768458589911461,29.7
L17_N10766,17,10766,random,,-0.010749869048595428,-0.00033080720459111035,0.03986860811710358,10.299999999999999
L17_N10807,17,10807,random,,-0.08929510414600372,-0.0028906958177685738,0.041940536350011826,78.8
L17_N11029,17,11029,random,,0.06052727252244949,0.002354102209210396,0.05038873851299286,60.3
L17_N11063,17,11063,random,,-0.022644679993391037,-0.0007227234309539199,0.04134901985526085,24.5
L17_N11147,17,11147,random,,-0.11247342079877853,-0.0034971346613019705,0.040282994508743286,88.9
L17_N11197,17,11197,random,,0.0642680674791336,0.001837285002693534,0.037037402391433716,63.4
L17_N11436,17,11436,random,,0.0626022070646286,0.0017711905529722571,0.03665514290332794,61.9
L17_N11626,17,11626,random,,-0.03872819244861603,-0.0012813910143449903,0.04286607354879379,40.9
L17_N11884,17,11884,random,,0.021243959665298462,0.0006982662598602474,0.04258383810520172,22.0
L17_N11934,17,11934,random,,0.02189401350915432,0.000705584476236254,0.041752543300390244,23.0
L17_N12053,17,12053,random,,-0.0006946235662326217,-2.2104228264652193e-05,0.041227322071790695,0.6
L17_N12141,17,12141,random,,-0.011997084133327007,-0.0003632010775618255,0.03922208398580551,12.1
L17_N12252,17,12252,random,,-0.005414183717221022,-0.000178124537342228,0.04262359440326691,5.3
L17_N12327,17,12327,random,,-0.06969524919986725,-0.0022924740333110094,0.04261480271816254,67.0
L17_N12418,17,12418,random,,-0.016390414908528328,-0.00045806291745975614,0.0362071618437767,16.400000000000002
L17_N12496,17,12496,random,,0.02952452562749386,0.0009067067876458168,0.03978718817234039,31.3
L17_N12551,17,12551,random,,0.04269104078412056,0.0012379779946058989,0.03756950423121452,44.6
L17_N12569,17,12569,random,,0.036290138959884644,0.0012387152528390288,0.0442223846912384,38.5
L17_N12605,17,12605,random,,-0.09346690773963928,-0.002974266652017832,0.041226960718631744,81.0
L17_N12653,17,12653,random,,-0.023680008947849274,-0.0006713112234137952,0.03672834113240242,25.5
L17_N12735,17,12735,random,,0.014410527423024178,0.0004620206309482455,0.04153754189610481,14.899999999999999
L17_N13022,17,13022,random,,-0.018395889550447464,-0.0007057405891828239,0.04970311373472214,18.5
L17_N13230,17,13230,random,,0.06664004921913147,0.002588556846603751,0.050324760377407074,64.7
L17_N13251,17,13251,random,,0.07066509127616882,0.0021497185807675123,0.03941268101334572,67.7
L17_N13434,17,13434,random,,0.002164270495995879,7.40638206480071e-05,0.044335730373859406,2.3
L17_N13510,17,13510,random,,0.06416361778974533,0.002064612926915288,0.04168780893087387,63.2
L17_N13559,17,13559,random,,-0.07973165065050125,-0.0025438047014176846,0.04133446142077446,74.5
L17_N13767,17,13767,random,,-0.023352019488811493,-0.0006802350981160998,0.03773930296301842,24.8
L17_N13777,17,13777,random,,0.05518967658281326,0.0017433029133826494,0.04092364385724068,56.3
L17_N13794,17,13794,random,,-0.0842120572924614,-0.0029024570249021053,0.044653017073869705,77.0
L17_N13824,17,13824,random,,0.03043583780527115,0.0009782175766304135,0.04163988307118416,32.0
L17_N14083,17,14083,random,,-0.030590437352657318,-0.000965889950748533,0.04090734198689461,32.2
L17_N14086,17,14086,random,,-0.10193682461977005,-0.003420769004151225,0.04347623512148857,85.39999999999999
L17_N14176,17,14176,random,,-0.0508609265089035,-0.0016568052815273404,0.042203303426504135,52.5
L17_N14270,17,14270,random,,0.04677176848053932,0.001782056177034974,0.04936246946454048,49.1
L17_N14276,17,14276,random,,0.19009384512901306,0.007238748949021101,0.04933495447039604,99.3
L17_N14283,17,14283,random,,0.048423003405332565,0.0016476899618282914,0.04408421367406845,50.3
L17_N14335,17,14335,random,,-0.056613821536302567,-0.0021999406162649393,0.05034400522708893,57.4
L17_N14344,17,14344,random,,-0.0814274474978447,-0.0025775632821023464,0.04101075977087021,75.4
L17_N14358,17,14358,random,,0.0046361093409359455,0.00013991392916068435,0.039099082350730896,4.3999999999999995
L17_N14545,17,14545,random,,-0.018262678757309914,-0.0005659781745634973,0.040150824934244156,18.4
L17_N14555,17,14555,random,,-0.027122315019369125,-0.000976499286480248,0.04664492979645729,28.599999999999998
L17_N14585,17,14585,random,,-0.033194974064826965,-0.0013086912222206593,0.05107685923576355,35.3
L17_N14632,17,14632,random,,-0.10897073894739151,-0.0034189883153885603,0.04064873233437538,88.1
L17_N14719,17,14719,random,,0.03706510737538338,0.0011932486668229103,0.04170854017138481,39.2
L17_N14899,17,14899,random,,0.05138964205980301,0.0016060549532994628,0.04048965871334076,52.800000000000004
L17_N15076,17,15076,random,,-0.18804986774921417,-0.006468268111348152,0.04456298425793648,99.2
L17_N15083,17,15083,random,,0.1298159956932068,0.0043642777018249035,0.04355554282665253,93.10000000000001
L17_N15110,17,15110,random,,0.06011328101158142,0.0017571214120835066,0.037869591265916824,59.699999999999996
L17_N15147,17,15147,random,,-0.04407855123281479,-0.0013614597264677286,0.040016286075115204,46.0
L17_N15285,17,15285,random,,-0.04296013340353966,-0.0012742079561576247,0.038426779210567474,45.1
L17_N15371,17,15371,random,,-0.0833786353468895,-0.002522557508200407,0.03919634595513344,76.5
L17_N15449,17,15449,random,,-0.07676994800567627,-0.0028275640215724707,0.047717802226543427,72.89999999999999
L17_N15498,17,15498,random,,0.04168889671564102,0.001361529459245503,0.04231222718954086,44.1
L17_N15540,17,15540,random,,0.06176837161183357,0.002095872303470969,0.04396003484725952,61.3
L17_N15569,17,15569,random,,0.03157411888241768,0.0010086753172799945,0.041388481855392456,33.4
L17_N15866,17,15866,random,,-0.12748566269874573,-0.004621654283255339,0.0469672754406929,92.60000000000001
L17_N15976,17,15976,random,,0.053263984620571136,0.0019361070590093732,0.047092851251363754,54.2
L17_N16188,17,16188,random,,-0.04591080918908119,-0.0014021010138094425,0.03956613689661026,48.0
L17_N16230,17,16230,random,,-0.041376933455467224,-0.0012995026772841811,0.04068910703063011,43.5
L17_N16327,17,16327,random,,-0.04442087933421135,-0.001318728318437934,0.03846161067485809,46.6
L17_N16392,17,16392,random,,-0.07953708618879318,-0.00239467597566545,0.039006441831588745,74.2
L17_N16559,17,16559,random,,-0.13886141777038574,-0.005016922485083342,0.04680745676159859,95.19999999999999
L17_N16635,17,16635,random,,-0.09585516154766083,-0.0030621709302067757,0.041387882083654404,82.5
L17_N16654,17,16654,random,,0.08822984248399734,0.002939634956419468,0.04316554218530655,78.3
L17_N16696,17,16696,random,,0.06793493032455444,0.0023314293939620256,0.044461939483881,65.5
L17_N16788,17,16788,random,,0.07554715871810913,0.002447681501507759,0.04197552055120468,72.0
L17_N17096,17,17096,random,,0.06000180169939995,0.001927891164086759,0.04162723198533058,59.5
L17_N17248,17,17248,random,,0.13287490606307983,0.004428067244589329,0.04317481443285942,94.0
L17_N17349,17,17349,random,,-0.0484265573322773,-0.0013896352611482143,0.0371771864593029,50.4
L17_N17614,17,17614,random,,0.1290993094444275,0.0040174247696995735,0.04031652584671974,92.80000000000001
L17_N17669,17,17669,random,,0.022304710000753403,0.0008670249371789396,0.050360992550849915,24.0
L17_N17671,17,17671,random,,0.04930616170167923,0.001665683463215828,0.043767377734184265,50.9
L17_N17674,17,17674,random,,0.07637350261211395,0.0025348332710564137,0.0429997555911541,72.6
L17_N17701,17,17701,random,,-0.06811536103487015,-0.0023285618517547846,0.04428962245583534,65.7
L17_N17983,17,17983,random,,-0.012063661590218544,-0.00040077799349091947,0.0430411659181118,12.2
L17_N18065,17,18065,random,,0.009497675113379955,0.0002781886141747236,0.037947338074445724,9.0
L17_N18087,17,18087,random,,0.03580040857195854,0.0011099545517936349,0.04016765579581261,37.9
L17_N18394,17,18394,random,,0.08899976313114166,0.0028143313247710466,0.04096808284521103,78.60000000000001
L17_N18557,17,18557,random,,-0.10172329843044281,-0.0035391938872635365,0.04507577791810036,85.1
L17_N18585,17,18585,random,,-0.09742320328950882,-0.0033361248206347227,0.044364869594573975,83.3
L17_N18699,17,18699,random,,-0.042893409729003906,-0.0013580498052760959,0.04101894050836563,44.9
L17_N18711,17,18711,random,,-0.2152896672487259,-0.007982049137353897,0.0480341911315918,99.5
L17_N18736,17,18736,random,,-0.07054945826530457,-0.0022347713820636272,0.04103918746113777,67.60000000000001
L17_N18848,17,18848,random,,0.03265990689396858,0.0010550384176895022,0.04185165464878082,34.599999999999994
L18_N84,18,84,random,,0.05369139462709427,0.0015672470908612013,0.03781743347644806,54.800000000000004
L18_N307,18,307,random,,-0.10533417016267776,-0.0037341874558478594,0.04592890664935112,87.2
L18_N414,18,414,random,,-0.025285644456744194,-0.0007984777330420911,0.040911752730607986,27.400000000000002
L18_N463,18,463,random,,0.09960924834012985,0.003243726911023259,0.04218945652246475,84.0
L18_N718,18,718,random,,-0.011272246018052101,-0.00041684837196953595,0.04791008681058884,11.1
L18_N940,18,940,random,,0.07593752443790436,0.0023719321470707655,0.04046737402677536,72.2
L18_N1069,18,1069,random,,0.08140663802623749,0.002855685306712985,0.04544747620820999,75.3
L18_N1072,18,1072,random,,-0.027794327586889267,-0.00089984480291605,0.04194409027695656,29.099999999999998
L18_N1199,18,1199,random,,-0.04560580477118492,-0.001428700634278357,0.04058638587594032,47.599999999999994
L18_N1454,18,1454,random,,0.024535199627280235,0.0008879232336767018,0.046886201947927475,26.5
L18_N1491,18,1491,random,,-0.06343134492635727,-0.0018943874165415764,0.03869226574897766,62.7
L18_N1566,18,1566,random,,0.017382467165589333,0.000532996840775013,0.039725787937641144,17.1
L18_N1709,18,1709,random,,0.034594763070344925,0.0011236619902774692,0.04208085685968399,36.199999999999996
L18_N1717,18,1717,random,,0.0015207978431135416,5.179063737159595e-05,0.04412036016583443,1.6
L18_N1832,18,1832,random,,-0.03821587190032005,-0.001272172317840159,0.04312821477651596,40.5
L18_N1838,18,1838,random,,0.06472229957580566,0.0019019353203475475,0.03807159513235092,63.7
L18_N1879,18,1879,random,,0.025676636025309563,0.0008305263472720981,0.04190583899617195,27.700000000000003
L18_N2127,18,2127,random,,0.04358869045972824,0.0013842988992109895,0.04114483296871185,45.6
L18_N2159,18,2159,random,,0.09002407640218735,0.002722294069826603,0.03917740657925606,79.0
L18_N2168,18,2168,random,,0.03432030975818634,0.0012117831502109766,0.045743878930807114,36.1
L18_N2217,18,2217,random,,-0.015173308551311493,-0.0005381975788623095,0.04595372453331947,15.7
L18_N2274,18,2274,random,,-0.07416199147701263,-0.002067694440484047,0.03612137585878372,70.8
L18_N2321,18,2321,random,,0.04652133211493492,0.0012612494174391031,0.03512433171272278,48.8
L18_N2430,18,2430,random,,-0.006232373882085085,-0.0001994880585698411,0.041468918323516846,6.0
L18_N2584,18,2584,random,,0.024406997486948967,0.0007483108201995492,0.039721619337797165,26.3
L18_N2660,18,2660,random,,0.029269564896821976,0.0009692878229543567,0.042903799563646317,31.0
L18_N2670,18,2670,random,,0.09615279734134674,0.0030497554689645767,0.041092485189437866,82.6
L18_N2707,18,2707,random,,-0.041078705340623856,-0.0013707802863791585,0.0432325080037117,43.2
L18_N2748,18,2748,random,,-0.022209132090210915,-0.0006884324247948825,0.04015956446528435,23.7
L18_N2887,18,2887,random,,-0.0026282239705324173,-9.352194319944829e-05,0.046101007610559464,2.6
L18_N3096,18,3096,random,,0.12375491857528687,0.004272819496691227,0.04473128914833069,91.7
L18_N3246,18,3246,random,,-0.09720815718173981,-0.003345244564116001,0.04458455368876457,83.2
L18_N3314,18,3314,random,,-0.0841679722070694,-0.002445218851789832,0.03763831406831741,76.9
L18_N3361,18,3361,random,,0.05348219349980354,0.001798269571736455,0.04356170445680618,54.6
L18_N3394,18,3394,random,,-0.005177915096282959,-0.00016246044833678752,0.04064919799566269,4.9
L18_N3427,18,3427,random,,-0.018797412514686584,-0.0005952522624284029,0.041026290506124496,18.8
L18_N3550,18,3550,random,,0.09629399329423904,0.003158173756673932,0.04249091446399689,82.8
L18_N3798,18,3798,random,,0.024908551946282387,0.0008620411972515285,0.044837240129709244,27.0
L18_N3992,18,3992,random,,-0.07461024075746536,-0.0028045549988746643,0.04869953170418739,71.0
L18_N4137,18,4137,random,,0.1063503623008728,0.003995866049081087,0.04867783933877945,87.5
L18_N4263,18,4263,random,,0.002068381756544113,6.514255073852837e-05,0.04080311581492424,2.0
L18_N4286,18,4286,random,,0.0359848290681839,0.0011924414429813623,0.042931586503982544,38.3
L18_N4294,18,4294,random,,-0.12986524403095245,-0.003908209502696991,0.03898918628692627,93.2
L18_N4575,18,4575,random,,-0.10626065731048584,-0.0033963541500270367,0.04140947386622429,87.4
L18_N4741,18,4741,random,,0.06976530700922012,0.0021544029004871845,0.04000798240303993,67.2
L18_N4785,18,4785,random,,-0.10157117247581482,-0.0033161768224090338,0.04229864850640297,84.89999999999999
L18_N4946,18,4946,random,,0.11806551367044449,0.0033735556062310934,0.037018951028585434,90.10000000000001
L18_N5094,18,5094,random,,-0.14838314056396484,-0.0043779113329946995,0.038224488496780396,96.39999999999999
L18_N5157,18,5157,random,,-0.041168615221977234,-0.0014122603461146355,0.04444345831871033,43.4
L18_N5294,18,5294,random,,0.054173290729522705,0.0017975919181481004,0.04298977181315422,55.1
L18_N5329,18,5329,random,,-0.040440723299980164,-0.00133591762278229,0.04279766604304314,42.4
L18_N5391,18,5391,random,,-0.003485259832814336,-0.00011922721023438498,0.04431997612118721,3.5000000000000004
L18_N5498,18,5498,random,,0.019404051825404167,0.0006038120482116938,0.040315184742212296,19.8
L18_N5509,18,5509,random,,0.07967641204595566,0.0022914239671081305,0.03725932165980339,74.4
L18_N5717,18,5717,random,,0.041644271463155746,0.0012689406285062432,0.03947710618376732,43.8
L18_N5737,18,5737,random,,-0.05915152281522751,-0.002234663115814328,0.04894467070698738,59.0
L18_N5851,18,5851,random,,0.010585249401628971,0.0003269143053330481,0.0400121696293354,10.0
L18_N5879,18,5879,random,,0.03958505392074585,0.0012735967757180333,0.041683096438646317,41.8
L18_N5906,18,5906,random,,-0.09264214336872101,-0.003227679757401347,0.04513787850737572,80.60000000000001
L18_N6041,18,6041,random,,-0.015181153081357479,-0.0005029109888710082,0.0429186075925827,15.8
L18_N6121,18,6121,random,,-0.03888949379324913,-0.0013965679099783301,0.04652528837323189,41.199999999999996
L18_N6181,18,6181,random,,0.10066445916891098,0.003686243901029229,0.04744245484471321,84.39999999999999
L18_N6219,18,6219,random,,0.003058014204725623,9.693668107502162e-05,0.041068412363529205,3.2
L18_N6220,18,6220,random,,-0.030851608142256737,-0.0009304041159339249,0.03907087445259094,32.4
L18_N6432,18,6432,random,,0.07284153997898102,0.0028442582115530968,0.05058819428086281,70.0
L18_N6464,18,6464,random,,-0.10340074449777603,-0.003642725758254528,0.04564172774553299,86.1
L18_N6482,18,6482,random,,-0.06089990958571434,-0.001975257182493806,0.04202099144458771,60.5
L18_N6671,18,6671,random,,-0.024675145745277405,-0.0007100777584128082,0.037282541394233704,26.6
L18_N6693,18,6693,random,,-0.06194320321083069,-0.002407012740150094,0.05034356936812401,61.5
L18_N6907,18,6907,random,,0.053354885429143906,0.0017960317200049758,0.0436113066971302,54.400000000000006
L18_N6921,18,6921,random,,-0.10407418757677078,-0.0033816827926784754,0.042096804827451706,86.6
L18_N6967,18,6967,random,,0.03521852195262909,0.0010278889676555991,0.037812408059835434,36.9
L18_N7066,18,7066,random,,0.00994589552283287,0.0003473878023214638,0.045251183211803436,9.4
L18_N7119,18,7119,random,,-0.06616407632827759,-0.0022089204285293818,0.043253086507320404,64.60000000000001
L18_N7133,18,7133,random,,-0.12663830816745758,-0.0041523766703903675,0.04248061776161194,92.5
L18_N7186,18,7186,random,,-0.11889050900936127,-0.0036552962847054005,0.03983223810791969,90.60000000000001
L18_N7253,18,7253,random,,0.0026546011213213205,8.483689452987164e-05,0.04140423610806465,2.7
L18_N7260,18,7260,random,,0.08262700587511063,0.0030481896828860044,0.0477946475148201,75.9
L18_N7361,18,7361,random,,-0.011616743169724941,-0.00041080694063566625,0.04581552371382713,11.4
L18_N7388,18,7388,random,,0.03863522410392761,0.0011547146132215858,0.03872134909033775,40.699999999999996
L18_N7454,18,7454,random,,0.11625824868679047,0.00402797618880868,0.04488718882203102,89.7
L18_N7540,18,7540,random,,-0.08016183227300644,-0.002901614410802722,0.04689551517367363,74.8
L18_N7786,18,7786,random,,-0.022393381223082542,-0.0007622177945449948,0.04409797862172127,24.2
L18_N7796,18,7796,random,,0.012601228430867195,0.0004018012259621173,0.04131023585796356,12.7
L18_N7821,18,7821,random,,-0.0034199347719550133,-0.00010169971210416406,0.03852664679288864,3.4000000000000004
L18_N7846,18,7846,random,,0.017914382740855217,0.0006948927184566855,0.05025452747941017,18.099999999999998
L18_N8024,18,8024,random,,0.07175139337778091,0.002420702949166298,0.043708961457014084,69.0
L18_N8044,18,8044,random,,0.01747911237180233,0.0006548966048285365,0.048541441559791565,17.4
L18_N8101,18,8101,random,,-0.047822289168834686,-0.0014160308055579662,0.03836202993988991,49.8
L18_N8237,18,8237,random,,0.04853438958525658,0.0015650124987587333,0.04177606478333473,50.5
L18_N8257,18,8257,random,,0.022015780210494995,0.0007261462742462754,0.04273161292076111,23.3
L18_N8270,18,8270,random,,-0.06250661611557007,-0.0018511612433940172,0.03836873918771744,61.8
L18_N8311,18,8311,random,,0.01881531812250614,0.0006569032557308674,0.045232344418764114,19.0
L18_N8952,18,8952,random,,0.05514443293213844,0.0018179360777139664,0.04271065443754196,56.2
L18_N9000,18,9000,random,,-0.10529590398073196,-0.003337918082252145,0.0410698838531971,87.1
L18_N9052,18,9052,random,,0.03504663705825806,0.0012498128926381469,0.04620169848203659,36.5
L18_N9132,18,9132,random,,0.030095556750893593,0.0009657364571467042,0.04157339408993721,31.6
L18_N9232,18,9232,random,,-0.07158385217189789,-0.002450146246701479,0.044344134628772736,68.7
L18_N9338,18,9338,random,,0.12377864122390747,0.004633121658116579,0.04849391430616379,91.8
L18_N9401,18,9401,random,,0.093084417283535,0.0035023449454456568,0.0487462542951107,80.80000000000001
L18_N9406,18,9406,random,,-0.1589992493391037,-0.005968861281871796,0.048635754734277725,97.7
L18_N9783,18,9783,random,,-0.013636725023388863,-0.000418271025409922,0.039738088846206665,13.900000000000002
L18_N9784,18,9784,random,,0.00731902988627553,0.0002456493675708771,0.0434831865131855,6.7
L18_N9802,18,9802,random,,0.05074109882116318,0.0016010776162147522,0.04088008776307106,52.400000000000006
L18_N9828,18,9828,random,,-0.1953657865524292,-0.00665614940226078,0.044140152633190155,99.4
L18_N9899,18,9899,random,,0.10845034569501877,0.003207895439118147,0.03832203522324562,87.9
L18_N10000,18,10000,random,,-0.0394759438931942,-0.0011883986881002784,0.0390021875500679,41.699999999999996
L18_N10043,18,10043,random,,-0.07464274019002914,-0.002593448618426919,0.04501418396830559,71.2
L18_N10124,18,10124,random,,-0.14836455881595612,-0.00535286869853735,0.04674290493130684,96.2
L18_N10160,18,10160,random,,-0.08277503401041031,-0.0028797679115086794,0.045073095709085464,76.1
L18_N10165,18,10165,random,,-0.04952756687998772,-0.0017001356463879347,0.04447294399142265,51.4
L18_N10211,18,10211,random,,-0.012781679630279541,-0.00040748846367932856,0.04130348190665245,12.9
L18_N10278,18,10278,random,,-0.06528257578611374,-0.002204558113589883,0.04375055804848671,64.0
L18_N10286,18,10286,random,,0.028131937608122826,0.0010365962516516447,0.04773854836821556,29.599999999999998
L18_N10463,18,10463,random,,0.1774054616689682,0.00739807216450572,0.054026998579502106,99.0
L18_N10476,18,10476,random,,-0.06902408599853516,-0.0025261081755161285,0.04741443321108818,66.5
L18_N10705,18,10705,random,,0.08550375699996948,0.0028424125630408525,0.043068647384643555,77.4
L18_N10751,18,10751,random,,-0.0020896655041724443,-6.772623601136729e-05,0.04198937863111496,2.1
L18_N10893,18,10893,random,,-0.018578728660941124,-0.0006332964403554797,0.044162165373563766,18.6
L18_N11059,18,11059,random,,-0.017674678936600685,-0.0006193544249981642,0.045399073511362076,17.5
L18_N11099,18,11099,random,,0.06188337132334709,0.0017512108897790313,0.036662641912698746,61.4
L18_N11146,18,11146,random,,0.026498818770051003,0.000864959554746747,0.04228910803794861,28.199999999999996
L18_N11152,18,11152,random,,-0.0003323624550830573,-9.650046195019968e-06,0.03761635348200798,0.4
L18_N11270,18,11270,random,,0.017054852098226547,0.0005582455778494477,0.04240691289305687,17.0
L18_N11502,18,11502,random,,-0.0286415982991457,-0.0009947663638740778,0.0449969545006752,30.2
L18_N11504,18,11504,random,,0.02901010401546955,0.0010117738274857402,0.0451849140226841,30.599999999999998
L18_N11506,18,11506,random,,0.01669296994805336,0.0005026804865337908,0.03901375085115433,16.900000000000002
L18_N11528,18,11528,random,,-0.22539539635181427,-0.006739377975463867,0.038737718015909195,99.7
L18_N11641,18,11641,random,,-0.09023316204547882,-0.0026206071488559246,0.03762660548090935,79.10000000000001
L18_N11746,18,11746,random,,-0.07096745073795319,-0.0018930630758404732,0.03455931693315506,68.2
L18_N11866,18,11866,random,,-0.09505420178174973,-0.0031359868589788675,0.04274272173643112,81.89999999999999
L18_N11948,18,11948,random,,-0.06576747447252274,-0.002196681685745716,0.043272823095321655,64.4
L18_N11985,18,11985,random,,0.15353259444236755,0.005848151631653309,0.04934887960553169,97.0
L18_N12217,18,12217,random,,0.017450915649533272,0.0006061720196157694,0.045002531260252,17.2
L18_N12265,18,12265,random,,0.05827099829912186,0.0019994063768535852,0.0444536954164505,58.699999999999996
L18_N12481,18,12481,random,,-0.07919137179851532,-0.002304850844666362,0.03770719841122627,73.8
L18_N12485,18,12485,random,,-0.07218991965055466,-0.00205641589127481,0.036905717104673386,69.39999999999999
L18_N12694,18,12694,random,,-0.007609373889863491,-0.000237385364016518,0.04041702300310135,6.9
L18_N12969,18,12969,random,,0.000810813216958195,2.7317439162288792e-05,0.04364941641688347,0.8
L18_N13024,18,13024,random,,-0.0684039369225502,-0.002265189541503787,0.04290251433849335,66.10000000000001
L18_N13042,18,13042,random,,0.05711612105369568,0.0018625179072842002,0.04224750027060509,57.9
L18_N13065,18,13065,random,,-0.0975840836763382,-0.0032206743489950895,0.04275896027684212,83.39999999999999
L18_N13122,18,13122,random,,-0.2341419905424118,-0.008329101838171482,0.04608696699142456,99.8
L18_N13145,18,13145,random,,0.061609406024217606,0.002391120418906212,0.05028214305639267,61.199999999999996
L18_N13189,18,13189,random,,0.0013482116628438234,4.619398168870248e-05,0.04439014941453934,1.3
L18_N13306,18,13306,random,,0.043068766593933105,0.0013557092752307653,0.040781524032354355,45.300000000000004
L18_N13379,18,13379,random,,-0.011098595336079597,-0.00031888074590824544,0.0372236967086792,10.9
L18_N13491,18,13491,random,,0.04075342416763306,0.001326304511167109,0.0421636737883091,42.9
L18_N13596,18,13596,random,,0.06147146224975586,0.0020519690588116646,0.0432470478117466,61.1
L18_N13858,18,13858,random,,0.02839195914566517,0.0008626963826827705,0.03936605527997017,29.799999999999997
L18_N13861,18,13861,random,,-0.035839442163705826,-0.0011633841786533594,0.04205534607172012,38.1
L18_N14051,18,14051,random,,0.02338363230228424,0.0007337217102758586,0.04065169766545296,24.9
L18_N14112,18,14112,random,,0.13252396881580353,0.004311028402298689,0.04214496538043022,93.8
L18_N14281,18,14281,random,,0.029117554426193237,0.0009735999046824872,0.04331964999437332,30.9
L18_N14356,18,14356,random,,-0.05194758251309395,-0.0016798822907730937,0.041896022856235504,53.5
L18_N14390,18,14390,random,,-0.01192129123955965,-0.00037710132892243564,0.04098208621144295,11.799999999999999
L18_N14413,18,14413,random,,-0.15920980274677277,-0.005491752177476883,0.04468897730112076,97.8
L18_N14547,18,14547,random,,0.12540896236896515,0.004494319204241037,0.04642956703901291,92.10000000000001
L18_N14623,18,14623,random,,0.04804423823952675,0.0016703454311937094,0.04504268243908882,50.1
L18_N14651,18,14651,random,,0.06875687092542648,0.0023231282830238342,0.043774016201496124,66.3
L18_N14857,18,14857,random,,-0.011558488942682743,-0.0003682404349092394,0.041275255382061005,11.3
L18_N14860,18,14860,random,,0.03208618238568306,0.0009764322312548757,0.0394260548055172,34.0
L18_N14867,18,14867,random,,-0.0569126270711422,-0.0017137033864855766,0.03901093080639839,57.599999999999994
L18_N14877,18,14877,random,,0.136357381939888,0.0051641748286783695,0.049066100269556046,94.69999999999999
L18_N14909,18,14909,random,,-0.09809605777263641,-0.0029299526941031218,0.038696203380823135,83.5
L18_N15059,18,15059,random,,-0.04842015728354454,-0.0016365734627470374,0.04378935694694519,50.2
L18_N15064,18,15064,random,,0.005140235181897879,0.00015335749776568264,0.03865283355116844,4.8
L18_N15315,18,15315,random,,-0.026873361319303513,-0.0008906822185963392,0.04293980076909065,28.4
L18_N15368,18,15368,random,,0.15448710322380066,0.0053228470496833324,0.044638652354478836,97.2
L18_N15381,18,15381,random,,-0.008705737069249153,-0.000289817777229473,0.04312992841005325,8.3
L18_N15481,18,15481,random,,-0.06145863234996796,-0.002026420086622238,0.04271750524640083,61.0
L18_N15498,18,15498,random,,0.0729343593120575,0.002288674935698509,0.0406547412276268,70.3
L18_N15585,18,15585,random,,-0.09428804367780685,-0.0034549024421721697,0.04747209697961807,81.69999999999999
L18_N15789,18,15789,random,,0.1516313999891281,0.004890429321676493,0.041784681379795074,96.7
L18_N15906,18,15906,random,,-0.04941781610250473,-0.0016359280562028289,0.04288840666413307,51.2
L18_N15945,18,15945,random,,0.014988421462476254,0.0004462665237952024,0.03857426717877388,15.5
L18_N15989,18,15989,random,,-0.08321046829223633,-0.0027142143808305264,0.04225960373878479,76.4
L18_N16142,18,16142,random,,0.02840082347393036,0.0008416086784563959,0.03839180991053581,29.9
L18_N16216,18,16216,random,,-0.007690018974244595,-0.0002628709771670401,0.0442868210375309,7.1
L18_N16399,18,16399,random,,0.0968017578125,0.00310843950137496,0.04160240292549133,83.0
L18_N16403,18,16403,random,,0.09043146669864655,0.002781609306111932,0.039850689470767975,79.2
L18_N16561,18,16561,random,,-0.06692502647638321,-0.002166080754250288,0.04193197935819626,64.9
L18_N16624,18,16624,random,,-0.02512109838426113,-0.0007961349911056459,0.04105890542268753,27.1
L18_N16637,18,16637,random,,0.07121235132217407,0.002213079947978258,0.040262531489133835,68.5
L18_N16670,18,16670,random,,0.008657412603497505,0.0002924582513514906,0.04376580938696861,8.1
L18_N16812,18,16812,random,,0.0012212167493999004,4.2556777771096677e-05,0.04514766484498978,1.0999999999999999
L18_N16890,18,16890,random,,-0.02054695226252079,-0.0006632163422182202,0.04181836545467377,21.099999999999998
L18_N17003,18,17003,random,,-0.11903420835733414,-0.004089280962944031,0.044507626444101334,90.7
L18_N17015,18,17015,random,,-0.03579815477132797,-0.0013005409855395555,0.04706766456365585,37.8
L18_N17081,18,17081,random,,0.000801904359832406,2.326501635252498e-05,0.037587206810712814,0.7000000000000001
L18_N17191,18,17191,random,,-0.03902542591094971,-0.001487667323090136,0.04938754439353943,41.3
L18_N17456,18,17456,random,,-0.043211791664361954,-0.0014052800834178925,0.04213275760412216,45.5
L18_N17586,18,17586,random,,0.008888031356036663,0.0003021082957275212,0.0440368615090847,8.4
L18_N17634,18,17634,random,,0.012133515439927578,0.00038608815521001816,0.041224848479032516,12.3
L18_N17891,18,17891,random,,0.028723929077386856,0.0009468797943554819,0.042708102613687515,30.3
L18_N17968,18,17968,random,,0.12648159265518188,0.004359191749244928,0.04465169087052345,92.4
L18_N18105,18,18105,random,,0.039281852543354034,0.001260975725017488,0.041588570922613144,41.4
L18_N18314,18,18314,random,,0.051536452025175095,0.0015946802450343966,0.04008836671710014,52.900000000000006
L18_N18598,18,18598,random,,0.031237240880727768,0.0010295198298990726,0.042699359357357025,32.9
L18_N18632,18,18632,random,,-0.07517508417367935,-0.0026573946233838797,0.04579746350646019,71.8
L18_N18651,18,18651,random,,0.08206348866224289,0.002821939066052437,0.04455094411969185,75.8
L18_N18867,18,18867,random,,0.021124104037880898,0.0006559567991644144,0.04023057222366333,21.8
L18_N18882,18,18882,random,,-0.023650435730814934,-0.0007625377620570362,0.04177163913846016,25.2
L18_N18929,18,18929,random,,-0.0052811149507761,-0.00014862409443594515,0.036460522562265396,5.1
L19_N51,19,51,random,,0.036801643669605255,0.0012496317503973842,0.043992042541503906,39.1
L19_N55,19,55,random,,-0.0177427027374506,-0.0005289354012347758,0.0386226586997509,17.7
L19_N106,19,106,random,,-0.08446597307920456,-0.002698286669328809,0.041387151926755905,77.10000000000001
L19_N172,19,172,random,,-0.06315509974956512,-0.0020333866123110056,0.041712936013936996,62.5
L19_N193,19,193,random,,0.043638356029987335,0.00142923544626683,0.042432110756635666,45.7
L19_N502,19,502,random,,-0.0009924714686349034,-2.9259497750899754e-05,0.03819514438509941,0.8999999999999999
L19_N565,19,565,random,,0.05004286393523216,0.0015679702628403902,0.040593355894088745,51.9
L19_N638,19,638,random,,-0.056849405169487,-0.0019178191432729363,0.04370599612593651,57.49999999999999
L19_N640,19,640,random,,-0.011045216582715511,-0.0003806254535447806,0.04464603215456009,10.7
L19_N759,19,759,random,,-0.013561789877712727,-0.00039559631841257215,0.03779153525829315,13.700000000000001
L19_N951,19,951,random,,0.019694123417139053,0.0006581121124327183,0.043293483555316925,20.0
L19_N1020,19,1020,random,,0.040514182299375534,0.0014519341057166457,0.04643004387617111,42.6
L19_N1093,19,1093,random,,0.07515566051006317,0.002114557195454836,0.036451637744903564,71.7
L19_N1268,19,1268,random,,0.0704294741153717,0.0023359516635537148,0.042970333248376846,67.5
L19_N1430,19,1430,random,,-0.021295446902513504,-0.0007223139982670546,0.043943896889686584,22.3
L19_N1431,19,1431,random,,-0.13167773187160492,-0.0046656872145831585,0.04590526968240738,93.60000000000001
L19_N1691,19,1691,random,,0.014344104565680027,0.00044142926344648004,0.039870068430900574,14.7
L19_N1775,19,1775,random,,-0.22400601208209991,-0.007600374054163694,0.043957654386758804,99.6
L19_N1795,19,1795,random,,-0.008040471002459526,-0.00025768906925804913,0.041521571576595306,7.7
L19_N1921,19,1921,random,,0.06737031787633896,0.002093145390972495,0.040252238512039185,65.2
L19_N2040,19,2040,random,,-0.0013794658007100224,-4.6425127948168665e-05,0.04360150173306465,1.4000000000000001
L19_N2081,19,2081,random,,-0.049740202724933624,-0.0015864934539422393,0.041322823613882065,51.7
L19_N2237,19,2237,random,,0.03152087330818176,0.000962349062319845,0.039554301649332047,33.300000000000004
L19_N2280,19,2280,random,,-0.014304693788290024,-0.0004134551854804158,0.03744632378220558,14.499999999999998
L19_N2292,19,2292,random,,0.02843874879181385,0.0008850469021126628,0.040319494903087616,30.0
L19_N2391,19,2391,random,,0.04737004265189171,0.0017195054097101092,0.04702827334403992,49.6
L19_N2408,19,2408,random,,0.13117298483848572,0.004456146154552698,0.04401232674717903,93.5
L19_N2427,19,2427,random,,-0.0658649429678917,-0.002179458038881421,0.04287000000476837,64.5
L19_N2582,19,2582,random,,-0.023657241836190224,-0.0007870208355598152,0.04310040920972824,25.4
L19_N2586,19,2586,random,,-0.08042188733816147,-0.002648170804604888,0.04266100004315376,75.1
L19_N2635,19,2635,random,,0.02341425232589245,0.0007471760618500412,0.041342999786138535,25.0
L19_N2885,19,2885,random,,-0.056944701820611954,-0.0018549853703007102,0.042203303426504135,57.699999999999996
L19_N2978,19,2978,random,,-0.007172491401433945,-0.00023918987426441163,0.04320480674505234,6.6000000000000005
L19_N2989,19,2989,random,,0.09949766099452972,0.0033425551373511553,0.04352361708879471,83.8
L19_N3164,19,3164,random,,0.09392596036195755,0.0028626739513128996,0.03948621824383736,81.10000000000001
L19_N3169,19,3169,random,,-0.014255899004638195,-0.00045712824794463813,0.04154346510767937,14.399999999999999
L19_N3225,19,3225,random,,-0.03195760026574135,-0.0011733605060726404,0.0475681833922863,33.800000000000004
L19_N3244,19,3244,random,,0.00812479481101036,0.000277249637292698,0.04420973360538483,7.9
L19_N3361,19,3361,random,,0.04896920919418335,0.00164368178229779,0.04348645359277725,50.6
L19_N3468,19,3468,random,,-0.011694429442286491,-0.0003990757395513356,0.044211532920598984,11.5
L19_N3494,19,3494,random,,0.025374433025717735,0.0007521986262872815,0.038405679166316986,27.500000000000004
L19_N3633,19,3633,random,,-0.07120541483163834,-0.0022372365929186344,0.04070597514510155,68.4
L19_N3643,19,3643,random,,0.0905311107635498,0.003373308340087533,0.04827446863055229,79.3
L19_N3738,19,3738,random,,0.06687833368778229,0.0018620672635734081,0.036071911454200745,64.8
L19_N3748,19,3748,random,,0.06736060976982117,0.002145933685824275,0.0412733368575573,65.10000000000001
L19_N3760,19,3760,random,,0.03658584877848625,0.0012419956037774682,0.04398111626505852,38.800000000000004
L19_N3965,19,3965,random,,0.05871647223830223,0.0018818273674696684,0.041522081941366196,58.8
L19_N3978,19,3978,random,,0.12162367254495621,0.004162466153502464,0.044339608401060104,91.3
L19_N4182,19,4182,random,,-0.04015548899769783,-0.0013386583887040615,0.04319009184837341,42.199999999999996
L19_N4225,19,4225,random,,0.04300226271152496,0.0013964693062007427,0.0420725978910923,45.2
L19_N4369,19,4369,random,,0.05005183443427086,0.0017905051354318857,0.0463462769985199,52.0
L19_N4388,19,4388,random,,-0.005401676520705223,-0.00017027303692884743,0.04083913937211037,5.2
L19_N4446,19,4446,random,,0.134028822183609,0.004663281142711639,0.04507676512002945,94.39999999999999
L19_N4681,19,4681,random,,0.004444392863661051,0.000151835847645998,0.044260989874601364,4.2
L19_N4689,19,4689,random,,0.08147793263196945,0.002688813954591751,0.04275432229042053,75.5
L19_N5182,19,5182,random,,0.05431414768099785,0.0016129562864080071,0.03847413882613182,55.50000000000001
L19_N5215,19,5215,random,,-0.028930669650435448,-0.0010450504487380385,0.04679916799068451,30.5
L19_N5408,19,5408,random,,-0.11001750826835632,-0.003873775014653802,0.04561753571033478,88.4
L19_N5702,19,5702,random,,0.04053853824734688,0.001346177188679576,0.0430222824215889,42.699999999999996
L19_N5755,19,5755,random,,0.03964192420244217,0.0013444493524730206,0.043938878923654556,41.9
L19_N5913,19,5913,random,,0.055202700197696686,0.001684666029177606,0.03953782469034195,56.39999999999999
L19_N5954,19,5954,random,,0.050519879907369614,0.0015526186907663941,0.03981638327240944,52.300000000000004
L19_N6137,19,6137,random,,-0.03777662292122841,-0.0011362314689904451,0.03896753862500191,40.1
L19_N6239,19,6239,random,,-0.030871927738189697,-0.0009688586578704417,0.04065892845392227,32.5
L19_N6291,19,6291,random,,-0.014806444756686687,-0.0005363491363823414,0.04693059250712395,15.299999999999999
L19_N6559,19,6559,random,,0.04009876772761345,0.0013583453837782145,0.043887265026569366,42.1
L19_N7002,19,7002,random,,-0.06209870055317879,-0.0019546605180948973,0.04078008234500885,61.6
L19_N7004,19,7004,random,,0.03290083631873131,0.0009132442064583302,0.03596162050962448,35.0
L19_N7190,19,7190,random,,0.014677370898425579,0.00042442564154043794,0.03746386989951134,15.2
L19_N7288,19,7288,random,,-0.07251899689435959,-0.002343372907489538,0.0418647862970829,69.8
L19_N7348,19,7348,random,,0.07068008184432983,0.0025725022424012423,0.04715393856167793,67.80000000000001
L19_N7395,19,7395,random,,0.1259213089942932,0.0035539367236196995,0.036565352231264114,92.30000000000001
L19_N7653,19,7653,random,,-0.030831340700387955,-0.0010842292103916407,0.04556044563651085,32.300000000000004
L19_N7667,19,7667,random,,-0.038053467869758606,-0.0013083926169201732,0.04454542323946953,40.2
L19_N7839,19,7839,random,,0.03381306678056717,0.0011507815215736628,0.04409279674291611,35.9
L19_N7986,19,7986,random,,-0.0022860681638121605,-8.55792241054587e-05,0.04849963262677193,2.4
L19_N7990,19,7990,random,,-0.007867765612900257,-0.0002613433462101966,0.04303475096821785,7.3999999999999995
L19_N7994,19,7994,random,,-0.029035456478595734,-0.0009439056739211082,0.0421171709895134,30.8
L19_N8024,19,8024,random,,-0.03672795742750168,-0.0013457543682307005,0.04747099429368973,39.0
L19_N8123,19,8123,random,,0.000646833679638803,2.2461217668023892e-05,0.044988345354795456,0.5
L19_N8185,19,8185,random,,0.02090153843164444,0.0006276126368902624,0.03890207037329674,21.7
L19_N8195,19,8195,random,,0.08782616257667542,0.0026628158520907164,0.03928045183420181,78.0
L19_N8228,19,8228,random,,0.031310562044382095,0.0011091032065451145,0.04589235782623291,33.0
L19_N8266,19,8266,random,,-0.013201508671045303,-0.00042667731759138405,0.04187311232089996,13.3
L19_N8396,19,8396,random,,0.09671316295862198,0.003307237522676587,0.04430360719561577,82.89999999999999
L19_N8684,19,8684,random,,0.01290367916226387,0.0004215195949655026,0.042321737855672836,13.0
L19_N8794,19,8794,random,,0.10048425942659378,0.0031597078777849674,0.040738794952631,84.2
L19_N8845,19,8845,random,,-0.05705863609910011,-0.001811134978197515,0.041123371571302414,57.8
L19_N8877,19,8877,random,,0.0856911838054657,0.0028044532518833876,0.042400531470775604,77.5
L19_N8951,19,8951,random,,-0.0035928015131503344,-0.00012146987137384713,0.04380207136273384,3.6999999999999997
L19_N8994,19,8994,random,,0.027119170874357224,0.0009605040540918708,0.04588619992136955,28.499999999999996
L19_N9066,19,9066,random,,-0.0033888164907693863,-0.0001141280954470858,0.043631866574287415,3.3000000000000003
L19_N9114,19,9114,random,,-0.019661180675029755,-0.0006657608901150525,0.04387003183364868,19.900000000000002
L19_N9117,19,9117,random,,0.04291428253054619,0.0014295321889221668,0.04315700754523277,45.0
L19_N9233,19,9233,random,,0.07286438345909119,0.0026254747062921524,0.04668225347995758,70.1
L19_N9425,19,9425,random,,0.1489008665084839,0.0053678518161177635,0.046704910695552826,96.5
L19_N9486,19,9486,random,,-0.0030232819262892008,-9.26498178159818e-05,0.03970316797494888,3.0
L19_N9563,19,9563,random,,0.10295327752828598,0.003208801383152604,0.040379591286182404,86.0
L19_N9688,19,9688,random,,0.16424569487571716,0.005482440814375877,0.043245334178209305,98.3
L19_N9746,19,9746,random,,0.033783551305532455,0.0011005778796970844,0.0422060564160347,35.8
L19_N9899,19,9899,random,,0.11118030548095703,0.003445281879976392,0.04014728590846062,88.8
L19_N10110,19,10110,random,,-0.1046205461025238,-0.003340695984661579,0.04136940464377403,87.0
L19_N10167,19,10167,random,,0.06888329982757568,0.0023728315718472004,0.044628504663705826,66.4
L19_N10240,19,10240,random,,-0.14347206056118011,-0.005111196078360081,0.04615454375743866,95.8
L19_N10360,19,10360,random,,0.0763668343424797,0.0026523901615291834,0.044997863471508026,72.5
L19_N10561,19,10561,random,,0.0757632777094841,0.002585220616310835,0.044207725673913956,72.1
L19_N10650,19,10650,random,,0.001877486938610673,6.011008736095391e-05,0.041479140520095825,1.9
L19_N10688,19,10688,random,,-0.1478758007287979,-0.005163345020264387,0.04523695260286331,96.1
L19_N10726,19,10726,random,,0.10820315778255463,0.0037743726279586554,0.04519226402044296,87.8
L19_N10756,19,10756,random,,0.049724094569683075,0.0013647235464304686,0.035557981580495834,51.6
L19_N10763,19,10763,random,,0.11833485215902328,0.0036623014602810144,0.040095970034599304,90.3
L19_N10842,19,10842,random,,0.056183747947216034,0.001864790334366262,0.04300100356340408,56.99999999999999
L19_N10921,19,10921,random,,0.02070734277367592,0.0005929851904511452,0.0371004119515419,21.4
L19_N11014,19,11014,random,,0.03929029777646065,0.0012595058651641011,0.041531167924404144,41.5
L19_N11087,19,11087,random,,0.020064890384674072,0.0006610825075767934,0.04268528148531914,20.599999999999998
L19_N11118,19,11118,random,,-0.045133937150239944,-0.0015166394878178835,0.04353499040007591,47.099999999999994
L19_N11149,19,11149,random,,0.021433483809232712,0.0007110569858923554,0.04298044368624687,22.7
L19_N11401,19,11401,random,,-0.021293040364980698,-0.0007736001280136406,0.04706933721899986,22.2
L19_N11455,19,11455,random,,-0.150333434343338,-0.005833801813423634,0.05027538165450096,96.6
L19_N11609,19,11609,random,,-0.03394909203052521,-0.00114780745934695,0.04380262643098831,36.0
L19_N11863,19,11863,random,,0.10283368825912476,0.002900260267779231,0.03653935343027115,85.9
L19_N11937,19,11937,random,,-0.10401687771081924,-0.0033581960014998913,0.04182746261358261,86.5
L19_N11991,19,11991,random,,0.0014071613550186157,4.5885914005339146e-05,0.04224689304828644,1.5
L19_N12077,19,12077,random,,0.024192864075303078,0.0007451082346960902,0.039901696145534515,25.900000000000002
L19_N12142,19,12142,random,,0.015468843281269073,0.0005113916122354567,0.042830683290958405,16.1
L19_N12155,19,12155,random,,-0.02401631698012352,-0.000827414623927325,0.04463505372405052,25.8
L19_N12157,19,12157,random,,-0.08024079352617264,-0.0027770777232944965,0.04483860358595848,75.0
L19_N12163,19,12163,random,,0.10386964678764343,0.0035661510191857815,0.0444805733859539,86.3
L19_N12236,19,12236,random,,-0.023508120328187943,-0.0008407232817262411,0.0463334321975708,25.1
L19_N12504,19,12504,random,,-0.10751093924045563,-0.003679068759083748,0.0443347804248333,87.6
L19_N12651,19,12651,random,,0.10542474687099457,0.0034867229405790567,0.04284835606813431,87.3
L19_N12669,19,12669,random,,0.02475370466709137,0.0008282507187686861,0.04334918037056923,26.700000000000003
L19_N12964,19,12964,random,,0.06967178732156754,0.002258977619931102,0.04200627654790878,66.9
L19_N12997,19,12997,random,,0.10395172983407974,0.003771612886339426,0.04700614884495735,86.4
L19_N13107,19,13107,random,,0.0753469467163086,0.0024245213717222214,0.041688818484544754,71.89999999999999
L19_N13373,19,13373,random,,0.14553497731685638,0.0052881548181176186,0.04707561805844307,96.0
L19_N13470,19,13470,random,,-0.08059237152338028,-0.0023060166276991367,0.03707044571638107,75.2
L19_N13541,19,13541,random,,-0.07325449585914612,-0.0023881716188043356,0.042236752808094025,70.5
L19_N13580,19,13580,random,,-0.054243698716163635,-0.0016059463378041983,0.038356680423021317,55.400000000000006
L19_N13619,19,13619,random,,-0.08357119560241699,-0.002963177626952529,0.045936767011880875,76.7
L19_N13631,19,13631,random,,-0.018711412325501442,-0.0005919242394156754,0.04098442196846008,18.7
L19_N13701,19,13701,random,,0.10904236137866974,0.003994836937636137,0.04746386408805847,88.2
L19_N13730,19,13730,random,,-0.03815242275595665,-0.001204473664984107,0.040901049971580505,40.400000000000006
L19_N13894,19,13894,random,,0.03142200782895088,0.0011100666597485542,0.04576931521296501,33.2
L19_N13962,19,13962,random,,0.03134172782301903,0.001070053898729384,0.044232554733753204,33.1
L19_N13968,19,13968,random,,-0.04435165226459503,-0.001284753903746605,0.03752920776605606,46.5
L19_N14111,19,14111,random,,-0.05619724467396736,-0.0017427768325433135,0.04017778858542442,57.099999999999994
L19_N14433,19,14433,random,,0.027319250628352165,0.0009493568795733154,0.045021504163742065,28.799999999999997
L19_N14476,19,14476,random,,-0.10245739668607712,-0.0031844251789152622,0.04026678949594498,85.6
L19_N14484,19,14484,random,,0.01887448877096176,0.0005818512290716171,0.03993889316916466,19.1
L19_N14490,19,14490,random,,0.11686702072620392,0.004051818512380123,0.04491768032312393,89.8
L19_N14507,19,14507,random,,-0.011073538102209568,-0.00035040450165979564,0.04099609702825546,10.8
L19_N14571,19,14571,random,,0.022299405187368393,0.0007487252587452531,0.04349992051720619,23.9
L19_N14747,19,14747,random,,0.09401512145996094,0.0029704635962843895,0.04093414917588234,81.2
L19_N14796,19,14796,random,,0.1009596586227417,0.003217263612896204,0.041285548359155655,84.7
L19_N14808,19,14808,random,,-0.013467530719935894,-0.00043436139822006226,0.04178520292043686,13.600000000000001
L19_N14865,19,14865,random,,0.0077490657567977905,0.0002862561959773302,0.047859132289886475,7.199999999999999
L19_N14920,19,14920,random,,0.06092254817485809,0.0019531622529029846,0.04153551161289215,60.6
L19_N14978,19,14978,random,,0.07493036985397339,0.0022308933548629284,0.03857271373271942,71.5
L19_N15162,19,15162,random,,0.03632887825369835,0.0011669897940009832,0.04161734879016876,38.6
L19_N15202,19,15202,random,,-0.032586146146059036,-0.0010536203626543283,0.04189000651240349,34.5
L19_N15218,19,15218,random,,0.07866412401199341,0.002471301471814513,0.04070129990577698,73.7
L19_N15232,19,15232,random,,0.06540266424417496,0.0021979380398988724,0.043539080768823624,64.3
L19_N15264,19,15264,random,,-0.07616089284420013,-0.0027331362944096327,0.04649311304092407,72.3
L19_N15398,19,15398,random,,0.05762328580021858,0.002227446297183633,0.05008048564195633,58.3
L19_N15405,19,15405,random,,-0.10061903297901154,-0.003620564006268978,0.04661818593740463,84.3
L19_N15680,19,15680,random,,0.13960081338882446,0.004577978048473597,0.04248591884970665,95.5
L19_N15684,19,15684,random,,0.044064078480005264,0.001464151544496417,0.043048761785030365,45.9
L19_N15810,19,15810,random,,0.01915663667023182,0.0005649131489917636,0.03820512816309929,19.3
L19_N15913,19,15913,random,,0.09935569763183594,0.003252389607951045,0.04241007938981056,83.7
L19_N16009,19,16009,random,,0.08405154943466187,0.002790505066514015,0.04301266744732857,76.8
L19_N16062,19,16062,random,,-0.04409832879900932,-0.0015666753752157092,0.04602736979722977,46.2
L19_N16083,19,16083,random,,-0.0197551678866148,-0.0006500314921140671,0.04262977093458176,20.200000000000003
L19_N16199,19,16199,random,,0.17134344577789307,0.006075101438909769,0.045935168862342834,98.7
L19_N16235,19,16235,random,,-0.016452670097351074,-0.0005350970313884318,0.04213619977235794,16.7
L19_N16302,19,16302,random,,0.00016652540944050997,5.744824647990754e-06,0.044694650918245316,0.1
L19_N16479,19,16479,random,,-0.08303248137235641,-0.002759497845545411,0.04305675998330116,76.2
L19_N16509,19,16509,random,,-0.004688839893788099,-0.0001482724183006212,0.04096889868378639,4.5
L19_N16540,19,16540,random,,-0.044647492468357086,-0.0015152307460084558,0.04396843537688255,46.800000000000004
L19_N16758,19,16758,random,,-0.12435873597860336,-0.0036798056680709124,0.038336098194122314,91.9
L19_N16821,19,16821,random,,0.019803019240498543,0.0006557709421031177,0.04290224611759186,20.3
L19_N16862,19,16862,random,,0.009938225150108337,0.00030636717565357685,0.039938587695360184,9.3
L19_N16959,19,16959,random,,-0.022095192223787308,-0.0007865293882787228,0.04611863195896149,23.400000000000002
L19_N16965,19,16965,random,,-0.06378012895584106,-0.002009820891544223,0.04082547500729561,63.0
L19_N17005,19,17005,random,,0.1587892770767212,0.005826088134199381,0.04753518104553223,97.5
L19_N17172,19,17172,random,,0.0012499438598752022,4.1500879888189957e-05,0.04301561042666435,1.2
L19_N17404,19,17404,random,,0.060281362384557724,0.0021058288402855396,0.045258406549692154,59.9
L19_N17451,19,17451,random,,0.008026848547160625,0.0002563353627920151,0.041373543441295624,7.6
L19_N17565,19,17565,random,,-0.07183467596769333,-0.0022544197272509336,0.04065930098295212,69.1
L19_N17877,19,17877,random,,-0.08539485186338425,-0.0030999763403087854,0.04703119024634361,77.3
L19_N17952,19,17952,random,,-0.07253819704055786,-0.002296559978276491,0.04101760685443878,69.89999999999999
L19_N18015,19,18015,random,,0.14414136111736298,0.006796551402658224,0.061088476330041885,95.89999999999999
L19_N18035,19,18035,random,,0.04469071328639984,0.0015385242877528071,0.04460117965936661,46.9
L19_N18063,19,18063,random,,-0.07943246513605118,-0.0028260964900255203,0.04609441012144089,73.9
L19_N18077,19,18077,random,,-0.05223562940955162,-0.0016721882857382298,0.04147415980696678,53.800000000000004
L19_N18136,19,18136,random,,0.01335956808179617,0.00048311284626834095,0.04685062915086746,13.4
L19_N18379,19,18379,random,,-0.04604445770382881,-0.0013580136001110077,0.03821079432964325,48.1
L19_N18381,19,18381,random,,0.06457867473363876,0.002360037062317133,0.04734662175178528,63.6
L19_N18404,19,18404,random,,-0.07078000158071518,-0.0024020555429160595,0.04396750405430794,68.0
L19_N18448,19,18448,random,,0.02789265476167202,0.0009179610060527921,0.04263769090175629,29.299999999999997
L19_N18521,19,18521,random,,0.02386796846985817,0.0007331622764468193,0.039796411991119385,25.6
L19_N18587,19,18587,random,,-0.13839936256408691,-0.004644569009542465,0.0434781052172184,95.0
L19_N18672,19,18672,random,,0.051148369908332825,0.0016884802607819438,0.042768444865942,52.7
L19_N18838,19,18838,random,,0.016664549708366394,0.0005501954583451152,0.04277427867054939,16.8
L24_N13,24,13,random,,-0.0058561027981340885,-0.00019549569697119296,0.04325016587972641,5.800000000000001
L24_N18,24,18,random,,0.09080518037080765,0.0033112047240138054,0.047242701053619385,79.60000000000001
L24_N332,24,332,random,,0.0111735500395298,0.00038340495666489005,0.04445553570985794,11.0
L24_N376,24,376,random,,-0.030209405347704887,-0.0010188518790528178,0.0436946339905262,31.7
L24_N448,24,448,random,,-0.05788220092654228,-0.002008386654779315,0.044953301548957825,58.5
L24_N666,24,666,random,,0.07961411029100418,0.0025060982443392277,0.0407818965613842,74.3
L24_N679,24,679,random,,-0.04619744047522545,-0.0016357211861759424,0.045872315764427185,48.3
L24_N699,24,699,random,,0.004924454726278782,0.0001613683270988986,0.042454078793525696,4.6
L24_N869,24,869,random,,-0.006750608794391155,-0.00022441757027991116,0.043069835752248764,6.4
L24_N992,24,992,random,,-0.03557061776518822,-0.0012310186866670847,0.04483658820390701,37.5
L24_N1176,24,1176,random,,0.053460054099559784,0.0018672856967896223,0.045252300798892975,54.50000000000001
L24_N1180,24,1180,random,,0.12093421071767807,0.003959157038480043,0.0424143522977829,91.2
L24_N1202,24,1202,random,,0.1127299815416336,0.0041970144957304,0.04823478311300278,89.0
L24_N1236,24,1236,random,,0.04395977035164833,0.0015600519254803658,0.04597724601626396,45.800000000000004
L24_N1306,24,1306,random,,0.07158946245908737,0.0027350776363164186,0.04949711263179779,68.8
L24_N1345,24,1345,random,,-0.08855544775724411,-0.0030816365033388138,0.04508431255817413,78.4
L24_N1349,24,1349,random,,-0.06831642240285873,-0.002358650788664818,0.044729892164468765,66.0
L24_N1715,24,1715,random,,-0.012767637148499489,-0.00042663057683967054,0.04329130798578262,12.8
L24_N1756,24,1756,random,,0.03541130572557449,0.0013197092339396477,0.04828315228223801,37.2
L24_N1815,24,1815,random,,0.03110332600772381,0.001064885058440268,0.04435628652572632,32.7
L24_N1840,24,1840,random,,-0.02489481307566166,-0.0008396480698138475,0.043696604669094086,26.900000000000002
L24_N1965,24,1965,random,,-0.002128210850059986,-7.12586406734772e-05,0.04337926581501961,2.1999999999999997
L24_N1973,24,1973,random,,0.11963985115289688,0.003633196232840419,0.03934343531727791,90.9
L24_N2226,24,2226,random,,0.026338092982769012,0.0009212121949531138,0.045314233750104904,28.1
L24_N2242,24,2242,random,,-0.020273076370358467,-0.0006751829641871154,0.04314803704619408,20.7
L24_N2386,24,2386,random,,-0.04637042433023453,-0.0015092578250914812,0.04216786473989487,48.699999999999996
L24_N2577,24,2577,random,,-0.029523899778723717,-0.0009963137563318014,0.04372015967965126,31.2
L24_N2580,24,2580,random,,-0.021335775032639503,-0.00073537218850106,0.0446537621319294,22.400000000000002
L24_N2625,24,2625,random,,0.04662488400936127,0.001600394258275628,0.04447013884782791,48.9
L24_N2640,24,2640,random,,0.033201947808265686,0.0010725519387051463,0.04185178875923157,35.4
L24_N2686,24,2686,random,,0.0927700400352478,0.0033415125217288733,0.04666536673903465,80.7
L24_N2776,24,2776,random,,-0.11454585194587708,-0.0038656408432871103,0.04372214153409004,89.3
L24_N2783,24,2783,random,,0.0035438297782093287,0.00013089386629872024,0.047852616757154465,3.5999999999999996
L24_N2825,24,2825,random,,-0.09690520167350769,-0.00343424454331398,0.04591381922364235,83.1
L24_N3208,24,3208,random,,0.01815374381840229,0.0005692548002116382,0.04062559828162193,18.3
L24_N3251,24,3251,random,,0.012537000700831413,0.0004283327725715935,0.04426362365484238,12.6
L24_N3361,24,3361,random,,0.08177735656499863,0.0028942348435521126,0.045852180570364,75.6
L24_N3573,24,3573,random,,-0.0926094576716423,-0.003318848554044962,0.046429216861724854,80.5
L24_N3724,24,3724,random,,0.07493424415588379,0.002521852031350136,0.04360121116042137,71.6
L24_N3753,24,3753,random,,0.003714004997164011,0.0001331840321654454,0.046458903700113297,3.8
L24_N3966,24,3966,random,,0.04920785501599312,0.001622037380002439,0.04270568862557411,50.7
L24_N4049,24,4049,random,,0.04425264149904251,0.0014723935164511204,0.04310661926865578,46.400000000000006
L24_N4085,24,4085,random,,-0.04320550337433815,-0.0014285622164607048,0.042837027460336685,45.4
L24_N4090,24,4090,random,,-0.03513684123754501,-0.0011331895366311073,0.04178295284509659,36.7
L24_N4147,24,4147,random,,-0.015400566160678864,-0.000534093240275979,0.044930338859558105,16.0
L24_N4170,24,4170,random,,0.02901981770992279,0.0010920760687440634,0.04875481501221657,30.7
L24_N4252,24,4252,random,,-0.06051936000585556,-0.002016411628574133,0.04316623508930206,60.199999999999996
L24_N4293,24,4293,random,,-0.028507208451628685,-0.000987352803349495,0.04487215355038643,30.099999999999998
L24_N4535,24,4535,random,,-0.0017013277392834425,-5.250990579952486e-05,0.039986420422792435,1.7000000000000002
L24_N4634,24,4634,random,,-0.035659343004226685,-0.0011951876804232597,0.04342322424054146,37.6
L24_N4707,24,4707,random,,0.01644066348671913,0.0006313950871117413,0.049755506217479706,16.6
L24_N4860,24,4860,random,,0.03947364538908005,0.0013669882901012897,0.04486594349145889,41.6
L24_N4927,24,4927,random,,-0.05393179506063461,-0.0019594093319028616,0.0470694974064827,54.900000000000006
L24_N4943,24,4943,random,,0.05248216539621353,0.0017345609376206994,0.0428190603852272,53.900000000000006
L24_N5063,24,5063,random,,-0.01508286688476801,-0.0005134762614034116,0.044105805456638336,15.6
L24_N5064,24,5064,random,,0.18640586733818054,0.0050186337903141975,0.03488070145249367,99.1
L24_N5093,24,5093,random,,0.015954099595546722,0.0005372173618525267,0.04362516105175018,16.3
L24_N5176,24,5176,random,,0.010184373706579208,0.0003412430523894727,0.04340989515185356,9.700000000000001
L24_N5201,24,5201,random,,0.024372054263949394,0.0008484725258313119,0.04510294646024704,26.1
L24_N5900,24,5900,random,,0.06476404517889023,0.0022088540717959404,0.044186774641275406,63.800000000000004
L24_N5962,24,5962,random,,-0.12542498111724854,-0.004601114895194769,0.0475267693400383,92.2
L24_N6168,24,6168,random,,0.15174072980880737,0.005563906393945217,0.047504737973213196,96.8
L24_N6228,24,6228,random,,0.02802349254488945,0.0009677696507424116,0.04474133998155594,29.4
L24_N6260,24,6260,random,,-0.014588670805096626,-0.0005009806482121348,0.044490210711956024,15.1
L24_N6300,24,6300,random,,-0.02047402784228325,-0.0006357490201480687,0.040229227393865585,20.9
L24_N6353,24,6353,random,,-0.028905576094985008,-0.0008780734497122467,0.03935577720403671,30.4
L24_N6371,24,6371,random,,0.04256238415837288,0.0014821740332990885,0.04511619731783867,44.4
L24_N6515,24,6515,random,,0.04576953127980232,0.0015221004141494632,0.0430850051343441,47.8
L24_N6517,24,6517,random,,-0.04527876898646355,-0.001469921669922769,0.042058996856212616,47.199999999999996
L24_N6724,24,6724,random,,-0.035208821296691895,-0.0011497874511405826,0.042308274656534195,36.8
L24_N6901,24,6901,random,,0.020334873348474503,0.0006751430919393897,0.04301438108086586,20.8
L24_N6984,24,6984,random,,0.015303578227758408,0.0004902401124127209,0.041502587497234344,15.9
L24_N7045,24,7045,random,,0.08865093439817429,0.002678578719496727,0.03914536535739899,78.5
L24_N7142,24,7142,random,,0.04270319640636444,0.0014328218530863523,0.043470144271850586,44.7
L24_N7196,24,7196,random,,0.059274088591337204,0.0019971656147390604,0.04365243390202522,59.099999999999994
L24_N7226,24,7226,random,,0.00023527391022071242,7.187508799688658e-06,0.03957891836762428,0.2
L24_N7366,24,7366,random,,0.033119723200798035,0.0011176170082762837,0.04371853545308113,35.199999999999996
L24_N7410,24,7410,random,,-0.04546703025698662,-0.0015533531550318003,0.04426218941807747,47.4
L24_N7798,24,7798,random,,0.03708699718117714,0.001273419475182891,0.04448454827070236,39.300000000000004
L24_N7837,24,7837,random,,-0.07629241049289703,-0.0025327058974653482,0.04300932586193085,72.39999999999999
L24_N7874,24,7874,random,,0.05545521900057793,0.001729874755255878,0.04041397199034691,56.49999999999999
L24_N7891,24,7891,random,,-0.041743043810129166,-0.0014515832299366593,0.045052316039800644,44.2
L24_N7927,24,7927,random,,-0.02155306190252304,-0.0006706600543111563,0.040313705801963806,22.8
L24_N7957,24,7957,random,,-0.07483617216348648,-0.0025504115037620068,0.044152773916721344,71.39999999999999
L24_N8021,24,8021,random,,-0.10419899225234985,-0.003474033670499921,0.04319463670253754,86.8
L24_N8204,24,8204,random,,0.03749879077076912,0.0013167596189305186,0.045493412762880325,40.0
L24_N8212,24,8212,random,,0.03569696471095085,0.0010912278667092323,0.03960439935326576,37.7
L24_N8238,24,8238,random,,0.03970082849264145,0.0014323671348392963,0.04674273356795311,42.0
L24_N8609,24,8609,random,,-0.007797176018357277,-0.0002692519046831876,0.04473843052983284,7.3
L24_N8667,24,8667,random,,0.1229238286614418,0.003475699806585908,0.03663240745663643,91.4
L24_N8690,24,8690,random,,-0.05459323897957802,-0.0018925965996459126,0.04491366446018219,55.60000000000001
L24_N8698,24,8698,random,,-0.07740665227174759,-0.0020994122605770826,0.03513813763856888,73.1
L24_N8959,24,8959,random,,-0.08513084799051285,-0.0028233746998012066,0.04296758025884628,77.2
L24_N8993,24,8993,random,,0.034839220345020294,0.001176488702185452,0.04375005513429642,36.4
L24_N9115,24,9115,random,,0.019842058420181274,0.0006713572656735778,0.043835531920194626,20.4
L24_N9273,24,9273,random,,-0.04408229514956474,-0.0013736056862398982,0.040369853377342224,46.1
L24_N9336,24,9336,random,,0.010252341628074646,0.00032829566043801606,0.0414859801530838,9.8
L24_N9606,24,9606,random,,-0.03720592334866524,-0.0012243064120411873,0.04263215884566307,39.7
L24_N9626,24,9626,random,,-0.015791043639183044,-0.00043920674943365157,0.036034420132637024,16.2
L24_N9695,24,9695,random,,-0.021366048604249954,-0.0006968113593757153,0.04225229099392891,22.5
L24_N9883,24,9883,random,,0.06814432144165039,0.0023026394192129374,0.04377796873450279,65.8
L24_N9912,24,9912,random,,-0.02389814332127571,-0.0007826626533642411,0.04242967069149017,25.7
L24_N9956,24,9956,random,,-0.03285634517669678,-0.001113165752030909,0.04389346390962601,34.8
L24_N10106,24,10106,random,,-0.06425924599170685,-0.0021137306466698647,0.04261605814099312,63.3
L24_N10134,24,10134,random,,0.07422567158937454,0.00252051861025393,0.04399416223168373,70.89999999999999
L24_N10238,24,10238,random,,0.005645012948662043,0.0001905137178255245,0.043724071234464645,5.5
L24_N10366,24,10366,random,,0.03847213834524155,0.0013201305409893394,0.04445594176650047,40.6
L24_N10397,24,10397,random,,-0.009187307208776474,-0.00031077308813109994,0.043824244290590286,8.6
L24_N10559,24,10559,random,,0.03548666834831238,0.001148920156992972,0.041945356875658035,37.4
L24_N10590,24,10590,random,,-0.0353071428835392,-0.0011950080515816808,0.04384979233145714,37.0
L24_N10609,24,10609,random,,-0.13171081244945526,-0.004941651131957769,0.04860824719071388,93.7
L24_N10621,24,10621,random,,0.06532260775566101,0.002169582759961486,0.043030064553022385,64.1
L24_N10801,24,10801,random,,0.0018507312051951885,5.514448639587499e-05,0.03860273212194443,1.7999999999999998
L24_N10851,24,10851,random,,0.034686826169490814,0.0011082449927926064,0.04139333963394165,36.3
L24_N10878,24,10878,random,,0.004612715914845467,0.0001569904707139358,0.044093627482652664,4.3
L24_N10895,24,10895,random,,-0.03275560960173607,-0.0009281415259465575,0.03671029210090637,34.699999999999996
L24_N10983,24,10983,random,,-0.03877686336636543,-0.00128068751655519,0.04278876632452011,41.0
L24_N11264,24,11264,random,,0.041644539684057236,0.0014943690039217472,0.04648995026946068,43.9
L24_N11289,24,11289,random,,0.01783210225403309,0.000638218189124018,0.046368807554244995,17.9
L24_N11544,24,11544,random,,-0.009892245754599571,-0.0003336973604746163,0.0437036007642746,9.2
L24_N11561,24,11561,random,,-0.050391752272844315,-0.0016951692523434758,0.043582573533058167,52.2
L24_N11563,24,11563,random,,-0.009245188906788826,-0.0003294839698355645,0.04617190733551979,8.7
L24_N11605,24,11605,random,,-0.13674664497375488,-0.004567224998027086,0.04327080771327019,94.8
L24_N11753,24,11753,random,,0.08023464679718018,0.0027382695116102695,0.04421539604663849,74.9
L24_N11762,24,11762,random,,-0.0633423924446106,-0.002327037276700139,0.04759575054049492,62.6
L24_N11850,24,11850,random,,0.003872581524774432,0.00013188716548029333,0.044122617691755295,3.9
L24_N11854,24,11854,random,,-0.06696279346942902,-0.0024586596991866827,0.04756901413202286,65.0
L24_N11856,24,11856,random,,-0.05217687413096428,-0.0017142294673249125,0.0425647608935833,53.7
L24_N11955,24,11955,random,,0.04227345436811447,0.001503469655290246,0.04607721418142319,44.3
L24_N11985,24,11985,random,,-0.13733652234077454,-0.0048941452987492085,0.04616896063089371,94.89999999999999
L24_N11988,24,11988,random,,0.022172218188643456,0.0007569045992568135,0.04422738775610924,23.5
L24_N12044,24,12044,random,,0.0024662690702825785,8.260243339464068e-05,0.04339220002293587,2.5
L24_N12092,24,12092,random,,-0.10183402895927429,-0.003374119522050023,0.04292663559317589,85.2
L24_N12253,24,12253,random,,-0.0441293828189373,-0.0014657179126515985,0.04303103685379028,46.300000000000004
L24_N12344,24,12344,random,,0.09221342951059341,0.003276783972978592,0.046037621796131134,80.10000000000001
L24_N12418,24,12418,random,,-0.01453753188252449,-0.00048603556933812797,0.04331483319401741,15.0
L24_N12452,24,12452,random,,0.10164567083120346,0.003650577971711755,0.04652989283204079,85.0
L24_N12464,24,12464,random,,-0.05989871546626091,-0.002122935140505433,0.045917533338069916,59.4
L24_N12666,24,12666,random,,0.030313903465867043,0.001045242534019053,0.044671908020973206,31.900000000000002
L24_N13049,24,13049,random,,-0.03348004072904587,-0.00115801056381315,0.044811129570007324,35.699999999999996
L24_N13087,24,13087,random,,-0.01938052661716938,-0.0006138266180641949,0.041033580899238586,19.7
L24_N13096,24,13096,random,,0.0910787582397461,0.003122001187875867,0.044409435242414474,79.7
L24_N13121,24,13121,random,,0.009301073849201202,0.00031646693241782486,0.04408131539821625,8.799999999999999
L24_N13252,24,13252,random,,0.11001410335302353,0.004326805006712675,0.050953999161720276,88.3
L24_N13316,24,13316,random,,0.05030926689505577,0.0017343669896945357,0.0446634516119957,52.1
L24_N13369,24,13369,random,,0.01796998269855976,0.0006084485212340951,0.04386674985289574,18.2
L24_N13460,24,13460,random,,0.008704036474227905,0.0003126667579635978,0.04653934761881828,8.200000000000001
L24_N13502,24,13502,random,,0.06271617114543915,0.0020233988761901855,0.04179855436086655,62.0
L24_N13650,24,13650,random,,0.03531279414892197,0.001227855565957725,0.04504789412021637,37.1
L24_N13718,24,13718,random,,0.010291118174791336,0.0003812702198047191,0.047998715192079544,9.9
L24_N13733,24,13733,random,,-0.030536437407135963,-0.0011194583494216204,0.04749510437250137,32.1
L24_N13746,24,13746,random,,0.04508934170007706,0.0015266252448782325,0.04386496916413307,47.0
L24_N13865,24,13865,random,,-0.07105205953121185,-0.002218252746388316,0.04044768214225769,68.30000000000001
L24_N14038,24,14038,random,,-0.1025608628988266,-0.003639131085947156,0.04597008600831032,85.7
L24_N14066,24,14066,random,,0.04634062200784683,0.0016019875183701515,0.04478747397661209,48.4
L24_N14096,24,14096,random,,-0.0364786759018898,-0.0013810308882966638,0.04904825985431671,38.7
L24_N14239,24,14239,random,,-0.045884571969509125,-0.0015999312745407224,0.04517456516623497,47.9
L24_N14252,24,14252,random,,0.022364476695656776,0.000762907147873193,0.04419490322470665,24.099999999999998
L24_N14437,24,14437,random,,0.0365939624607563,0.0012402372667565942,0.043909113854169846,38.9
L24_N14700,24,14700,random,,0.060062896460294724,0.002047852147370577,0.044172462075948715,59.599999999999994
L24_N14709,24,14709,random,,-0.07202626019716263,-0.0024621589109301567,0.04428784176707268,69.3
L24_N14982,24,14982,random,,0.03543602675199509,0.0012058934662491083,0.04408828541636467,37.3
L24_N15222,24,15222,random,,-0.02201368659734726,-0.0006917065475136042,0.04070881009101868,23.200000000000003
L24_N15267,24,15267,random,,-0.05194927006959915,-0.00198738812468946,0.049563560634851456,53.6
L24_N15296,24,15296,random,,0.07461157441139221,0.0025064165238291025,0.04352174699306488,71.1
L24_N15337,24,15337,random,,0.12368685752153397,0.004364730790257454,0.04571862891316414,91.60000000000001
L24_N15420,24,15420,random,,0.040488261729478836,0.001416809856891632,0.04533584415912628,42.5
L24_N15488,24,15488,random,,0.013577451929450035,0.0004365815839264542,0.04165877029299736,13.8
L24_N15505,24,15505,random,,-0.0164234209805727,-0.000545728369615972,0.043049901723861694,16.5
L24_N15512,24,15512,random,,-0.049319859594106674,-0.00135336397215724,0.03555102273821831,51.0
L24_N15623,24,15623,random,,0.058057092130184174,0.0019148309947922826,0.04273015633225441,58.599999999999994
L24_N15870,24,15870,random,,-0.1600986272096634,-0.005812393967062235,0.04703560099005699,98.0
L24_N15947,24,15947,random,,-0.04769206419587135,-0.0014708915259689093,0.03995708376169205,49.7
L24_N16044,24,16044,random,,-0.024396684020757675,-0.0008223788463510573,0.043671730905771255,26.200000000000003
L24_N16180,24,16180,random,,-0.0914577916264534,-0.0032052788883447647,0.0454050712287426,79.9
L24_N16334,24,16334,random,,0.04033783823251724,0.000951381225604564,0.0305563323199749,42.3
L24_N16442,24,16442,random,,0.02328084409236908,0.000743311014957726,0.04136481508612633,24.6
L24_N16615,24,16615,random,,0.051770057529211044,0.0017346893437206745,0.0434112586081028,53.2
L24_N16626,24,16626,random,,-0.041647691279649734,-0.00146004231646657,0.04541860520839691,44.0
L24_N16633,24,16633,random,,0.019706640392541885,0.0006600077613256872,0.043390605598688126,20.1
L24_N17294,24,17294,random,,-0.10083360970020294,-0.00381285697221756,0.048989664763212204,84.5
L24_N17332,24,17332,random,,0.010018565692007542,0.00033247636747546494,0.0429946631193161,9.5
L24_N17385,24,17385,random,,0.047901079058647156,0.0016593202017247677,0.04487910494208336,50.0
L24_N17403,24,17403,random,,0.026089660823345184,0.0009108842350542545,0.0452328585088253,28.000000000000004
L24_N17481,24,17481,random,,0.05769526958465576,0.0019059701589867473,0.04279915615916252,58.4
L24_N17502,24,17502,random,,0.01319528091698885,0.00045212084660306573,0.04439102113246918,13.200000000000001
L24_N17643,24,17643,random,,0.0388120673596859,0.0012295005144551396,0.04104131460189819,41.099999999999994
L24_N17687,24,17687,random,,0.027791447937488556,0.0008410238078795373,0.03920634835958481,28.999999999999996
L24_N17765,24,17765,random,,-0.051788080483675,-0.0018817841773852706,0.04707597568631172,53.300000000000004
L24_N17807,24,17807,random,,0.02719089947640896,0.0008565861498937011,0.04081377387046814,28.7
L24_N17828,24,17828,random,,-0.00419872161000967,-0.00013862857304047793,0.042775485664606094,4.0
L24_N17895,24,17895,random,,-0.02523101307451725,-0.0008308961405418813,0.04266496002674103,27.3
L24_N18163,24,18163,random,,-0.00559546984732151,-0.000190261984243989,0.04405292496085167,5.4
L24_N18243,24,18243,random,,0.10377255827188492,0.003942398354411125,0.04921950399875641,86.2
L24_N18402,24,18402,random,,0.04695127531886101,0.0016933558508753777,0.04672615975141525,49.2
L24_N18404,24,18404,random,,0.0010068445699289441,3.526853834046051e-05,0.0453820638358593,1.0
L24_N18493,24,18493,random,,0.07344590127468109,0.0025701357517391443,0.04533647745847702,70.6
L24_N18648,24,18648,random,,-0.02224031277000904,-0.0007144815172068775,0.04162070155143738,23.799999999999997
L24_N18752,24,18752,random,,0.01245636772364378,0.00039393259794451296,0.04097224399447441,12.5
